formula,avg_Atomic_Radius,avg_Pauling_Electronegativity,avg_number_of_valence_electrons,avg_Cohesive_energy_ev_atom,avg_Bulk_modulus_RT_Gpa,avg_Elastic_modulus_RT_Gpa,avg_Shear_modulus_RT_Gpa,avg_Melting_point_(K),avg_rate_shear_mod_Mpa_perK,avg_Solid_Solubility_atpct,avg_lattice_constant_A,avg_BEC_percm3,avg_Av.Valence_bond_strength_ev,avg_EngelZ_e/a,range_Atomic_Radius,range_Pauling_Electronegativity,range_number_of_valence_electrons,range_Cohesive_energy_ev_atom,range_Bulk_modulus_RT_Gpa,range_Elastic_modulus_RT_Gpa,range_Shear_modulus_RT_Gpa,range_Melting_point_(K),range_rate_shear_mod_Mpa_perK,range_Solid_Solubility_atpct,range_lattice_constant_A,range_BEC_percm3,range_Av.Valence_bond_strength_ev,range_EngelZ_e/a,var_Atomic_Radius,var_Pauling_Electronegativity,var_number_of_valence_electrons,var_Cohesive_energy_ev_atom,var_Bulk_modulus_RT_Gpa,var_Elastic_modulus_RT_Gpa,var_Shear_modulus_RT_Gpa,var_Melting_point_(K),var_rate_shear_mod_Mpa_perK,var_Solid_Solubility_atpct,var_lattice_constant_A,var_BEC_percm3,var_Av.Valence_bond_strength_ev,var_EngelZ_e/a,Temp,hardness,concat_text
Al0.25 Co1 Fe1 Ni1,1.496923076923077,1.853076923076923,8.538461538461538,4.294615384615385,168.92307692307693,196.15384615384616,73.6923076923077,1703.3038461538463,-22.582446403076926,7.476923076923077,3.0500000000000003,4.970000000000001e-21,2.1570769230769233,5.707692307692308,0.3800000000000001,0.2999999999999998,7.0,1.0500000000000003,104.0,141.0,56.0,875.0000000000001,3.566097860000003,14.600000000000001,1.54,3.63e-21,0.6430000000000002,3.4000000000000004,0.022718750000000013,0.013818749999999984,7.25,0.183425,1916.75,3519.25,507.6875,131361.68750000003,1.9864362264492519,34.9525,0.35106875,2.2498187500000002e-42,0.05552918750000002,1.7400000000000002,25.0,138.0,"
    Formula: Al0.25 Co1 Fe1 Ni1
    avg_Atomic_Radius: 1.496923076923077
    avg_Pauling_Electronegativity: 1.853076923076923
    avg_number_of_valence_electrons: 8.538461538461538
    avg_Cohesive_energy_ev_atom: 4.294615384615385
    avg_Bulk_modulus_RT_Gpa: 168.92307692307693
    avg_Elastic_modulus_RT_Gpa: 196.15384615384616
    avg_Melting_point_(K): 1703.3038461538463
    avg_lattice_constant_A: 3.0500000000000003
    avg_BEC_percm3: 4.970000000000001e-21
    avg_Av.Valence_bond_strength_ev: 2.1570769230769233
    avg_EngelZ_e/a: 5.707692307692308
    Temperature: 25.0
    "
Al0.5 Co1 Fe1 Ni1,1.4742857142857142,1.8357142857142854,8.142857142857142,4.23,162.28571428571428,187.14285714285714,70.28571428571428,1648.2928571428572,-22.381331445714284,8.342857142857143,3.121428571428571,4.744285714285714e-21,2.181142857142857,5.514285714285714,0.3800000000000001,0.2999999999999998,7.0,1.0500000000000003,104.0,141.0,56.0,875.0000000000001,3.566097860000003,14.600000000000001,1.54,3.63e-21,0.6430000000000002,3.4000000000000004,0.022718750000000013,0.013818749999999984,7.25,0.183425,1916.75,3519.25,507.6875,131361.68750000003,1.9864362264492519,34.9525,0.35106875,2.2498187500000002e-42,0.05552918750000002,1.7400000000000002,25.0,212.0,"
    Formula: Al0.5 Co1 Fe1 Ni1
    avg_Atomic_Radius: 1.4742857142857142
    avg_Pauling_Electronegativity: 1.8357142857142854
    avg_number_of_valence_electrons: 8.142857142857142
    avg_Cohesive_energy_ev_atom: 4.23
    avg_Bulk_modulus_RT_Gpa: 162.28571428571428
    avg_Elastic_modulus_RT_Gpa: 187.14285714285714
    avg_Melting_point_(K): 1648.2928571428572
    avg_lattice_constant_A: 3.121428571428571
    avg_BEC_percm3: 4.744285714285714e-21
    avg_Av.Valence_bond_strength_ev: 2.181142857142857
    avg_EngelZ_e/a: 5.514285714285714
    Temperature: 25.0
    "
Al0.75 Co1 Fe1 Ni1,1.4546666666666666,1.8206666666666664,7.799999999999999,4.1739999999999995,156.53333333333333,179.33333333333334,67.33333333333333,1600.6166666666666,-22.207031815999997,9.093333333333334,3.1833333333333336,4.548666666666667e-21,2.202,5.346666666666668,0.3800000000000001,0.2999999999999998,7.0,1.0500000000000003,104.0,141.0,56.0,875.0000000000001,3.566097860000003,14.600000000000001,1.54,3.63e-21,0.6430000000000002,3.4000000000000004,0.022718750000000013,0.013818749999999984,7.25,0.183425,1916.75,3519.25,507.6875,131361.68750000003,1.9864362264492519,34.9525,0.35106875,2.2498187500000002e-42,0.05552918750000002,1.7400000000000002,25.0,385.0,"
    Formula: Al0.75 Co1 Fe1 Ni1
    avg_Atomic_Radius: 1.4546666666666666
    avg_Pauling_Electronegativity: 1.8206666666666664
    avg_number_of_valence_electrons: 7.799999999999999
    avg_Cohesive_energy_ev_atom: 4.1739999999999995
    avg_Bulk_modulus_RT_Gpa: 156.53333333333333
    avg_Elastic_modulus_RT_Gpa: 179.33333333333334
    avg_Melting_point_(K): 1600.6166666666666
    avg_lattice_constant_A: 3.1833333333333336
    avg_BEC_percm3: 4.548666666666667e-21
    avg_Av.Valence_bond_strength_ev: 2.202
    avg_EngelZ_e/a: 5.346666666666668
    Temperature: 25.0
    "
Al1 Co1 Fe1 Ni1,1.4375,1.8075,7.5,4.125,151.5,172.5,64.75,1558.9,-22.054519639999995,9.75,3.2375,4.3775000000000006e-21,2.22025,5.2,0.3800000000000001,0.2999999999999998,7.0,1.0500000000000003,104.0,141.0,56.0,875.0000000000001,3.566097860000003,14.600000000000001,1.54,3.63e-21,0.6430000000000002,3.4000000000000004,0.022718750000000013,0.013818749999999984,7.25,0.183425,1916.75,3519.25,507.6875,131361.68750000003,1.9864362264492519,34.9525,0.35106875,2.2498187500000002e-42,0.05552918750000002,1.7400000000000002,25.0,456.0,"
    Formula: Al1 Co1 Fe1 Ni1
    avg_Atomic_Radius: 1.4375
    avg_Pauling_Electronegativity: 1.8075
    avg_number_of_valence_electrons: 7.5
    avg_Cohesive_energy_ev_atom: 4.125
    avg_Bulk_modulus_RT_Gpa: 151.5
    avg_Elastic_modulus_RT_Gpa: 172.5
    avg_Melting_point_(K): 1558.9
    avg_lattice_constant_A: 3.2375
    avg_BEC_percm3: 4.3775000000000006e-21
    avg_Av.Valence_bond_strength_ev: 2.22025
    avg_EngelZ_e/a: 5.2
    Temperature: 25.0
    "
Co1 Fe1 Ni1,1.5233333333333332,1.873333333333333,9.0,4.369999999999999,176.66666666666666,206.66666666666666,77.66666666666666,1767.4833333333331,-22.817080519999998,6.466666666666667,2.966666666666667,5.2333333333333335e-21,2.129,5.933333333333333,0.07000000000000006,0.07999999999999985,2.0,0.16000000000000014,10.0,11.0,7.0,82.0,1.306978100000002,4.1,1.0100000000000002,5.799999999999998e-22,0.47299999999999986,1.0,0.0008222222222222236,0.0010888888888888843,0.6666666666666666,0.0044666666666666665,22.222222222222218,22.888888888888886,9.555555555555555,1120.888888888889,0.32258525244017033,3.4822222222222217,0.17468888888888898,6.995555555555548e-44,0.04073266666666667,0.16888888888888887,25.0,125.0,"
    Formula: Co1 Fe1 Ni1
    avg_Atomic_Radius: 1.5233333333333332
    avg_Pauling_Electronegativity: 1.873333333333333
    avg_number_of_valence_electrons: 9.0
    avg_Cohesive_energy_ev_atom: 4.369999999999999
    avg_Bulk_modulus_RT_Gpa: 176.66666666666666
    avg_Elastic_modulus_RT_Gpa: 206.66666666666666
    avg_Melting_point_(K): 1767.4833333333331
    avg_lattice_constant_A: 2.966666666666667
    avg_BEC_percm3: 5.2333333333333335e-21
    avg_Av.Valence_bond_strength_ev: 2.129
    avg_EngelZ_e/a: 5.933333333333333
    Temperature: 25.0
    "
Co1 Fe1 Ni1,1.5233333333333332,1.873333333333333,9.0,4.369999999999999,176.66666666666666,206.66666666666666,77.66666666666666,1767.4833333333331,-22.817080519999998,6.466666666666667,2.966666666666667,5.2333333333333335e-21,2.129,5.933333333333333,0.07000000000000006,0.07999999999999985,2.0,0.16000000000000014,10.0,11.0,7.0,82.0,1.306978100000002,4.1,1.0100000000000002,5.799999999999998e-22,0.47299999999999986,1.0,0.0008222222222222236,0.0010888888888888843,0.6666666666666666,0.0044666666666666665,22.222222222222218,22.888888888888886,9.555555555555555,1120.888888888889,0.32258525244017033,3.4822222222222217,0.17468888888888898,6.995555555555548e-44,0.04073266666666667,0.16888888888888887,25.0,125.0,"
    Formula: Co1 Fe1 Ni1
    avg_Atomic_Radius: 1.5233333333333332
    avg_Pauling_Electronegativity: 1.873333333333333
    avg_number_of_valence_electrons: 9.0
    avg_Cohesive_energy_ev_atom: 4.369999999999999
    avg_Bulk_modulus_RT_Gpa: 176.66666666666666
    avg_Elastic_modulus_RT_Gpa: 206.66666666666666
    avg_Melting_point_(K): 1767.4833333333331
    avg_lattice_constant_A: 2.966666666666667
    avg_BEC_percm3: 5.2333333333333335e-21
    avg_Av.Valence_bond_strength_ev: 2.129
    avg_EngelZ_e/a: 5.933333333333333
    Temperature: 25.0
    "
Co1 Fe1 Ni1 Si0.25,1.4915384615384617,1.8753846153846154,8.615384615384617,4.390000000000001,170.76923076923077,194.3846153846154,76.3076923076923,1760.996153846154,-22.515428172307693,6.2384615384615385,3.1561538461538463,4.984615384615385e-21,2.202538461538462,5.7846153846153845,0.44999999999999996,0.07999999999999985,6.0,0.34999999999999964,80.0,164.0,22.0,125.0,4.43733486,5.6,2.92,3.44e-21,1.234,2.4000000000000004,0.032649999999999985,0.0009499999999999961,5.1875,0.01602499999999998,1118.75,4797.1875,65.6875,2174.1875,3.1253157147187762,4.261875,1.2687687499999998,2.012675e-42,0.2019125,0.8275000000000001,25.0,149.0,"
    Formula: Co1 Fe1 Ni1 Si0.25
    avg_Atomic_Radius: 1.4915384615384617
    avg_Pauling_Electronegativity: 1.8753846153846154
    avg_number_of_valence_electrons: 8.615384615384617
    avg_Cohesive_energy_ev_atom: 4.390000000000001
    avg_Bulk_modulus_RT_Gpa: 170.76923076923077
    avg_Elastic_modulus_RT_Gpa: 194.3846153846154
    avg_Melting_point_(K): 1760.996153846154
    avg_lattice_constant_A: 3.1561538461538463
    avg_BEC_percm3: 4.984615384615385e-21
    avg_Av.Valence_bond_strength_ev: 2.202538461538462
    avg_EngelZ_e/a: 5.7846153846153845
    Temperature: 25.0
    "
Co1 Fe1 Ni1 Si0.5,1.4642857142857142,1.8771428571428568,8.285714285714285,4.407142857142857,165.7142857142857,183.85714285714286,75.14285714285714,1755.4357142857145,-22.256869017142858,6.042857142857143,3.3185714285714285,4.771428571428572e-21,2.2655714285714286,5.657142857142857,0.44999999999999996,0.07999999999999985,6.0,0.34999999999999964,80.0,164.0,22.0,125.0,4.43733486,5.6,2.92,3.44e-21,1.234,2.4000000000000004,0.032649999999999985,0.0009499999999999961,5.1875,0.01602499999999998,1118.75,4797.1875,65.6875,2174.1875,3.1253157147187762,4.261875,1.2687687499999998,2.012675e-42,0.2019125,0.8275000000000001,25.0,287.0,"
    Formula: Co1 Fe1 Ni1 Si0.5
    avg_Atomic_Radius: 1.4642857142857142
    avg_Pauling_Electronegativity: 1.8771428571428568
    avg_number_of_valence_electrons: 8.285714285714285
    avg_Cohesive_energy_ev_atom: 4.407142857142857
    avg_Bulk_modulus_RT_Gpa: 165.7142857142857
    avg_Elastic_modulus_RT_Gpa: 183.85714285714286
    avg_Melting_point_(K): 1755.4357142857145
    avg_lattice_constant_A: 3.3185714285714285
    avg_BEC_percm3: 4.771428571428572e-21
    avg_Av.Valence_bond_strength_ev: 2.2655714285714286
    avg_EngelZ_e/a: 5.657142857142857
    Temperature: 25.0
    "
Co1 Fe1 Ni1 Si0.75,1.4406666666666665,1.8786666666666667,7.999999999999999,4.422,161.33333333333334,174.73333333333335,74.13333333333333,1750.6166666666668,-22.032784416,5.873333333333333,3.4593333333333334,4.5866666666666666e-21,2.3202,5.546666666666667,0.44999999999999996,0.07999999999999985,6.0,0.34999999999999964,80.0,164.0,22.0,125.0,4.43733486,5.6,2.92,3.44e-21,1.234,2.4000000000000004,0.032649999999999985,0.0009499999999999961,5.1875,0.01602499999999998,1118.75,4797.1875,65.6875,2174.1875,3.1253157147187762,4.261875,1.2687687499999998,2.012675e-42,0.2019125,0.8275000000000001,25.0,570.0,"
    Formula: Co1 Fe1 Ni1 Si0.75
    avg_Atomic_Radius: 1.4406666666666665
    avg_Pauling_Electronegativity: 1.8786666666666667
    avg_number_of_valence_electrons: 7.999999999999999
    avg_Cohesive_energy_ev_atom: 4.422
    avg_Bulk_modulus_RT_Gpa: 161.33333333333334
    avg_Elastic_modulus_RT_Gpa: 174.73333333333335
    avg_Melting_point_(K): 1750.6166666666668
    avg_lattice_constant_A: 3.4593333333333334
    avg_BEC_percm3: 4.5866666666666666e-21
    avg_Av.Valence_bond_strength_ev: 2.3202
    avg_EngelZ_e/a: 5.546666666666667
    Temperature: 25.0
    "
Al0.25 Co1 Cr1 Fe1 Ni1,1.5352941176470587,1.8076470588235294,7.9411764705882355,4.248823529411765,166.8235294117647,215.64705882352942,83.41176470588235,1803.7382352941179,-23.391395256470588,11.599999999999998,3.01,4.986470588235295e-21,2.2034117647058826,5.776470588235294,0.48,0.2999999999999998,7.0,1.0500000000000003,104.0,209.0,89.0,1197.0,6.253642030000002,20.0,1.54,3.63e-21,0.6430000000000002,3.4000000000000004,0.026096,0.01453599999999999,6.16,0.14684,1544.96,4630.16,810.16,157301.60000000003,4.105762402460071,65.172,0.301304,1.8700800000000003e-42,0.047285600000000025,1.4944000000000002,25.0,110.0,"
    Formula: Al0.25 Co1 Cr1 Fe1 Ni1
    avg_Atomic_Radius: 1.5352941176470587
    avg_Pauling_Electronegativity: 1.8076470588235294
    avg_number_of_valence_electrons: 7.9411764705882355
    avg_Cohesive_energy_ev_atom: 4.248823529411765
    avg_Bulk_modulus_RT_Gpa: 166.8235294117647
    avg_Elastic_modulus_RT_Gpa: 215.64705882352942
    avg_Melting_point_(K): 1803.7382352941179
    avg_lattice_constant_A: 3.01
    avg_BEC_percm3: 4.986470588235295e-21
    avg_Av.Valence_bond_strength_ev: 2.2034117647058826
    avg_EngelZ_e/a: 5.776470588235294
    Temperature: 25.0
    "
Al0.25 Co1 Cr1 Fe1 Ni1,1.5352941176470587,1.8076470588235294,7.9411764705882355,4.248823529411765,166.8235294117647,215.64705882352942,83.41176470588235,1803.7382352941179,-23.391395256470588,11.599999999999998,3.01,4.986470588235295e-21,2.2034117647058826,5.776470588235294,0.48,0.2999999999999998,7.0,1.0500000000000003,104.0,209.0,89.0,1197.0,6.253642030000002,20.0,1.54,3.63e-21,0.6430000000000002,3.4000000000000004,0.026096,0.01453599999999999,6.16,0.14684,1544.96,4630.16,810.16,157301.60000000003,4.105762402460071,65.172,0.301304,1.8700800000000003e-42,0.047285600000000025,1.4944000000000002,25.0,113.0,"
    Formula: Al0.25 Co1 Cr1 Fe1 Ni1
    avg_Atomic_Radius: 1.5352941176470587
    avg_Pauling_Electronegativity: 1.8076470588235294
    avg_number_of_valence_electrons: 7.9411764705882355
    avg_Cohesive_energy_ev_atom: 4.248823529411765
    avg_Bulk_modulus_RT_Gpa: 166.8235294117647
    avg_Elastic_modulus_RT_Gpa: 215.64705882352942
    avg_Melting_point_(K): 1803.7382352941179
    avg_lattice_constant_A: 3.01
    avg_BEC_percm3: 4.986470588235295e-21
    avg_Av.Valence_bond_strength_ev: 2.2034117647058826
    avg_EngelZ_e/a: 5.776470588235294
    Temperature: 25.0
    "
Al0.375 Co1 Cr1 Fe1 Ni1,1.5251428571428571,1.802,7.8,4.224285714285714,164.22857142857143,211.4857142857143,81.77142857142857,1778.8642857142859,-23.287836449142855,11.828571428571427,3.039714285714286,4.895714285714286e-21,2.2117142857142857,5.6971428571428575,0.48,0.2999999999999998,7.0,1.0500000000000003,104.0,209.0,89.0,1197.0,6.253642030000002,20.0,1.54,3.63e-21,0.6430000000000002,3.4000000000000004,0.026096,0.01453599999999999,6.16,0.14684,1544.96,4630.16,810.16,157301.60000000003,4.105762402460071,65.172,0.301304,1.8700800000000003e-42,0.047285600000000025,1.4944000000000002,25.0,131.0,"
    Formula: Al0.375 Co1 Cr1 Fe1 Ni1
    avg_Atomic_Radius: 1.5251428571428571
    avg_Pauling_Electronegativity: 1.802
    avg_number_of_valence_electrons: 7.8
    avg_Cohesive_energy_ev_atom: 4.224285714285714
    avg_Bulk_modulus_RT_Gpa: 164.22857142857143
    avg_Elastic_modulus_RT_Gpa: 211.4857142857143
    avg_Melting_point_(K): 1778.8642857142859
    avg_lattice_constant_A: 3.039714285714286
    avg_BEC_percm3: 4.895714285714286e-21
    avg_Av.Valence_bond_strength_ev: 2.2117142857142857
    avg_EngelZ_e/a: 5.6971428571428575
    Temperature: 25.0
    "
Al0.375 Co1 Cr1 Fe1 Ni1,1.5251428571428571,1.802,7.8,4.224285714285714,164.22857142857143,211.4857142857143,81.77142857142857,1778.8642857142859,-23.287836449142855,11.828571428571427,3.039714285714286,4.895714285714286e-21,2.2117142857142857,5.6971428571428575,0.48,0.2999999999999998,7.0,1.0500000000000003,104.0,209.0,89.0,1197.0,6.253642030000002,20.0,1.54,3.63e-21,0.6430000000000002,3.4000000000000004,0.026096,0.01453599999999999,6.16,0.14684,1544.96,4630.16,810.16,157301.60000000003,4.105762402460071,65.172,0.301304,1.8700800000000003e-42,0.047285600000000025,1.4944000000000002,25.0,196.0,"
    Formula: Al0.375 Co1 Cr1 Fe1 Ni1
    avg_Atomic_Radius: 1.5251428571428571
    avg_Pauling_Electronegativity: 1.802
    avg_number_of_valence_electrons: 7.8
    avg_Cohesive_energy_ev_atom: 4.224285714285714
    avg_Bulk_modulus_RT_Gpa: 164.22857142857143
    avg_Elastic_modulus_RT_Gpa: 211.4857142857143
    avg_Melting_point_(K): 1778.8642857142859
    avg_lattice_constant_A: 3.039714285714286
    avg_BEC_percm3: 4.895714285714286e-21
    avg_Av.Valence_bond_strength_ev: 2.2117142857142857
    avg_EngelZ_e/a: 5.6971428571428575
    Temperature: 25.0
    "
Al0.5 Co1 Cr1 Fe1 Ni1,1.5155555555555555,1.7966666666666666,7.666666666666667,4.201111111111111,161.77777777777777,207.55555555555554,80.22222222222221,1755.3722222222223,-23.190030908888886,12.044444444444444,3.0677777777777777,4.8100000000000005e-21,2.2195555555555555,5.622222222222223,0.48,0.2999999999999998,7.0,1.0500000000000003,104.0,209.0,89.0,1197.0,6.253642030000002,20.0,1.54,3.63e-21,0.6430000000000002,3.4000000000000004,0.026096,0.01453599999999999,6.16,0.14684,1544.96,4630.16,810.16,157301.60000000003,4.105762402460071,65.172,0.301304,1.8700800000000003e-42,0.047285600000000025,1.4944000000000002,25.0,159.0,"
    Formula: Al0.5 Co1 Cr1 Fe1 Ni1
    avg_Atomic_Radius: 1.5155555555555555
    avg_Pauling_Electronegativity: 1.7966666666666666
    avg_number_of_valence_electrons: 7.666666666666667
    avg_Cohesive_energy_ev_atom: 4.201111111111111
    avg_Bulk_modulus_RT_Gpa: 161.77777777777777
    avg_Elastic_modulus_RT_Gpa: 207.55555555555554
    avg_Melting_point_(K): 1755.3722222222223
    avg_lattice_constant_A: 3.0677777777777777
    avg_BEC_percm3: 4.8100000000000005e-21
    avg_Av.Valence_bond_strength_ev: 2.2195555555555555
    avg_EngelZ_e/a: 5.622222222222223
    Temperature: 25.0
    "
Al0.5 Co1 Cr1 Fe1 Ni1,1.5155555555555555,1.7966666666666666,7.666666666666667,4.201111111111111,161.77777777777777,207.55555555555554,80.22222222222221,1755.3722222222223,-23.190030908888886,12.044444444444444,3.0677777777777777,4.8100000000000005e-21,2.2195555555555555,5.622222222222223,0.48,0.2999999999999998,7.0,1.0500000000000003,104.0,209.0,89.0,1197.0,6.253642030000002,20.0,1.54,3.63e-21,0.6430000000000002,3.4000000000000004,0.026096,0.01453599999999999,6.16,0.14684,1544.96,4630.16,810.16,157301.60000000003,4.105762402460071,65.172,0.301304,1.8700800000000003e-42,0.047285600000000025,1.4944000000000002,25.0,209.0,"
    Formula: Al0.5 Co1 Cr1 Fe1 Ni1
    avg_Atomic_Radius: 1.5155555555555555
    avg_Pauling_Electronegativity: 1.7966666666666666
    avg_number_of_valence_electrons: 7.666666666666667
    avg_Cohesive_energy_ev_atom: 4.201111111111111
    avg_Bulk_modulus_RT_Gpa: 161.77777777777777
    avg_Elastic_modulus_RT_Gpa: 207.55555555555554
    avg_Melting_point_(K): 1755.3722222222223
    avg_lattice_constant_A: 3.0677777777777777
    avg_BEC_percm3: 4.8100000000000005e-21
    avg_Av.Valence_bond_strength_ev: 2.2195555555555555
    avg_EngelZ_e/a: 5.622222222222223
    Temperature: 25.0
    "
Al0.75 Co1 Cr1 Fe1 Ni1,1.4978947368421052,1.7868421052631578,7.421052631578947,4.158421052631579,157.26315789473682,200.31578947368422,77.36842105263158,1712.0973684210526,-23.00986280842105,12.442105263157893,3.1194736842105257,4.6521052631578954e-21,2.234,5.484210526315789,0.48,0.2999999999999998,7.0,1.0500000000000003,104.0,209.0,89.0,1197.0,6.253642030000002,20.0,1.54,3.63e-21,0.6430000000000002,3.4000000000000004,0.026096,0.01453599999999999,6.16,0.14684,1544.96,4630.16,810.16,157301.60000000003,4.105762402460071,65.172,0.301304,1.8700800000000003e-42,0.047285600000000025,1.4944000000000002,25.0,388.0,"
    Formula: Al0.75 Co1 Cr1 Fe1 Ni1
    avg_Atomic_Radius: 1.4978947368421052
    avg_Pauling_Electronegativity: 1.7868421052631578
    avg_number_of_valence_electrons: 7.421052631578947
    avg_Cohesive_energy_ev_atom: 4.158421052631579
    avg_Bulk_modulus_RT_Gpa: 157.26315789473682
    avg_Elastic_modulus_RT_Gpa: 200.31578947368422
    avg_Melting_point_(K): 1712.0973684210526
    avg_lattice_constant_A: 3.1194736842105257
    avg_BEC_percm3: 4.6521052631578954e-21
    avg_Av.Valence_bond_strength_ev: 2.234
    avg_EngelZ_e/a: 5.484210526315789
    Temperature: 25.0
    "
Al0.75 Co1 Cr1 Fe1 Ni1,1.4978947368421052,1.7868421052631578,7.421052631578947,4.158421052631579,157.26315789473682,200.31578947368422,77.36842105263158,1712.0973684210526,-23.00986280842105,12.442105263157893,3.1194736842105257,4.6521052631578954e-21,2.234,5.484210526315789,0.48,0.2999999999999998,7.0,1.0500000000000003,104.0,209.0,89.0,1197.0,6.253642030000002,20.0,1.54,3.63e-21,0.6430000000000002,3.4000000000000004,0.026096,0.01453599999999999,6.16,0.14684,1544.96,4630.16,810.16,157301.60000000003,4.105762402460071,65.172,0.301304,1.8700800000000003e-42,0.047285600000000025,1.4944000000000002,25.0,280.0,"
    Formula: Al0.75 Co1 Cr1 Fe1 Ni1
    avg_Atomic_Radius: 1.4978947368421052
    avg_Pauling_Electronegativity: 1.7868421052631578
    avg_number_of_valence_electrons: 7.421052631578947
    avg_Cohesive_energy_ev_atom: 4.158421052631579
    avg_Bulk_modulus_RT_Gpa: 157.26315789473682
    avg_Elastic_modulus_RT_Gpa: 200.31578947368422
    avg_Melting_point_(K): 1712.0973684210526
    avg_lattice_constant_A: 3.1194736842105257
    avg_BEC_percm3: 4.6521052631578954e-21
    avg_Av.Valence_bond_strength_ev: 2.234
    avg_EngelZ_e/a: 5.484210526315789
    Temperature: 25.0
    "
Al0.875 Co1 Cr1 Fe1 Ni1,1.4897435897435898,1.7823076923076924,7.3076923076923075,4.138717948717948,155.17948717948718,196.97435897435895,76.05128205128204,1692.124358974359,-22.92670830051282,12.625641025641027,3.143333333333333,4.57923076923077e-21,2.2406666666666664,5.420512820512821,0.48,0.2999999999999998,7.0,1.0500000000000003,104.0,209.0,89.0,1197.0,6.253642030000002,20.0,1.54,3.63e-21,0.6430000000000002,3.4000000000000004,0.026096,0.01453599999999999,6.16,0.14684,1544.96,4630.16,810.16,157301.60000000003,4.105762402460071,65.172,0.301304,1.8700800000000003e-42,0.047285600000000025,1.4944000000000002,25.0,538.0,"
    Formula: Al0.875 Co1 Cr1 Fe1 Ni1
    avg_Atomic_Radius: 1.4897435897435898
    avg_Pauling_Electronegativity: 1.7823076923076924
    avg_number_of_valence_electrons: 7.3076923076923075
    avg_Cohesive_energy_ev_atom: 4.138717948717948
    avg_Bulk_modulus_RT_Gpa: 155.17948717948718
    avg_Elastic_modulus_RT_Gpa: 196.97435897435895
    avg_Melting_point_(K): 1692.124358974359
    avg_lattice_constant_A: 3.143333333333333
    avg_BEC_percm3: 4.57923076923077e-21
    avg_Av.Valence_bond_strength_ev: 2.2406666666666664
    avg_EngelZ_e/a: 5.420512820512821
    Temperature: 25.0
    "
Al0.875 Co1 Cr1 Fe1 Ni1,1.4897435897435898,1.7823076923076924,7.3076923076923075,4.138717948717948,155.17948717948718,196.97435897435895,76.05128205128204,1692.124358974359,-22.92670830051282,12.625641025641027,3.143333333333333,4.57923076923077e-21,2.2406666666666664,5.420512820512821,0.48,0.2999999999999998,7.0,1.0500000000000003,104.0,209.0,89.0,1197.0,6.253642030000002,20.0,1.54,3.63e-21,0.6430000000000002,3.4000000000000004,0.026096,0.01453599999999999,6.16,0.14684,1544.96,4630.16,810.16,157301.60000000003,4.105762402460071,65.172,0.301304,1.8700800000000003e-42,0.047285600000000025,1.4944000000000002,25.0,361.0,"
    Formula: Al0.875 Co1 Cr1 Fe1 Ni1
    avg_Atomic_Radius: 1.4897435897435898
    avg_Pauling_Electronegativity: 1.7823076923076924
    avg_number_of_valence_electrons: 7.3076923076923075
    avg_Cohesive_energy_ev_atom: 4.138717948717948
    avg_Bulk_modulus_RT_Gpa: 155.17948717948718
    avg_Elastic_modulus_RT_Gpa: 196.97435897435895
    avg_Melting_point_(K): 1692.124358974359
    avg_lattice_constant_A: 3.143333333333333
    avg_BEC_percm3: 4.57923076923077e-21
    avg_Av.Valence_bond_strength_ev: 2.2406666666666664
    avg_EngelZ_e/a: 5.420512820512821
    Temperature: 25.0
    "
Al1 Co0.8 Cr0.8 Fe0.8 Ni0.8,1.4676190476190474,1.77,7.0,4.085238095238095,149.52380952380952,187.9047619047619,72.47619047619048,1637.9119047619047,-22.701003207619046,13.123809523809523,3.208095238095238,4.381428571428571e-21,2.2587619047619047,5.247619047619048,0.48,0.2999999999999998,7.0,1.0500000000000003,104.0,209.0,89.0,1197.0,6.253642030000002,20.0,1.54,3.63e-21,0.6430000000000002,3.4000000000000004,0.026096,0.01453599999999999,6.16,0.14684,1544.96,4630.16,810.16,157301.60000000003,4.105762402460071,65.172,0.301304,1.8700800000000003e-42,0.047285600000000025,1.4944000000000002,25.0,487.0,"
    Formula: Al1 Co0.8 Cr0.8 Fe0.8 Ni0.8
    avg_Atomic_Radius: 1.4676190476190474
    avg_Pauling_Electronegativity: 1.77
    avg_number_of_valence_electrons: 7.0
    avg_Cohesive_energy_ev_atom: 4.085238095238095
    avg_Bulk_modulus_RT_Gpa: 149.52380952380952
    avg_Elastic_modulus_RT_Gpa: 187.9047619047619
    avg_Melting_point_(K): 1637.9119047619047
    avg_lattice_constant_A: 3.208095238095238
    avg_BEC_percm3: 4.381428571428571e-21
    avg_Av.Valence_bond_strength_ev: 2.2587619047619047
    avg_EngelZ_e/a: 5.247619047619048
    Temperature: 25.0
    "
Al1 Co0.8 Cr0.8 Fe0.8 Ni0.8,1.4676190476190474,1.77,7.0,4.085238095238095,149.52380952380952,187.9047619047619,72.47619047619048,1637.9119047619047,-22.701003207619046,13.123809523809523,3.208095238095238,4.381428571428571e-21,2.2587619047619047,5.247619047619048,0.48,0.2999999999999998,7.0,1.0500000000000003,104.0,209.0,89.0,1197.0,6.253642030000002,20.0,1.54,3.63e-21,0.6430000000000002,3.4000000000000004,0.026096,0.01453599999999999,6.16,0.14684,1544.96,4630.16,810.16,157301.60000000003,4.105762402460071,65.172,0.301304,1.8700800000000003e-42,0.047285600000000025,1.4944000000000002,25.0,499.0,"
    Formula: Al1 Co0.8 Cr0.8 Fe0.8 Ni0.8
    avg_Atomic_Radius: 1.4676190476190474
    avg_Pauling_Electronegativity: 1.77
    avg_number_of_valence_electrons: 7.0
    avg_Cohesive_energy_ev_atom: 4.085238095238095
    avg_Bulk_modulus_RT_Gpa: 149.52380952380952
    avg_Elastic_modulus_RT_Gpa: 187.9047619047619
    avg_Melting_point_(K): 1637.9119047619047
    avg_lattice_constant_A: 3.208095238095238
    avg_BEC_percm3: 4.381428571428571e-21
    avg_Av.Valence_bond_strength_ev: 2.2587619047619047
    avg_EngelZ_e/a: 5.247619047619048
    Temperature: 25.0
    "
Al1 Co0.667 Cr0.667 Fe0.667 Ni0.667,1.454582878953108,1.7627480916030536,6.8187022900763345,4.053726826608505,146.19138495092693,182.56079607415484,70.36968375136313,1605.9689749182114,-22.568013804124863,13.417339149400219,3.246254089422028,4.264880043620502e-21,2.2694239367502727,5.145747001090513,0.48,0.2999999999999998,7.0,1.0500000000000003,104.0,209.0,89.0,1197.0,6.253642030000002,20.0,1.54,3.63e-21,0.6430000000000002,3.4000000000000004,0.026096,0.01453599999999999,6.16,0.14684,1544.96,4630.16,810.16,157301.60000000003,4.105762402460071,65.172,0.301304,1.8700800000000003e-42,0.047285600000000025,1.4944000000000002,25.0,484.0,"
    Formula: Al1 Co0.667 Cr0.667 Fe0.667 Ni0.667
    avg_Atomic_Radius: 1.454582878953108
    avg_Pauling_Electronegativity: 1.7627480916030536
    avg_number_of_valence_electrons: 6.8187022900763345
    avg_Cohesive_energy_ev_atom: 4.053726826608505
    avg_Bulk_modulus_RT_Gpa: 146.19138495092693
    avg_Elastic_modulus_RT_Gpa: 182.56079607415484
    avg_Melting_point_(K): 1605.9689749182114
    avg_lattice_constant_A: 3.246254089422028
    avg_BEC_percm3: 4.264880043620502e-21
    avg_Av.Valence_bond_strength_ev: 2.2694239367502727
    avg_EngelZ_e/a: 5.145747001090513
    Temperature: 25.0
    "
Al1 Co0.667 Cr0.667 Fe0.667 Ni0.667,1.454582878953108,1.7627480916030536,6.8187022900763345,4.053726826608505,146.19138495092693,182.56079607415484,70.36968375136313,1605.9689749182114,-22.568013804124863,13.417339149400219,3.246254089422028,4.264880043620502e-21,2.2694239367502727,5.145747001090513,0.48,0.2999999999999998,7.0,1.0500000000000003,104.0,209.0,89.0,1197.0,6.253642030000002,20.0,1.54,3.63e-21,0.6430000000000002,3.4000000000000004,0.026096,0.01453599999999999,6.16,0.14684,1544.96,4630.16,810.16,157301.60000000003,4.105762402460071,65.172,0.301304,1.8700800000000003e-42,0.047285600000000025,1.4944000000000002,25.0,517.0,"
    Formula: Al1 Co0.667 Cr0.667 Fe0.667 Ni0.667
    avg_Atomic_Radius: 1.454582878953108
    avg_Pauling_Electronegativity: 1.7627480916030536
    avg_number_of_valence_electrons: 6.8187022900763345
    avg_Cohesive_energy_ev_atom: 4.053726826608505
    avg_Bulk_modulus_RT_Gpa: 146.19138495092693
    avg_Elastic_modulus_RT_Gpa: 182.56079607415484
    avg_Melting_point_(K): 1605.9689749182114
    avg_lattice_constant_A: 3.246254089422028
    avg_BEC_percm3: 4.264880043620502e-21
    avg_Av.Valence_bond_strength_ev: 2.2694239367502727
    avg_EngelZ_e/a: 5.145747001090513
    Temperature: 25.0
    "
Al1 Co0.5 Cr0.5 Fe0.5 Ni0.5,1.4316666666666664,1.7499999999999998,6.5,3.998333333333333,140.33333333333331,173.16666666666663,66.66666666666666,1549.8166666666666,-22.334232431666667,13.933333333333332,3.3133333333333335,4.0600000000000004e-21,2.2881666666666667,4.966666666666667,0.48,0.2999999999999998,7.0,1.0500000000000003,104.0,209.0,89.0,1197.0,6.253642030000002,20.0,1.54,3.63e-21,0.6430000000000002,3.4000000000000004,0.026096,0.01453599999999999,6.16,0.14684,1544.96,4630.16,810.16,157301.60000000003,4.105762402460071,65.172,0.301304,1.8700800000000003e-42,0.047285600000000025,1.4944000000000002,25.0,509.0,"
    Formula: Al1 Co0.5 Cr0.5 Fe0.5 Ni0.5
    avg_Atomic_Radius: 1.4316666666666664
    avg_Pauling_Electronegativity: 1.7499999999999998
    avg_number_of_valence_electrons: 6.5
    avg_Cohesive_energy_ev_atom: 3.998333333333333
    avg_Bulk_modulus_RT_Gpa: 140.33333333333331
    avg_Elastic_modulus_RT_Gpa: 173.16666666666663
    avg_Melting_point_(K): 1549.8166666666666
    avg_lattice_constant_A: 3.3133333333333335
    avg_BEC_percm3: 4.0600000000000004e-21
    avg_Av.Valence_bond_strength_ev: 2.2881666666666667
    avg_EngelZ_e/a: 4.966666666666667
    Temperature: 25.0
    "
Al1 Co0.5 Cr0.5 Fe0.5 Ni0.5,1.4316666666666664,1.7499999999999998,6.5,3.998333333333333,140.33333333333331,173.16666666666663,66.66666666666666,1549.8166666666666,-22.334232431666667,13.933333333333332,3.3133333333333335,4.0600000000000004e-21,2.2881666666666667,4.966666666666667,0.48,0.2999999999999998,7.0,1.0500000000000003,104.0,209.0,89.0,1197.0,6.253642030000002,20.0,1.54,3.63e-21,0.6430000000000002,3.4000000000000004,0.026096,0.01453599999999999,6.16,0.14684,1544.96,4630.16,810.16,157301.60000000003,4.105762402460071,65.172,0.301304,1.8700800000000003e-42,0.047285600000000025,1.4944000000000002,25.0,512.0,"
    Formula: Al1 Co0.5 Cr0.5 Fe0.5 Ni0.5
    avg_Atomic_Radius: 1.4316666666666664
    avg_Pauling_Electronegativity: 1.7499999999999998
    avg_number_of_valence_electrons: 6.5
    avg_Cohesive_energy_ev_atom: 3.998333333333333
    avg_Bulk_modulus_RT_Gpa: 140.33333333333331
    avg_Elastic_modulus_RT_Gpa: 173.16666666666663
    avg_Melting_point_(K): 1549.8166666666666
    avg_lattice_constant_A: 3.3133333333333335
    avg_BEC_percm3: 4.0600000000000004e-21
    avg_Av.Valence_bond_strength_ev: 2.2881666666666667
    avg_EngelZ_e/a: 4.966666666666667
    Temperature: 25.0
    "
Al1 Co1 Cr1 Fe1 Ni1,1.4820000000000002,1.778,7.200000000000001,4.12,153.2,193.8,74.80000000000001,1673.15,-22.847711518000004,12.8,3.166,4.510000000000001e-21,2.2470000000000003,5.360000000000001,0.48,0.2999999999999998,7.0,1.0500000000000003,104.0,209.0,89.0,1197.0,6.253642030000002,20.0,1.54,3.63e-21,0.6430000000000002,3.4000000000000004,0.026096,0.01453599999999999,6.16,0.14684,1544.96,4630.16,810.16,157301.60000000003,4.105762402460071,65.172,0.301304,1.8700800000000003e-42,0.047285600000000025,1.4944000000000002,25.0,484.0,"
    Formula: Al1 Co1 Cr1 Fe1 Ni1
    avg_Atomic_Radius: 1.4820000000000002
    avg_Pauling_Electronegativity: 1.778
    avg_number_of_valence_electrons: 7.200000000000001
    avg_Cohesive_energy_ev_atom: 4.12
    avg_Bulk_modulus_RT_Gpa: 153.2
    avg_Elastic_modulus_RT_Gpa: 193.8
    avg_Melting_point_(K): 1673.15
    avg_lattice_constant_A: 3.166
    avg_BEC_percm3: 4.510000000000001e-21
    avg_Av.Valence_bond_strength_ev: 2.2470000000000003
    avg_EngelZ_e/a: 5.360000000000001
    Temperature: 25.0
    "
Al1 Co1 Cr1 Fe1 Ni1,1.4820000000000002,1.778,7.200000000000001,4.12,153.2,193.8,74.80000000000001,1673.15,-22.847711518000004,12.8,3.166,4.510000000000001e-21,2.2470000000000003,5.360000000000001,0.48,0.2999999999999998,7.0,1.0500000000000003,104.0,209.0,89.0,1197.0,6.253642030000002,20.0,1.54,3.63e-21,0.6430000000000002,3.4000000000000004,0.026096,0.01453599999999999,6.16,0.14684,1544.96,4630.16,810.16,157301.60000000003,4.105762402460071,65.172,0.301304,1.8700800000000003e-42,0.047285600000000025,1.4944000000000002,25.0,433.0,"
    Formula: Al1 Co1 Cr1 Fe1 Ni1
    avg_Atomic_Radius: 1.4820000000000002
    avg_Pauling_Electronegativity: 1.778
    avg_number_of_valence_electrons: 7.200000000000001
    avg_Cohesive_energy_ev_atom: 4.12
    avg_Bulk_modulus_RT_Gpa: 153.2
    avg_Elastic_modulus_RT_Gpa: 193.8
    avg_Melting_point_(K): 1673.15
    avg_lattice_constant_A: 3.166
    avg_BEC_percm3: 4.510000000000001e-21
    avg_Av.Valence_bond_strength_ev: 2.2470000000000003
    avg_EngelZ_e/a: 5.360000000000001
    Temperature: 25.0
    "
Co1 Cr1 Fe1 Ni1,1.5575,1.82,8.25,4.3025,172.5,224.75,87.0,1858.15,-23.617930147499997,11.1,2.945,5.185000000000001e-21,2.18525,5.949999999999999,0.16999999999999993,0.25,4.0,0.34000000000000075,20.0,79.0,40.0,404.0,3.994522270000001,20.0,1.0100000000000002,5.799999999999998e-22,0.5030000000000001,1.0,0.004118749999999996,0.00935,2.1875,0.017018750000000048,68.75,998.1875,268.5,25502.0,2.166019316930795,67.015,0.13242500000000007,5.947499999999993e-44,0.040041687500000006,0.12749999999999997,25.0,116.0,"
    Formula: Co1 Cr1 Fe1 Ni1
    avg_Atomic_Radius: 1.5575
    avg_Pauling_Electronegativity: 1.82
    avg_number_of_valence_electrons: 8.25
    avg_Cohesive_energy_ev_atom: 4.3025
    avg_Bulk_modulus_RT_Gpa: 172.5
    avg_Elastic_modulus_RT_Gpa: 224.75
    avg_Melting_point_(K): 1858.15
    avg_lattice_constant_A: 2.945
    avg_BEC_percm3: 5.185000000000001e-21
    avg_Av.Valence_bond_strength_ev: 2.18525
    avg_EngelZ_e/a: 5.949999999999999
    Temperature: 25.0
    "
Co1 Cr1 Fe1 Ni1,1.5575,1.82,8.25,4.3025,172.5,224.75,87.0,1858.15,-23.617930147499997,11.1,2.945,5.185000000000001e-21,2.18525,5.949999999999999,0.16999999999999993,0.25,4.0,0.34000000000000075,20.0,79.0,40.0,404.0,3.994522270000001,20.0,1.0100000000000002,5.799999999999998e-22,0.5030000000000001,1.0,0.004118749999999996,0.00935,2.1875,0.017018750000000048,68.75,998.1875,268.5,25502.0,2.166019316930795,67.015,0.13242500000000007,5.947499999999993e-44,0.040041687500000006,0.12749999999999997,25.0,113.0,"
    Formula: Co1 Cr1 Fe1 Ni1
    avg_Atomic_Radius: 1.5575
    avg_Pauling_Electronegativity: 1.82
    avg_number_of_valence_electrons: 8.25
    avg_Cohesive_energy_ev_atom: 4.3025
    avg_Bulk_modulus_RT_Gpa: 172.5
    avg_Elastic_modulus_RT_Gpa: 224.75
    avg_Melting_point_(K): 1858.15
    avg_lattice_constant_A: 2.945
    avg_BEC_percm3: 5.185000000000001e-21
    avg_Av.Valence_bond_strength_ev: 2.18525
    avg_EngelZ_e/a: 5.949999999999999
    Temperature: 25.0
    "
Al0.5 Co1 Cr1 Fe1 Mo0.5 Ni1,1.554,1.8330000000000002,7.5,4.463,168.6,219.70000000000002,74.2,1868.8500000000004,-21.1688110756,20.84,3.0760000000000005,4.713000000000001e-21,2.4407,5.66,0.72,0.55,7.0,3.43,154.0,259.0,95.0,1957.0,23.042646454,95.0,1.54,3.63e-21,2.58,3.4000000000000004,0.04601388888888888,0.032380555555555565,5.333333333333333,1.1348666666666667,2106.6666666666665,6397.222222222223,1092.222222222222,336791.4722222223,58.25648105340215,1110.398888888889,0.2511222222222222,1.6207472222222223e-42,0.7018846666666666,1.3022222222222224,25.0,425.0,"
    Formula: Al0.5 Co1 Cr1 Fe1 Mo0.5 Ni1
    avg_Atomic_Radius: 1.554
    avg_Pauling_Electronegativity: 1.8330000000000002
    avg_number_of_valence_electrons: 7.5
    avg_Cohesive_energy_ev_atom: 4.463
    avg_Bulk_modulus_RT_Gpa: 168.6
    avg_Elastic_modulus_RT_Gpa: 219.70000000000002
    avg_Melting_point_(K): 1868.8500000000004
    avg_lattice_constant_A: 3.0760000000000005
    avg_BEC_percm3: 4.713000000000001e-21
    avg_Av.Valence_bond_strength_ev: 2.4407
    avg_EngelZ_e/a: 5.66
    Temperature: 25.0
    "
Al1 Co0.667 Cr0.667 Fe0.667 Mo0.333 Ni0.667,1.4916545863534116,1.7958110472381903,6.750562359410147,4.2839615096225945,153.16670832291928,194.7488127968008,66.17745563609098,1712.8503249187702,-20.937538835625592,20.623544113971505,3.2382429392651835,4.229517620594852e-21,2.4493301674581356,5.216845788552861,0.72,0.55,7.0,3.43,154.0,259.0,95.0,1957.0,23.042646454,95.0,1.54,3.63e-21,2.58,3.4000000000000004,0.04601388888888888,0.032380555555555565,5.333333333333333,1.1348666666666667,2106.6666666666665,6397.222222222223,1092.222222222222,336791.4722222223,58.25648105340215,1110.398888888889,0.2511222222222222,1.6207472222222223e-42,0.7018846666666666,1.3022222222222224,25.0,655.0,"
    Formula: Al1 Co0.667 Cr0.667 Fe0.667 Mo0.333 Ni0.667
    avg_Atomic_Radius: 1.4916545863534116
    avg_Pauling_Electronegativity: 1.7958110472381903
    avg_number_of_valence_electrons: 6.750562359410147
    avg_Cohesive_energy_ev_atom: 4.2839615096225945
    avg_Bulk_modulus_RT_Gpa: 153.16670832291928
    avg_Elastic_modulus_RT_Gpa: 194.7488127968008
    avg_Melting_point_(K): 1712.8503249187702
    avg_lattice_constant_A: 3.2382429392651835
    avg_BEC_percm3: 4.229517620594852e-21
    avg_Av.Valence_bond_strength_ev: 2.4493301674581356
    avg_EngelZ_e/a: 5.216845788552861
    Temperature: 25.0
    "
Al1 Co0.5 Cr0.5 Fe0.5 Mo0.25 Ni0.5,1.4676923076923076,1.7815384615384615,6.461538461538462,4.2153846153846155,147.23076923076923,185.15384615384616,63.07692307692309,1652.919230769231,-20.845278596615383,20.553846153846155,3.300769230769231,4.043076923076924e-21,2.4530000000000003,5.046153846153846,0.72,0.55,7.0,3.43,154.0,259.0,95.0,1957.0,23.042646454,95.0,1.54,3.63e-21,2.58,3.4000000000000004,0.04601388888888888,0.032380555555555565,5.333333333333333,1.1348666666666667,2106.6666666666665,6397.222222222223,1092.222222222222,336791.4722222223,58.25648105340215,1110.398888888889,0.2511222222222222,1.6207472222222223e-42,0.7018846666666666,1.3022222222222224,25.0,605.0,"
    Formula: Al1 Co0.5 Cr0.5 Fe0.5 Mo0.25 Ni0.5
    avg_Atomic_Radius: 1.4676923076923076
    avg_Pauling_Electronegativity: 1.7815384615384615
    avg_number_of_valence_electrons: 6.461538461538462
    avg_Cohesive_energy_ev_atom: 4.2153846153846155
    avg_Bulk_modulus_RT_Gpa: 147.23076923076923
    avg_Elastic_modulus_RT_Gpa: 185.15384615384616
    avg_Melting_point_(K): 1652.919230769231
    avg_lattice_constant_A: 3.300769230769231
    avg_BEC_percm3: 4.043076923076924e-21
    avg_Av.Valence_bond_strength_ev: 2.4530000000000003
    avg_EngelZ_e/a: 5.046153846153846
    Temperature: 25.0
    "
Al1 Co1 Cr1 Fe1 Mo0.5 Ni1,1.52,1.8127272727272725,7.09090909090909,4.365454545454546,160.1818181818182,206.0909090909091,69.81818181818183,1783.7863636363636,-21.04135888690909,20.72727272727273,3.1645454545454546,4.4490909090909095e-21,2.4455454545454547,5.418181818181818,0.72,0.55,7.0,3.43,154.0,259.0,95.0,1957.0,23.042646454,95.0,1.54,3.63e-21,2.58,3.4000000000000004,0.04601388888888888,0.032380555555555565,5.333333333333333,1.1348666666666667,2106.6666666666665,6397.222222222223,1092.222222222222,336791.4722222223,58.25648105340215,1110.398888888889,0.2511222222222222,1.6207472222222223e-42,0.7018846666666666,1.3022222222222224,25.0,715.0,"
    Formula: Al1 Co1 Cr1 Fe1 Mo0.5 Ni1
    avg_Atomic_Radius: 1.52
    avg_Pauling_Electronegativity: 1.8127272727272725
    avg_number_of_valence_electrons: 7.09090909090909
    avg_Cohesive_energy_ev_atom: 4.365454545454546
    avg_Bulk_modulus_RT_Gpa: 160.1818181818182
    avg_Elastic_modulus_RT_Gpa: 206.0909090909091
    avg_Melting_point_(K): 1783.7863636363636
    avg_lattice_constant_A: 3.1645454545454546
    avg_BEC_percm3: 4.4490909090909095e-21
    avg_Av.Valence_bond_strength_ev: 2.4455454545454547
    avg_EngelZ_e/a: 5.418181818181818
    Temperature: 25.0
    "
Co1 Cr1 Fe1 Mo0.5 Ni1,1.5955555555555554,1.8577777777777778,8.0,4.582222222222222,178.88888888888889,236.33333333333331,79.55555555555554,1972.8166666666666,-21.324585972888887,20.977777777777778,2.967777777777777,5.035555555555556e-21,2.4347777777777777,5.955555555555556,0.4099999999999999,0.5000000000000002,4.0,2.7200000000000006,70.0,129.0,95.0,1164.0,23.042646454,95.0,1.0100000000000002,1.6000000000000005e-21,2.58,1.0,0.02206399999999999,0.02597600000000002,2.56,1.0276640000000001,584.0,2537.44,933.0400000000002,190805.44,69.89499589531107,1318.1256,0.11266400000000003,3.3702400000000013e-43,0.83897624,0.10239999999999998,25.0,210.0,"
    Formula: Co1 Cr1 Fe1 Mo0.5 Ni1
    avg_Atomic_Radius: 1.5955555555555554
    avg_Pauling_Electronegativity: 1.8577777777777778
    avg_number_of_valence_electrons: 8.0
    avg_Cohesive_energy_ev_atom: 4.582222222222222
    avg_Bulk_modulus_RT_Gpa: 178.88888888888889
    avg_Elastic_modulus_RT_Gpa: 236.33333333333331
    avg_Melting_point_(K): 1972.8166666666666
    avg_lattice_constant_A: 2.967777777777777
    avg_BEC_percm3: 5.035555555555556e-21
    avg_Av.Valence_bond_strength_ev: 2.4347777777777777
    avg_EngelZ_e/a: 5.955555555555556
    Temperature: 25.0
    "
Al1 Co0.5 Cr0.5 Fe0.5 Ni0.5 Ti0.5,1.4785714285714284,1.72,6.142857142857142,4.12,135.99999999999997,165.0,63.42857142857142,1604.5785714285716,-20.771856432857142,26.228571428571428,3.261428571428571,3.8000000000000005e-21,2.379857142857143,4.828571428571428,0.5800000000000001,0.3699999999999999,7.0,1.4599999999999995,104.0,209.0,89.0,1197.0,14.622878590000001,95.0,1.54,3.63e-21,1.0790000000000002,3.4000000000000004,0.03248055555555556,0.019980555555555543,6.555555555555556,0.19638055555555547,1546.6666666666667,4699.13888888889,806.888888888889,140473.5555555556,21.630502515735937,1110.398888888889,0.25756666666666667,2.274080555555556e-42,0.1041948055555556,1.5022222222222226,25.0,643.0,"
    Formula: Al1 Co0.5 Cr0.5 Fe0.5 Ni0.5 Ti0.5
    avg_Atomic_Radius: 1.4785714285714284
    avg_Pauling_Electronegativity: 1.72
    avg_number_of_valence_electrons: 6.142857142857142
    avg_Cohesive_energy_ev_atom: 4.12
    avg_Bulk_modulus_RT_Gpa: 135.99999999999997
    avg_Elastic_modulus_RT_Gpa: 165.0
    avg_Melting_point_(K): 1604.5785714285716
    avg_lattice_constant_A: 3.261428571428571
    avg_BEC_percm3: 3.8000000000000005e-21
    avg_Av.Valence_bond_strength_ev: 2.379857142857143
    avg_EngelZ_e/a: 4.828571428571428
    Temperature: 25.0
    "
Al0.133 Co1 Cr0.667 Fe0.667 Ni1 Ti0.667,1.5695694242864053,1.780149975810353,7.596758587324624,4.379603289791969,160.51959361393324,198.96274794388003,76.2469762941461,1822.6091194968553,-21.351771306025636,24.758466376390903,2.9926342525399128,4.592397194000967e-21,2.3286761006289307,5.500193517174649,0.5800000000000001,0.3699999999999999,7.0,1.4599999999999995,104.0,209.0,89.0,1197.0,14.622878590000001,95.0,1.54,3.63e-21,1.0790000000000002,3.4000000000000004,0.03248055555555556,0.019980555555555543,6.555555555555556,0.19638055555555547,1546.6666666666667,4699.13888888889,806.888888888889,140473.5555555556,21.630502515735937,1110.398888888889,0.25756666666666667,2.274080555555556e-42,0.1041948055555556,1.5022222222222226,25.0,717.0,"
    Formula: Al0.133 Co1 Cr0.667 Fe0.667 Ni1 Ti0.667
    avg_Atomic_Radius: 1.5695694242864053
    avg_Pauling_Electronegativity: 1.780149975810353
    avg_number_of_valence_electrons: 7.596758587324624
    avg_Cohesive_energy_ev_atom: 4.379603289791969
    avg_Bulk_modulus_RT_Gpa: 160.51959361393324
    avg_Elastic_modulus_RT_Gpa: 198.96274794388003
    avg_Melting_point_(K): 1822.6091194968553
    avg_lattice_constant_A: 2.9926342525399128
    avg_BEC_percm3: 4.592397194000967e-21
    avg_Av.Valence_bond_strength_ev: 2.3286761006289307
    avg_EngelZ_e/a: 5.500193517174649
    Temperature: 25.0
    "
Al0.133 Co1 Cr0.667 Fe0.667 Ni1 Ti0.333,1.5528315789473683,1.8012578947368418,7.912894736842104,4.3382578947368415,164.95999999999995,206.25473684210525,79.08131578947368,1812.8931578947368,-22.226690534776317,18.145131578947368,2.9963815789473687,4.7991605263157896e-21,2.275822894736842,5.632052631578948,0.5800000000000001,0.3699999999999999,7.0,1.4599999999999995,104.0,209.0,89.0,1197.0,14.622878590000001,95.0,1.54,3.63e-21,1.0790000000000002,3.4000000000000004,0.03248055555555556,0.019980555555555543,6.555555555555556,0.19638055555555547,1546.6666666666667,4699.13888888889,806.888888888889,140473.5555555556,21.630502515735937,1110.398888888889,0.25756666666666667,2.274080555555556e-42,0.1041948055555556,1.5022222222222226,25.0,487.0,"
    Formula: Al0.133 Co1 Cr0.667 Fe0.667 Ni1 Ti0.333
    avg_Atomic_Radius: 1.5528315789473683
    avg_Pauling_Electronegativity: 1.8012578947368418
    avg_number_of_valence_electrons: 7.912894736842104
    avg_Cohesive_energy_ev_atom: 4.3382578947368415
    avg_Bulk_modulus_RT_Gpa: 164.95999999999995
    avg_Elastic_modulus_RT_Gpa: 206.25473684210525
    avg_Melting_point_(K): 1812.8931578947368
    avg_lattice_constant_A: 2.9963815789473687
    avg_BEC_percm3: 4.7991605263157896e-21
    avg_Av.Valence_bond_strength_ev: 2.275822894736842
    avg_EngelZ_e/a: 5.632052631578948
    Temperature: 25.0
    "
Co1 Cr0.667 Fe0.667 Ni1 Ti0.667,1.5825193701574607,1.785806048487878,7.749562609347663,4.4124993751562105,163.329167708073,203.24968757810544,77.91727068232942,1852.17624343914,-21.40445720022744,24.929942514371405,2.957485628592852,4.684888777805549e-21,2.3231804548862782,5.5833041739565115,0.27,0.3699999999999999,6.0,0.75,70.0,163.0,71.0,404.0,14.622878590000001,95.0,1.0100000000000002,3.2e-21,1.0790000000000002,2.4000000000000004,0.009855999999999998,0.020023999999999993,4.64,0.06157599999999998,680.0,2690.8,510.64,21301.6,25.626648759145763,1318.1256,0.10594400000000004,1.435264e-42,0.12077776000000004,0.7104000000000001,25.0,654.0,"
    Formula: Co1 Cr0.667 Fe0.667 Ni1 Ti0.667
    avg_Atomic_Radius: 1.5825193701574607
    avg_Pauling_Electronegativity: 1.785806048487878
    avg_number_of_valence_electrons: 7.749562609347663
    avg_Cohesive_energy_ev_atom: 4.4124993751562105
    avg_Bulk_modulus_RT_Gpa: 163.329167708073
    avg_Elastic_modulus_RT_Gpa: 203.24968757810544
    avg_Melting_point_(K): 1852.17624343914
    avg_lattice_constant_A: 2.957485628592852
    avg_BEC_percm3: 4.684888777805549e-21
    avg_Av.Valence_bond_strength_ev: 2.3231804548862782
    avg_EngelZ_e/a: 5.5833041739565115
    Temperature: 25.0
    "
Co1 Cr0.667 Fe0.667 Ni1 Ti0.333,1.5663539678211071,1.808194709571857,8.091082628851924,4.3726506681210795,168.1865284974093,211.19661848922826,81.00654485955822,1844.8009408235616,-22.31590802049359,18.09236433051541,2.9581674393236974,4.907575674938642e-21,2.267909735478593,5.727515680392692,0.27,0.3699999999999999,6.0,0.75,70.0,163.0,71.0,404.0,14.622878590000001,95.0,1.0100000000000002,3.2e-21,1.0790000000000002,2.4000000000000004,0.009855999999999998,0.020023999999999993,4.64,0.06157599999999998,680.0,2690.8,510.64,21301.6,25.626648759145763,1318.1256,0.10594400000000004,1.435264e-42,0.12077776000000004,0.7104000000000001,25.0,509.0,"
    Formula: Co1 Cr0.667 Fe0.667 Ni1 Ti0.333
    avg_Atomic_Radius: 1.5663539678211071
    avg_Pauling_Electronegativity: 1.808194709571857
    avg_number_of_valence_electrons: 8.091082628851924
    avg_Cohesive_energy_ev_atom: 4.3726506681210795
    avg_Bulk_modulus_RT_Gpa: 168.1865284974093
    avg_Elastic_modulus_RT_Gpa: 211.19661848922826
    avg_Melting_point_(K): 1844.8009408235616
    avg_lattice_constant_A: 2.9581674393236974
    avg_BEC_percm3: 4.907575674938642e-21
    avg_Av.Valence_bond_strength_ev: 2.267909735478593
    avg_EngelZ_e/a: 5.727515680392692
    Temperature: 25.0
    "
Al0.7 Co0.3 Cr1 Fe1 Ni1,1.4980000000000002,1.77275,7.199999999999999,4.1275,154.3,200.425,78.425,1712.025,-23.222584189499997,13.602500000000001,3.2144999999999997,4.5567500000000004e-21,2.2346000000000004,5.424999999999999,0.48,0.2999999999999998,7.0,1.0500000000000003,104.0,209.0,89.0,1197.0,6.253642030000002,20.0,1.54,3.63e-21,0.6430000000000002,3.4000000000000004,0.026096,0.01453599999999999,6.16,0.14684,1544.96,4630.16,810.16,157301.60000000003,4.105762402460071,65.172,0.301304,1.8700800000000003e-42,0.047285600000000025,1.4944000000000002,25.0,624.0,"
    Formula: Al0.7 Co0.3 Cr1 Fe1 Ni1
    avg_Atomic_Radius: 1.4980000000000002
    avg_Pauling_Electronegativity: 1.77275
    avg_number_of_valence_electrons: 7.199999999999999
    avg_Cohesive_energy_ev_atom: 4.1275
    avg_Bulk_modulus_RT_Gpa: 154.3
    avg_Elastic_modulus_RT_Gpa: 200.425
    avg_Melting_point_(K): 1712.025
    avg_lattice_constant_A: 3.2144999999999997
    avg_BEC_percm3: 4.5567500000000004e-21
    avg_Av.Valence_bond_strength_ev: 2.2346000000000004
    avg_EngelZ_e/a: 5.424999999999999
    Temperature: 25.0
    "
Al1 Co0.667 Cr0.667 Fe0.667 Ni0.667,1.454582878953108,1.7627480916030536,6.8187022900763345,4.053726826608505,146.19138495092693,182.56079607415484,70.36968375136313,1605.9689749182114,-22.568013804124863,13.417339149400219,3.246254089422028,4.264880043620502e-21,2.2694239367502727,5.145747001090513,0.48,0.2999999999999998,7.0,1.0500000000000003,104.0,209.0,89.0,1197.0,6.253642030000002,20.0,1.54,3.63e-21,0.6430000000000002,3.4000000000000004,0.026096,0.01453599999999999,6.16,0.14684,1544.96,4630.16,810.16,157301.60000000003,4.105762402460071,65.172,0.301304,1.8700800000000003e-42,0.047285600000000025,1.4944000000000002,25.0,402.0,"
    Formula: Al1 Co0.667 Cr0.667 Fe0.667 Ni0.667
    avg_Atomic_Radius: 1.454582878953108
    avg_Pauling_Electronegativity: 1.7627480916030536
    avg_number_of_valence_electrons: 6.8187022900763345
    avg_Cohesive_energy_ev_atom: 4.053726826608505
    avg_Bulk_modulus_RT_Gpa: 146.19138495092693
    avg_Elastic_modulus_RT_Gpa: 182.56079607415484
    avg_Melting_point_(K): 1605.9689749182114
    avg_lattice_constant_A: 3.246254089422028
    avg_BEC_percm3: 4.264880043620502e-21
    avg_Av.Valence_bond_strength_ev: 2.2694239367502727
    avg_EngelZ_e/a: 5.145747001090513
    Temperature: 25.0
    "
Al1 Co0.4 Cr0.4 Fe0.4 Ni0.4,1.4123076923076927,1.7392307692307694,6.230769230769232,3.951538461538462,135.38461538461542,165.23076923076928,63.538461538461554,1502.3807692307696,-22.13674047538462,14.369230769230773,3.3700000000000006,3.8869230769230785e-21,2.3040000000000007,4.815384615384617,0.48,0.2999999999999998,7.0,1.0500000000000003,104.0,209.0,89.0,1197.0,6.253642030000002,20.0,1.54,3.63e-21,0.6430000000000002,3.4000000000000004,0.026096,0.01453599999999999,6.16,0.14684,1544.96,4630.16,810.16,157301.60000000003,4.105762402460071,65.172,0.301304,1.8700800000000003e-42,0.047285600000000025,1.4944000000000002,25.0,487.0,"
    Formula: Al1 Co0.4 Cr0.4 Fe0.4 Ni0.4
    avg_Atomic_Radius: 1.4123076923076927
    avg_Pauling_Electronegativity: 1.7392307692307694
    avg_number_of_valence_electrons: 6.230769230769232
    avg_Cohesive_energy_ev_atom: 3.951538461538462
    avg_Bulk_modulus_RT_Gpa: 135.38461538461542
    avg_Elastic_modulus_RT_Gpa: 165.23076923076928
    avg_Melting_point_(K): 1502.3807692307696
    avg_lattice_constant_A: 3.3700000000000006
    avg_BEC_percm3: 3.8869230769230785e-21
    avg_Av.Valence_bond_strength_ev: 2.3040000000000007
    avg_EngelZ_e/a: 4.815384615384617
    Temperature: 25.0
    "
Al1 Co0.5 Cr0.5 Fe0.5 Ni0.5,1.4316666666666664,1.7499999999999998,6.5,3.998333333333333,140.33333333333331,173.16666666666663,66.66666666666666,1549.8166666666666,-22.334232431666667,13.933333333333332,3.3133333333333335,4.0600000000000004e-21,2.2881666666666667,4.966666666666667,0.48,0.2999999999999998,7.0,1.0500000000000003,104.0,209.0,89.0,1197.0,6.253642030000002,20.0,1.54,3.63e-21,0.6430000000000002,3.4000000000000004,0.026096,0.01453599999999999,6.16,0.14684,1544.96,4630.16,810.16,157301.60000000003,4.105762402460071,65.172,0.301304,1.8700800000000003e-42,0.047285600000000025,1.4944000000000002,25.0,432.0,"
    Formula: Al1 Co0.5 Cr0.5 Fe0.5 Ni0.5
    avg_Atomic_Radius: 1.4316666666666664
    avg_Pauling_Electronegativity: 1.7499999999999998
    avg_number_of_valence_electrons: 6.5
    avg_Cohesive_energy_ev_atom: 3.998333333333333
    avg_Bulk_modulus_RT_Gpa: 140.33333333333331
    avg_Elastic_modulus_RT_Gpa: 173.16666666666663
    avg_Melting_point_(K): 1549.8166666666666
    avg_lattice_constant_A: 3.3133333333333335
    avg_BEC_percm3: 4.0600000000000004e-21
    avg_Av.Valence_bond_strength_ev: 2.2881666666666667
    avg_EngelZ_e/a: 4.966666666666667
    Temperature: 25.0
    "
Al1 Co0.333 Cr0.333 Fe0.333 Ni0.333,1.395621783876501,1.729948542024014,5.998713550600344,3.9112049742710124,131.11921097770156,158.39065180102918,60.84219554030875,1461.4947684391082,-21.966517991625217,14.744939965694686,3.418842195540309,3.7377444253859354e-21,2.317647084048028,4.684991423670669,0.48,0.2999999999999998,7.0,1.0500000000000003,104.0,209.0,89.0,1197.0,6.253642030000002,20.0,1.54,3.63e-21,0.6430000000000002,3.4000000000000004,0.026096,0.01453599999999999,6.16,0.14684,1544.96,4630.16,810.16,157301.60000000003,4.105762402460071,65.172,0.301304,1.8700800000000003e-42,0.047285600000000025,1.4944000000000002,25.0,506.0,"
    Formula: Al1 Co0.333 Cr0.333 Fe0.333 Ni0.333
    avg_Atomic_Radius: 1.395621783876501
    avg_Pauling_Electronegativity: 1.729948542024014
    avg_number_of_valence_electrons: 5.998713550600344
    avg_Cohesive_energy_ev_atom: 3.9112049742710124
    avg_Bulk_modulus_RT_Gpa: 131.11921097770156
    avg_Elastic_modulus_RT_Gpa: 158.39065180102918
    avg_Melting_point_(K): 1461.4947684391082
    avg_lattice_constant_A: 3.418842195540309
    avg_BEC_percm3: 3.7377444253859354e-21
    avg_Av.Valence_bond_strength_ev: 2.317647084048028
    avg_EngelZ_e/a: 4.684991423670669
    Temperature: 25.0
    "
Al1 Co1 Cr1 Fe1 Ni1,1.4820000000000002,1.778,7.200000000000001,4.12,153.2,193.8,74.80000000000001,1673.15,-22.847711518000004,12.8,3.166,4.510000000000001e-21,2.2470000000000003,5.360000000000001,0.48,0.2999999999999998,7.0,1.0500000000000003,104.0,209.0,89.0,1197.0,6.253642030000002,20.0,1.54,3.63e-21,0.6430000000000002,3.4000000000000004,0.026096,0.01453599999999999,6.16,0.14684,1544.96,4630.16,810.16,157301.60000000003,4.105762402460071,65.172,0.301304,1.8700800000000003e-42,0.047285600000000025,1.4944000000000002,25.0,395.0,"
    Formula: Al1 Co1 Cr1 Fe1 Ni1
    avg_Atomic_Radius: 1.4820000000000002
    avg_Pauling_Electronegativity: 1.778
    avg_number_of_valence_electrons: 7.200000000000001
    avg_Cohesive_energy_ev_atom: 4.12
    avg_Bulk_modulus_RT_Gpa: 153.2
    avg_Elastic_modulus_RT_Gpa: 193.8
    avg_Melting_point_(K): 1673.15
    avg_lattice_constant_A: 3.166
    avg_BEC_percm3: 4.510000000000001e-21
    avg_Av.Valence_bond_strength_ev: 2.2470000000000003
    avg_EngelZ_e/a: 5.360000000000001
    Temperature: 25.0
    "
Al1 Cr1 Cu1 Fe1 Ni1,1.4680000000000002,1.7820000000000005,7.6,3.9400000000000004,145.2,178.0,69.4,1590.7500000000002,-22.571667812,12.86,3.3860000000000006,4.136e-21,2.2644,4.98,0.48,0.2999999999999998,8.0,1.0500000000000003,104.0,209.0,89.0,1197.0,6.253642030000002,20.0,1.1799999999999997,3.63e-21,0.6430000000000002,3.4000000000000004,0.025816000000000006,0.015415999999999989,8.24,0.17924,1372.16,5148.4,924.64,168804.64,4.864243370591835,64.2864,0.20626399999999992,1.7638640000000006e-42,0.047278640000000025,1.5856000000000006,25.0,342.0,"
    Formula: Al1 Cr1 Cu1 Fe1 Ni1
    avg_Atomic_Radius: 1.4680000000000002
    avg_Pauling_Electronegativity: 1.7820000000000005
    avg_number_of_valence_electrons: 7.6
    avg_Cohesive_energy_ev_atom: 3.9400000000000004
    avg_Bulk_modulus_RT_Gpa: 145.2
    avg_Elastic_modulus_RT_Gpa: 178.0
    avg_Melting_point_(K): 1590.7500000000002
    avg_lattice_constant_A: 3.3860000000000006
    avg_BEC_percm3: 4.136e-21
    avg_Av.Valence_bond_strength_ev: 2.2644
    avg_EngelZ_e/a: 4.98
    Temperature: 25.0
    "
Co1 Cr1 Cu1 Fe1 Ni1,1.5360000000000003,1.8360000000000003,8.8,4.14,166.0,205.8,79.2,1757.7500000000002,-23.023491764000003,10.0,3.078,4.854e-21,2.208,5.58,0.20999999999999996,0.25,5.0,0.9500000000000002,40.0,149.0,67.0,774.0,5.374740800000001,20.0,1.1,1.9100000000000005e-21,0.5030000000000001,2.3000000000000007,0.0051439999999999975,0.008503999999999998,2.96,0.11923999999999997,224.0,2234.9599999999996,458.16000000000014,60722.240000000005,3.146243420657009,58.452,0.17669600000000002,4.858240000000002e-43,0.0341036,0.6496000000000003,25.0,286.0,"
    Formula: Co1 Cr1 Cu1 Fe1 Ni1
    avg_Atomic_Radius: 1.5360000000000003
    avg_Pauling_Electronegativity: 1.8360000000000003
    avg_number_of_valence_electrons: 8.8
    avg_Cohesive_energy_ev_atom: 4.14
    avg_Bulk_modulus_RT_Gpa: 166.0
    avg_Elastic_modulus_RT_Gpa: 205.8
    avg_Melting_point_(K): 1757.7500000000002
    avg_lattice_constant_A: 3.078
    avg_BEC_percm3: 4.854e-21
    avg_Av.Valence_bond_strength_ev: 2.208
    avg_EngelZ_e/a: 5.58
    Temperature: 25.0
    "
Cr1 Cu1 Fe1 Mn1 Ni1,1.5540000000000003,1.77,8.4,3.846,154.0,203.60000000000002,68.20093363101279,1707.5500000000002,-21.28872344,20.72727272727273,4.354,4.886000000000001e-21,2.0450000000000004,5.74,0.20999999999999996,0.3599999999999999,5.0,1.5200000000000005,60.0,149.0,89.0,774.0,8.737094040000002,20.0,6.0200000000000005,2.0300000000000006e-21,0.9570000000000001,2.7,0.005864000000000003,0.020119999999999992,3.44,0.3179840000000001,464.0,2240.24,774.888888888889,69758.24,11.484732370025231,65.21225,5.239864000000001,5.2486400000000035e-43,0.1390756,0.8864000000000003,25.0,296.0,"
    Formula: Cr1 Cu1 Fe1 Mn1 Ni1
    avg_Atomic_Radius: 1.5540000000000003
    avg_Pauling_Electronegativity: 1.77
    avg_number_of_valence_electrons: 8.4
    avg_Cohesive_energy_ev_atom: 3.846
    avg_Bulk_modulus_RT_Gpa: 154.0
    avg_Elastic_modulus_RT_Gpa: 203.60000000000002
    avg_Melting_point_(K): 1707.5500000000002
    avg_lattice_constant_A: 4.354
    avg_BEC_percm3: 4.886000000000001e-21
    avg_Av.Valence_bond_strength_ev: 2.0450000000000004
    avg_EngelZ_e/a: 5.74
    Temperature: 25.0
    "
Cr1 Cu1 Fe1 Mo1 Ni1,1.612,1.8920000000000003,8.2,4.626,176.0,229.8,68.2,1982.15,-19.2138669272,28.94,3.2060000000000004,4.542e-21,2.6518,5.58,0.44999999999999996,0.5000000000000002,5.0,3.33,90.0,199.0,95.0,1534.0,23.042646454,95.0,0.7399999999999998,1.9100000000000005e-21,2.58,2.3000000000000007,0.025815999999999988,0.025976000000000016,4.16,1.3070240000000002,904.0,4692.56,1034.56,266811.2,68.79967726294228,1315.3103999999998,0.096824,5.3449600000000035e-43,0.82548776,0.6496000000000004,25.0,263.0,"
    Formula: Cr1 Cu1 Fe1 Mo1 Ni1
    avg_Atomic_Radius: 1.612
    avg_Pauling_Electronegativity: 1.8920000000000003
    avg_number_of_valence_electrons: 8.2
    avg_Cohesive_energy_ev_atom: 4.626
    avg_Bulk_modulus_RT_Gpa: 176.0
    avg_Elastic_modulus_RT_Gpa: 229.8
    avg_Melting_point_(K): 1982.15
    avg_lattice_constant_A: 3.2060000000000004
    avg_BEC_percm3: 4.542e-21
    avg_Av.Valence_bond_strength_ev: 2.6518
    avg_EngelZ_e/a: 5.58
    Temperature: 25.0
    "
Al1 Co1 Cr1 Fe1 Nb0.1 Ni1,1.491764705882353,1.7745098039215688,7.15686274509804,4.18764705882353,153.52941176470588,192.0588235294118,74.07843137254902,1694.0911764705884,-22.518935317607845,14.50980392156863,3.168627450980393,4.4754901960784325e-21,2.2808235294117654,5.352941176470589,0.8,0.30999999999999983,7.0,4.18,104.0,209.0,89.0,1808.0,19.940353732000002,95.0,1.54,3.63e-21,2.121,3.4000000000000004,0.056191666666666674,0.016513888888888877,5.805555555555556,1.7754916666666671,1326.6666666666667,4953.666666666667,863.2222222222221,289504.6666666667,42.47035028609644,1110.398888888889,0.25358055555555553,1.9886222222222228e-42,0.45268591666666663,1.2633333333333334,25.0,569.0,"
    Formula: Al1 Co1 Cr1 Fe1 Nb0.1 Ni1
    avg_Atomic_Radius: 1.491764705882353
    avg_Pauling_Electronegativity: 1.7745098039215688
    avg_number_of_valence_electrons: 7.15686274509804
    avg_Cohesive_energy_ev_atom: 4.18764705882353
    avg_Bulk_modulus_RT_Gpa: 153.52941176470588
    avg_Elastic_modulus_RT_Gpa: 192.0588235294118
    avg_Melting_point_(K): 1694.0911764705884
    avg_lattice_constant_A: 3.168627450980393
    avg_BEC_percm3: 4.4754901960784325e-21
    avg_Av.Valence_bond_strength_ev: 2.2808235294117654
    avg_EngelZ_e/a: 5.352941176470589
    Temperature: 25.0
    "
Al1 Co1 Cr1 Fe1 Nb0.25 Ni1,1.5057142857142856,1.7695238095238093,7.095238095238095,4.284285714285714,154.0,189.57142857142858,73.04761904761904,1724.0071428571428,-22.04925503133333,16.952380952380953,3.1723809523809523,4.426190476190476e-21,2.329142857142857,5.3428571428571425,0.8,0.30999999999999983,7.0,4.18,104.0,209.0,89.0,1808.0,19.940353732000002,95.0,1.54,3.63e-21,2.121,3.4000000000000004,0.056191666666666674,0.016513888888888877,5.805555555555556,1.7754916666666671,1326.6666666666667,4953.666666666667,863.2222222222221,289504.6666666667,42.47035028609644,1110.398888888889,0.25358055555555553,1.9886222222222228e-42,0.45268591666666663,1.2633333333333334,25.0,668.0,"
    Formula: Al1 Co1 Cr1 Fe1 Nb0.25 Ni1
    avg_Atomic_Radius: 1.5057142857142856
    avg_Pauling_Electronegativity: 1.7695238095238093
    avg_number_of_valence_electrons: 7.095238095238095
    avg_Cohesive_energy_ev_atom: 4.284285714285714
    avg_Bulk_modulus_RT_Gpa: 154.0
    avg_Elastic_modulus_RT_Gpa: 189.57142857142858
    avg_Melting_point_(K): 1724.0071428571428
    avg_lattice_constant_A: 3.1723809523809523
    avg_BEC_percm3: 4.426190476190476e-21
    avg_Av.Valence_bond_strength_ev: 2.329142857142857
    avg_EngelZ_e/a: 5.3428571428571425
    Temperature: 25.0
    "
Al1 Co1 Cr1 Fe1 Nb0.5 Ni1,1.5272727272727273,1.7618181818181817,7.0,4.4336363636363645,154.72727272727272,185.72727272727272,71.45454545454545,1770.240909090909,-21.323385498,20.72727272727273,3.178181818181818,4.350000000000001e-21,2.4038181818181816,5.327272727272728,0.8,0.30999999999999983,7.0,4.18,104.0,209.0,89.0,1808.0,19.940353732000002,95.0,1.54,3.63e-21,2.121,3.4000000000000004,0.056191666666666674,0.016513888888888877,5.805555555555556,1.7754916666666671,1326.6666666666667,4953.666666666667,863.2222222222221,289504.6666666667,42.47035028609644,1110.398888888889,0.25358055555555553,1.9886222222222228e-42,0.45268591666666663,1.2633333333333334,25.0,747.0,"
    Formula: Al1 Co1 Cr1 Fe1 Nb0.5 Ni1
    avg_Atomic_Radius: 1.5272727272727273
    avg_Pauling_Electronegativity: 1.7618181818181817
    avg_number_of_valence_electrons: 7.0
    avg_Cohesive_energy_ev_atom: 4.4336363636363645
    avg_Bulk_modulus_RT_Gpa: 154.72727272727272
    avg_Elastic_modulus_RT_Gpa: 185.72727272727272
    avg_Melting_point_(K): 1770.240909090909
    avg_lattice_constant_A: 3.178181818181818
    avg_BEC_percm3: 4.350000000000001e-21
    avg_Av.Valence_bond_strength_ev: 2.4038181818181816
    avg_EngelZ_e/a: 5.327272727272728
    Temperature: 25.0
    "
Al1 Co1 Cr1 Fe1 Ni1,1.4820000000000002,1.778,7.200000000000001,4.12,153.2,193.8,74.80000000000001,1673.15,-22.847711518000004,12.8,3.166,4.510000000000001e-21,2.2470000000000003,5.360000000000001,0.48,0.2999999999999998,7.0,1.0500000000000003,104.0,209.0,89.0,1197.0,6.253642030000002,20.0,1.54,3.63e-21,0.6430000000000002,3.4000000000000004,0.026096,0.01453599999999999,6.16,0.14684,1544.96,4630.16,810.16,157301.60000000003,4.105762402460071,65.172,0.301304,1.8700800000000003e-42,0.047285600000000025,1.4944000000000002,25.0,520.0,"
    Formula: Al1 Co1 Cr1 Fe1 Ni1
    avg_Atomic_Radius: 1.4820000000000002
    avg_Pauling_Electronegativity: 1.778
    avg_number_of_valence_electrons: 7.200000000000001
    avg_Cohesive_energy_ev_atom: 4.12
    avg_Bulk_modulus_RT_Gpa: 153.2
    avg_Elastic_modulus_RT_Gpa: 193.8
    avg_Melting_point_(K): 1673.15
    avg_lattice_constant_A: 3.166
    avg_BEC_percm3: 4.510000000000001e-21
    avg_Av.Valence_bond_strength_ev: 2.2470000000000003
    avg_EngelZ_e/a: 5.360000000000001
    Temperature: 25.0
    "
Al0.8 Co1 Cr1 Cu1 Fe1 Ni1,1.486896551724138,1.8048275862068968,8.0,4.036551724137931,153.58620689655174,187.0689655172414,71.86206896551724,1644.0120689655173,-22.574298003448277,11.324137931034484,3.212068965517241,4.4341379310344835e-21,2.247448275862069,5.224137931034483,0.48,0.2999999999999998,8.0,1.0500000000000003,104.0,209.0,89.0,1197.0,6.253642030000002,20.0,1.54,3.63e-21,0.6430000000000002,3.4000000000000004,0.021888888888888892,0.014180555555555545,7.138888888888888,0.17749166666666663,1311.6666666666667,4423.805555555556,774.888888888889,145041.47222222228,4.094897329975828,61.51,0.27846666666666664,1.691788888888889e-42,0.03978022222222224,1.4658333333333335,25.0,270.0,"
    Formula: Al0.8 Co1 Cr1 Cu1 Fe1 Ni1
    avg_Atomic_Radius: 1.486896551724138
    avg_Pauling_Electronegativity: 1.8048275862068968
    avg_number_of_valence_electrons: 8.0
    avg_Cohesive_energy_ev_atom: 4.036551724137931
    avg_Bulk_modulus_RT_Gpa: 153.58620689655174
    avg_Elastic_modulus_RT_Gpa: 187.0689655172414
    avg_Melting_point_(K): 1644.0120689655173
    avg_lattice_constant_A: 3.212068965517241
    avg_BEC_percm3: 4.4341379310344835e-21
    avg_Av.Valence_bond_strength_ev: 2.247448275862069
    avg_EngelZ_e/a: 5.224137931034483
    Temperature: 25.0
    "
Al1 Co0.5 Cr1 Fe1 Mo0.5 Ni1,1.52,1.806,6.9,4.363,158.2,205.80000000000004,69.30000000000001,1785.3500000000004,-20.9428990996,22.27,3.2300000000000004,4.354000000000002e-21,2.4689,5.360000000000001,0.72,0.55,7.0,3.43,154.0,259.0,95.0,1957.0,23.042646454,95.0,1.54,3.63e-21,2.58,3.4000000000000004,0.04601388888888888,0.032380555555555565,5.333333333333333,1.1348666666666667,2106.6666666666665,6397.222222222223,1092.222222222222,336791.4722222223,58.25648105340215,1110.398888888889,0.2511222222222222,1.6207472222222223e-42,0.7018846666666666,1.3022222222222224,25.0,801.0,"
    Formula: Al1 Co0.5 Cr1 Fe1 Mo0.5 Ni1
    avg_Atomic_Radius: 1.52
    avg_Pauling_Electronegativity: 1.806
    avg_number_of_valence_electrons: 6.9
    avg_Cohesive_energy_ev_atom: 4.363
    avg_Bulk_modulus_RT_Gpa: 158.2
    avg_Elastic_modulus_RT_Gpa: 205.80000000000004
    avg_Melting_point_(K): 1785.3500000000004
    avg_lattice_constant_A: 3.2300000000000004
    avg_BEC_percm3: 4.354000000000002e-21
    avg_Av.Valence_bond_strength_ev: 2.4689
    avg_EngelZ_e/a: 5.360000000000001
    Temperature: 25.0
    "
Al0.667 Co1 Cr0.667 Fe0.667 Mo0.333 Ni0.667,1.5199525118720318,1.8182829292676828,7.249937515621094,4.367190702324418,161.822544363909,206.3176705823544,70.25568607848038,1782.346700824794,-21.125563549467135,19.433366658335412,3.110069982504374,4.5283104223944014e-21,2.425859535116221,5.466533366658336,0.72,0.55,7.0,3.43,154.0,259.0,95.0,1957.0,23.042646454,95.0,1.54,3.63e-21,2.58,3.4000000000000004,0.04601388888888888,0.032380555555555565,5.333333333333333,1.1348666666666667,2106.6666666666665,6397.222222222223,1092.222222222222,336791.4722222223,58.25648105340215,1110.398888888889,0.2511222222222222,1.6207472222222223e-42,0.7018846666666666,1.3022222222222224,25.0,741.0,"
    Formula: Al0.667 Co1 Cr0.667 Fe0.667 Mo0.333 Ni0.667
    avg_Atomic_Radius: 1.5199525118720318
    avg_Pauling_Electronegativity: 1.8182829292676828
    avg_number_of_valence_electrons: 7.249937515621094
    avg_Cohesive_energy_ev_atom: 4.367190702324418
    avg_Bulk_modulus_RT_Gpa: 161.822544363909
    avg_Elastic_modulus_RT_Gpa: 206.3176705823544
    avg_Melting_point_(K): 1782.346700824794
    avg_lattice_constant_A: 3.110069982504374
    avg_BEC_percm3: 4.5283104223944014e-21
    avg_Av.Valence_bond_strength_ev: 2.425859535116221
    avg_EngelZ_e/a: 5.466533366658336
    Temperature: 25.0
    "
Al0.5 Co1 Cr0.5 Fe0.5 Mo0.25 Ni0.5,1.52,1.823076923076923,7.384615384615385,4.36923076923077,163.23076923076923,206.53846153846155,70.61538461538461,1781.3807692307691,-21.19283548276923,18.353846153846156,3.0638461538461534,4.595384615384616e-21,2.409615384615385,5.507692307692308,0.72,0.55,7.0,3.43,154.0,259.0,95.0,1957.0,23.042646454,95.0,1.54,3.63e-21,2.58,3.4000000000000004,0.04601388888888888,0.032380555555555565,5.333333333333333,1.1348666666666667,2106.6666666666665,6397.222222222223,1092.222222222222,336791.4722222223,58.25648105340215,1110.398888888889,0.2511222222222222,1.6207472222222223e-42,0.7018846666666666,1.3022222222222224,25.0,586.0,"
    Formula: Al0.5 Co1 Cr0.5 Fe0.5 Mo0.25 Ni0.5
    avg_Atomic_Radius: 1.52
    avg_Pauling_Electronegativity: 1.823076923076923
    avg_number_of_valence_electrons: 7.384615384615385
    avg_Cohesive_energy_ev_atom: 4.36923076923077
    avg_Bulk_modulus_RT_Gpa: 163.23076923076923
    avg_Elastic_modulus_RT_Gpa: 206.53846153846155
    avg_Melting_point_(K): 1781.3807692307691
    avg_lattice_constant_A: 3.0638461538461534
    avg_BEC_percm3: 4.595384615384616e-21
    avg_Av.Valence_bond_strength_ev: 2.409615384615385
    avg_EngelZ_e/a: 5.507692307692308
    Temperature: 25.0
    "
Al1 Co1 Cr1 Fe1 Mo0.5 Ni1,1.52,1.8127272727272725,7.09090909090909,4.365454545454546,160.1818181818182,206.0909090909091,69.81818181818183,1783.7863636363636,-21.04135888690909,20.72727272727273,3.1645454545454546,4.4490909090909095e-21,2.4455454545454547,5.418181818181818,0.72,0.55,7.0,3.43,154.0,259.0,95.0,1957.0,23.042646454,95.0,1.54,3.63e-21,2.58,3.4000000000000004,0.04601388888888888,0.032380555555555565,5.333333333333333,1.1348666666666667,2106.6666666666665,6397.222222222223,1092.222222222222,336791.4722222223,58.25648105340215,1110.398888888889,0.2511222222222222,1.6207472222222223e-42,0.7018846666666666,1.3022222222222224,25.0,796.0,"
    Formula: Al1 Co1 Cr1 Fe1 Mo0.5 Ni1
    avg_Atomic_Radius: 1.52
    avg_Pauling_Electronegativity: 1.8127272727272725
    avg_number_of_valence_electrons: 7.09090909090909
    avg_Cohesive_energy_ev_atom: 4.365454545454546
    avg_Bulk_modulus_RT_Gpa: 160.1818181818182
    avg_Elastic_modulus_RT_Gpa: 206.0909090909091
    avg_Melting_point_(K): 1783.7863636363636
    avg_lattice_constant_A: 3.1645454545454546
    avg_BEC_percm3: 4.4490909090909095e-21
    avg_Av.Valence_bond_strength_ev: 2.4455454545454547
    avg_EngelZ_e/a: 5.418181818181818
    Temperature: 25.0
    "
Al1 Co1 Cr1 Fe1 Mo0.5 Ni1,1.52,1.8127272727272725,7.09090909090909,4.365454545454546,160.1818181818182,206.0909090909091,69.81818181818183,1783.7863636363636,-21.04135888690909,20.72727272727273,3.1645454545454546,4.4490909090909095e-21,2.4455454545454547,5.418181818181818,0.72,0.55,7.0,3.43,154.0,259.0,95.0,1957.0,23.042646454,95.0,1.54,3.63e-21,2.58,3.4000000000000004,0.04601388888888888,0.032380555555555565,5.333333333333333,1.1348666666666667,2106.6666666666665,6397.222222222223,1092.222222222222,336791.4722222223,58.25648105340215,1110.398888888889,0.2511222222222222,1.6207472222222223e-42,0.7018846666666666,1.3022222222222224,25.0,755.0,"
    Formula: Al1 Co1 Cr1 Fe1 Mo0.5 Ni1
    avg_Atomic_Radius: 1.52
    avg_Pauling_Electronegativity: 1.8127272727272725
    avg_number_of_valence_electrons: 7.09090909090909
    avg_Cohesive_energy_ev_atom: 4.365454545454546
    avg_Bulk_modulus_RT_Gpa: 160.1818181818182
    avg_Elastic_modulus_RT_Gpa: 206.0909090909091
    avg_Melting_point_(K): 1783.7863636363636
    avg_lattice_constant_A: 3.1645454545454546
    avg_BEC_percm3: 4.4490909090909095e-21
    avg_Av.Valence_bond_strength_ev: 2.4455454545454547
    avg_EngelZ_e/a: 5.418181818181818
    Temperature: 25.0
    "
Al1 Co1 Cr1 Fe0.6 Mo0.5 Ni1,1.5168627450980394,1.811372549019608,7.019607843137257,4.372156862745099,159.41176470588238,205.7058823529412,68.86274509803923,1781.8754901960788,-20.861627438039218,21.63921568627451,3.1876470588235293,4.3713725490196084e-21,2.4921764705882357,5.341176470588236,0.72,0.55,7.0,3.43,154.0,259.0,95.0,1957.0,23.042646454,95.0,1.54,3.63e-21,2.58,3.4000000000000004,0.04601388888888888,0.032380555555555565,5.333333333333333,1.1348666666666667,2106.6666666666665,6397.222222222223,1092.222222222222,336791.4722222223,58.25648105340215,1110.398888888889,0.2511222222222222,1.6207472222222223e-42,0.7018846666666666,1.3022222222222224,25.0,754.0,"
    Formula: Al1 Co1 Cr1 Fe0.6 Mo0.5 Ni1
    avg_Atomic_Radius: 1.5168627450980394
    avg_Pauling_Electronegativity: 1.811372549019608
    avg_number_of_valence_electrons: 7.019607843137257
    avg_Cohesive_energy_ev_atom: 4.372156862745099
    avg_Bulk_modulus_RT_Gpa: 159.41176470588238
    avg_Elastic_modulus_RT_Gpa: 205.7058823529412
    avg_Melting_point_(K): 1781.8754901960788
    avg_lattice_constant_A: 3.1876470588235293
    avg_BEC_percm3: 4.3713725490196084e-21
    avg_Av.Valence_bond_strength_ev: 2.4921764705882357
    avg_EngelZ_e/a: 5.341176470588236
    Temperature: 25.0
    "
Al0.667 Co0.667 Cr0.667 Fe1 Mo0.333 Ni0.667,1.523281679580105,1.8141214696325916,7.16670832291927,4.358035491127218,160.99025243689076,206.48412896775804,70.83829042739315,1785.6758685328668,-21.234342281609095,19.749637590602347,3.1400324918770304,4.5316395901024746e-21,2.3958137965508626,5.499825043739065,0.72,0.55,7.0,3.43,154.0,259.0,95.0,1957.0,23.042646454,95.0,1.54,3.63e-21,2.58,3.4000000000000004,0.04601388888888888,0.032380555555555565,5.333333333333333,1.1348666666666667,2106.6666666666665,6397.222222222223,1092.222222222222,336791.4722222223,58.25648105340215,1110.398888888889,0.2511222222222222,1.6207472222222223e-42,0.7018846666666666,1.3022222222222224,25.0,635.0,"
    Formula: Al0.667 Co0.667 Cr0.667 Fe1 Mo0.333 Ni0.667
    avg_Atomic_Radius: 1.523281679580105
    avg_Pauling_Electronegativity: 1.8141214696325916
    avg_number_of_valence_electrons: 7.16670832291927
    avg_Cohesive_energy_ev_atom: 4.358035491127218
    avg_Bulk_modulus_RT_Gpa: 160.99025243689076
    avg_Elastic_modulus_RT_Gpa: 206.48412896775804
    avg_Melting_point_(K): 1785.6758685328668
    avg_lattice_constant_A: 3.1400324918770304
    avg_BEC_percm3: 4.5316395901024746e-21
    avg_Av.Valence_bond_strength_ev: 2.3958137965508626
    avg_EngelZ_e/a: 5.499825043739065
    Temperature: 25.0
    "
Al0.5 Co0.5 Cr0.5 Fe1 Mo0.25 Ni0.5,1.526153846153846,1.8153846153846156,7.230769230769231,4.352307692307693,161.69230769230768,206.84615384615387,71.69230769230771,1787.5346153846153,-21.393909036615387,18.938461538461542,3.1192307692307697,4.601538461538463e-21,2.354076923076923,5.569230769230769,0.72,0.55,7.0,3.43,154.0,259.0,95.0,1957.0,23.042646454,95.0,1.54,3.63e-21,2.58,3.4000000000000004,0.04601388888888888,0.032380555555555565,5.333333333333333,1.1348666666666667,2106.6666666666665,6397.222222222223,1092.222222222222,336791.4722222223,58.25648105340215,1110.398888888889,0.2511222222222222,1.6207472222222223e-42,0.7018846666666666,1.3022222222222224,25.0,639.0,"
    Formula: Al0.5 Co0.5 Cr0.5 Fe1 Mo0.25 Ni0.5
    avg_Atomic_Radius: 1.526153846153846
    avg_Pauling_Electronegativity: 1.8153846153846156
    avg_number_of_valence_electrons: 7.230769230769231
    avg_Cohesive_energy_ev_atom: 4.352307692307693
    avg_Bulk_modulus_RT_Gpa: 161.69230769230768
    avg_Elastic_modulus_RT_Gpa: 206.84615384615387
    avg_Melting_point_(K): 1787.5346153846153
    avg_lattice_constant_A: 3.1192307692307697
    avg_BEC_percm3: 4.601538461538463e-21
    avg_Av.Valence_bond_strength_ev: 2.354076923076923
    avg_EngelZ_e/a: 5.569230769230769
    Temperature: 25.0
    "
Al1 Co1 Cr1 Fe1 Mo0.5,1.5266666666666666,1.791111111111111,6.444444444444445,4.348888888888888,155.77777777777777,207.44444444444443,68.44444444444446,1796.5944444444444,-20.585583097333334,24.22222222222222,3.085555555555555,4.357777777777778e-21,2.4725555555555556,5.4222222222222225,0.72,0.55,6.0,3.43,154.0,259.0,95.0,1957.0,23.042646454,94.7,1.54,3.63e-21,2.58,3.4000000000000004,0.054303999999999984,0.03773600000000001,4.24,1.3577840000000003,2480.96,7612.639999999999,1285.04,398761.76000000007,66.87245829343705,1212.7720000000002,0.27081599999999995,1.8937440000000003e-42,0.82249304,1.5616,25.0,857.0,"
    Formula: Al1 Co1 Cr1 Fe1 Mo0.5
    avg_Atomic_Radius: 1.5266666666666666
    avg_Pauling_Electronegativity: 1.791111111111111
    avg_number_of_valence_electrons: 6.444444444444445
    avg_Cohesive_energy_ev_atom: 4.348888888888888
    avg_Bulk_modulus_RT_Gpa: 155.77777777777777
    avg_Elastic_modulus_RT_Gpa: 207.44444444444443
    avg_Melting_point_(K): 1796.5944444444444
    avg_lattice_constant_A: 3.085555555555555
    avg_BEC_percm3: 4.357777777777778e-21
    avg_Av.Valence_bond_strength_ev: 2.4725555555555556
    avg_EngelZ_e/a: 5.4222222222222225
    Temperature: 25.0
    "
Al1 Co1 Cr1 Fe1 Mo0.5 Ni1,1.52,1.8127272727272725,7.09090909090909,4.365454545454546,160.1818181818182,206.0909090909091,69.81818181818183,1783.7863636363636,-21.04135888690909,20.72727272727273,3.1645454545454546,4.4490909090909095e-21,2.4455454545454547,5.418181818181818,0.72,0.55,7.0,3.43,154.0,259.0,95.0,1957.0,23.042646454,95.0,1.54,3.63e-21,2.58,3.4000000000000004,0.04601388888888888,0.032380555555555565,5.333333333333333,1.1348666666666667,2106.6666666666665,6397.222222222223,1092.222222222222,336791.4722222223,58.25648105340215,1110.398888888889,0.2511222222222222,1.6207472222222223e-42,0.7018846666666666,1.3022222222222224,25.0,730.0,"
    Formula: Al1 Co1 Cr1 Fe1 Mo0.5 Ni1
    avg_Atomic_Radius: 1.52
    avg_Pauling_Electronegativity: 1.8127272727272725
    avg_number_of_valence_electrons: 7.09090909090909
    avg_Cohesive_energy_ev_atom: 4.365454545454546
    avg_Bulk_modulus_RT_Gpa: 160.1818181818182
    avg_Elastic_modulus_RT_Gpa: 206.0909090909091
    avg_Melting_point_(K): 1783.7863636363636
    avg_lattice_constant_A: 3.1645454545454546
    avg_BEC_percm3: 4.4490909090909095e-21
    avg_Av.Valence_bond_strength_ev: 2.4455454545454547
    avg_EngelZ_e/a: 5.418181818181818
    Temperature: 25.0
    "
Al1 Co1 Cr1 Fe1 Mo0.5 Ni0.5,1.5230000000000001,1.8030000000000002,6.800000000000001,4.3580000000000005,158.2,206.70000000000002,69.2,1789.5500000000002,-20.836259781600003,22.3,3.1289999999999996,4.408000000000001e-21,2.4577000000000004,5.420000000000001,0.72,0.55,7.0,3.43,154.0,259.0,95.0,1957.0,23.042646454,95.0,1.54,3.63e-21,2.58,3.4000000000000004,0.04601388888888888,0.032380555555555565,5.333333333333333,1.1348666666666667,2106.6666666666665,6397.222222222223,1092.222222222222,336791.4722222223,58.25648105340215,1110.398888888889,0.2511222222222222,1.6207472222222223e-42,0.7018846666666666,1.3022222222222224,25.0,708.0,"
    Formula: Al1 Co1 Cr1 Fe1 Mo0.5 Ni0.5
    avg_Atomic_Radius: 1.5230000000000001
    avg_Pauling_Electronegativity: 1.8030000000000002
    avg_number_of_valence_electrons: 6.800000000000001
    avg_Cohesive_energy_ev_atom: 4.3580000000000005
    avg_Bulk_modulus_RT_Gpa: 158.2
    avg_Elastic_modulus_RT_Gpa: 206.70000000000002
    avg_Melting_point_(K): 1789.5500000000002
    avg_lattice_constant_A: 3.1289999999999996
    avg_BEC_percm3: 4.408000000000001e-21
    avg_Av.Valence_bond_strength_ev: 2.4577000000000004
    avg_EngelZ_e/a: 5.420000000000001
    Temperature: 25.0
    "
Al0.667 Co0.667 Cr0.667 Fe0.667 Mo0.333 Ni1,1.5174556360909772,1.8207798050487376,7.333166708322919,4.371352161959511,161.82254436390903,205.56860784803797,70.3389152711822,1778.8510747313173,-21.21431859294126,19.408397900524864,3.194131467133216,4.483366658335416e-21,2.435181204698825,5.416595851037241,0.72,0.55,7.0,3.43,154.0,259.0,95.0,1957.0,23.042646454,95.0,1.54,3.63e-21,2.58,3.4000000000000004,0.04601388888888888,0.032380555555555565,5.333333333333333,1.1348666666666667,2106.6666666666665,6397.222222222223,1092.222222222222,336791.4722222223,58.25648105340215,1110.398888888889,0.2511222222222222,1.6207472222222223e-42,0.7018846666666666,1.3022222222222224,25.0,586.0,"
    Formula: Al0.667 Co0.667 Cr0.667 Fe0.667 Mo0.333 Ni1
    avg_Atomic_Radius: 1.5174556360909772
    avg_Pauling_Electronegativity: 1.8207798050487376
    avg_number_of_valence_electrons: 7.333166708322919
    avg_Cohesive_energy_ev_atom: 4.371352161959511
    avg_Bulk_modulus_RT_Gpa: 161.82254436390903
    avg_Elastic_modulus_RT_Gpa: 205.56860784803797
    avg_Melting_point_(K): 1778.8510747313173
    avg_lattice_constant_A: 3.194131467133216
    avg_BEC_percm3: 4.483366658335416e-21
    avg_Av.Valence_bond_strength_ev: 2.435181204698825
    avg_EngelZ_e/a: 5.416595851037241
    Temperature: 25.0
    "
Al0.5 Co0.5 Cr0.5 Fe0.5 Mo0.25 Ni1,1.5153846153846153,1.8276923076923077,7.538461538461538,4.376923076923077,163.23076923076923,205.15384615384616,70.76923076923077,1774.919230769231,-21.356895972000004,18.30769230769231,3.2192307692307693,4.512307692307693e-21,2.426846153846154,5.415384615384616,0.72,0.55,7.0,3.43,154.0,259.0,95.0,1957.0,23.042646454,95.0,1.54,3.63e-21,2.58,3.4000000000000004,0.04601388888888888,0.032380555555555565,5.333333333333333,1.1348666666666667,2106.6666666666665,6397.222222222223,1092.222222222222,336791.4722222223,58.25648105340215,1110.398888888889,0.2511222222222222,1.6207472222222223e-42,0.7018846666666666,1.3022222222222224,25.0,395.0,"
    Formula: Al0.5 Co0.5 Cr0.5 Fe0.5 Mo0.25 Ni1
    avg_Atomic_Radius: 1.5153846153846153
    avg_Pauling_Electronegativity: 1.8276923076923077
    avg_number_of_valence_electrons: 7.538461538461538
    avg_Cohesive_energy_ev_atom: 4.376923076923077
    avg_Bulk_modulus_RT_Gpa: 163.23076923076923
    avg_Elastic_modulus_RT_Gpa: 205.15384615384616
    avg_Melting_point_(K): 1774.919230769231
    avg_lattice_constant_A: 3.2192307692307693
    avg_BEC_percm3: 4.512307692307693e-21
    avg_Av.Valence_bond_strength_ev: 2.426846153846154
    avg_EngelZ_e/a: 5.415384615384616
    Temperature: 25.0
    "
Al1 Co1 Cr1 Fe1 Ni1 Ti0.5,1.5072727272727273,1.7563636363636363,6.909090909090908,4.1863636363636365,149.27272727272728,186.72727272727272,72.0,1696.7863636363636,-21.80679232909091,20.727272727272727,3.1463636363636365,4.303636363636364e-21,2.3090909090909086,5.236363636363636,0.5800000000000001,0.3699999999999999,7.0,1.4599999999999995,104.0,209.0,89.0,1197.0,14.622878590000001,95.0,1.54,3.63e-21,1.0790000000000002,3.4000000000000004,0.03248055555555556,0.019980555555555543,6.555555555555556,0.19638055555555547,1546.6666666666667,4699.13888888889,806.888888888889,140473.5555555556,21.630502515735937,1110.398888888889,0.25756666666666667,2.274080555555556e-42,0.1041948055555556,1.5022222222222226,25.0,178.0,"
    Formula: Al1 Co1 Cr1 Fe1 Ni1 Ti0.5
    avg_Atomic_Radius: 1.5072727272727273
    avg_Pauling_Electronegativity: 1.7563636363636363
    avg_number_of_valence_electrons: 6.909090909090908
    avg_Cohesive_energy_ev_atom: 4.1863636363636365
    avg_Bulk_modulus_RT_Gpa: 149.27272727272728
    avg_Elastic_modulus_RT_Gpa: 186.72727272727272
    avg_Melting_point_(K): 1696.7863636363636
    avg_lattice_constant_A: 3.1463636363636365
    avg_BEC_percm3: 4.303636363636364e-21
    avg_Av.Valence_bond_strength_ev: 2.3090909090909086
    avg_EngelZ_e/a: 5.236363636363636
    Temperature: 25.0
    "
Al1 Co1 Cr1 Fe1 Ni1 Ti1 V1 Zr1,1.6175,1.6737499999999998,6.125,4.626250000000001,140.875,160.125,62.25,1823.3999999999999,-17.9421804065,45.5,3.1287499999999997,3.7650000000000006e-21,2.49725,4.975,0.8800000000000001,0.5799999999999998,7.0,2.86,104.0,211.0,89.0,1230.0,18.529341508,95.0,1.54,3.720000000000001e-21,1.173,3.4000000000000004,0.05586875000000001,0.033123437499999984,5.859375,0.6462234375,1536.359375,5035.859375,782.4375,139738.93750000003,43.704666305641176,1822.8825000000002,0.19593593750000005,2.3321500000000007e-42,0.13742618750000005,1.264375,25.0,780.0,"
    Formula: Al1 Co1 Cr1 Fe1 Ni1 Ti1 V1 Zr1
    avg_Atomic_Radius: 1.6175
    avg_Pauling_Electronegativity: 1.6737499999999998
    avg_number_of_valence_electrons: 6.125
    avg_Cohesive_energy_ev_atom: 4.626250000000001
    avg_Bulk_modulus_RT_Gpa: 140.875
    avg_Elastic_modulus_RT_Gpa: 160.125
    avg_Melting_point_(K): 1823.3999999999999
    avg_lattice_constant_A: 3.1287499999999997
    avg_BEC_percm3: 3.7650000000000006e-21
    avg_Av.Valence_bond_strength_ev: 2.49725
    avg_EngelZ_e/a: 4.975
    Temperature: 25.0
    "
Al1 Co1 Fe1 Ni1 Ti1 V1 Zr1,1.6114285714285712,1.6757142857142857,6.1428571428571415,4.701428571428571,138.14285714285714,143.14285714285714,54.71428571428571,1779.5785714285714,-16.788137745999997,48.42857142857142,3.1642857142857137,3.582857142857143e-21,2.517714285714286,4.828571428571428,0.8800000000000001,0.5799999999999998,7.0,2.86,104.0,143.0,56.0,1230.0,15.841797338000003,95.0,1.54,3.720000000000001e-21,1.173,3.4000000000000004,0.06355510204081634,0.03782448979591835,6.693877551020408,0.6933265306122447,1696.122448979592,3448.1224489795923,439.9183673469388,144339.1020408164,39.29367436555857,2014.6820408163264,0.2138244897959183,2.3999061224489803e-42,0.1537082040816327,1.2734693877551024,25.0,790.0,"
    Formula: Al1 Co1 Fe1 Ni1 Ti1 V1 Zr1
    avg_Atomic_Radius: 1.6114285714285712
    avg_Pauling_Electronegativity: 1.6757142857142857
    avg_number_of_valence_electrons: 6.1428571428571415
    avg_Cohesive_energy_ev_atom: 4.701428571428571
    avg_Bulk_modulus_RT_Gpa: 138.14285714285714
    avg_Elastic_modulus_RT_Gpa: 143.14285714285714
    avg_Melting_point_(K): 1779.5785714285714
    avg_lattice_constant_A: 3.1642857142857137
    avg_BEC_percm3: 3.582857142857143e-21
    avg_Av.Valence_bond_strength_ev: 2.517714285714286
    avg_EngelZ_e/a: 4.828571428571428
    Temperature: 25.0
    "
Al1 Fe1 Ni1 Ti1 V1 Zr1,1.6266666666666665,1.6416666666666666,5.666666666666667,4.753333333333333,131.16666666666666,132.16666666666666,51.333333333333336,1781.4833333333331,-15.915167910333333,55.61666666666666,3.2733333333333334,3.2800000000000003e-21,2.5686666666666667,4.633333333333334,0.8800000000000001,0.5799999999999998,7.0,2.86,104.0,143.0,56.0,1230.0,15.841797338000003,95.0,1.1799999999999997,3.720000000000001e-21,1.173,3.4000000000000004,0.07252222222222224,0.03601388888888887,6.222222222222221,0.7900222222222221,1638.1388888888887,3179.4722222222226,433.22222222222223,168370.22222222225,40.50808575526445,1988.7813888888888,0.16622222222222213,2.1578333333333335e-42,0.16115322222222225,1.2188888888888891,25.0,800.0,"
    Formula: Al1 Fe1 Ni1 Ti1 V1 Zr1
    avg_Atomic_Radius: 1.6266666666666665
    avg_Pauling_Electronegativity: 1.6416666666666666
    avg_number_of_valence_electrons: 5.666666666666667
    avg_Cohesive_energy_ev_atom: 4.753333333333333
    avg_Bulk_modulus_RT_Gpa: 131.16666666666666
    avg_Elastic_modulus_RT_Gpa: 132.16666666666666
    avg_Melting_point_(K): 1781.4833333333331
    avg_lattice_constant_A: 3.2733333333333334
    avg_BEC_percm3: 3.2800000000000003e-21
    avg_Av.Valence_bond_strength_ev: 2.5686666666666667
    avg_EngelZ_e/a: 4.633333333333334
    Temperature: 25.0
    "
Co1 Cr1 Cu1 Fe1 Ni1 Ti1 V1 Zr1,1.6512499999999999,1.7099999999999997,7.125,4.63875,148.875,167.625,65.0,1876.2749999999999,-18.05204306025,43.75,3.07375,3.9800000000000006e-21,2.472875,5.1125,0.6100000000000001,0.5799999999999998,7.0,2.76,89.0,211.0,82.0,807.0,18.529341508,95.0,1.1,3.720000000000001e-21,1.173,2.4000000000000004,0.034310937500000006,0.037699999999999984,6.609375,0.6164109375,946.359375,4077.734375,636.0,65165.35937499999,44.19007815555282,1934.97,0.1157734375,1.8150750000000004e-42,0.14174360937500002,0.8535937500000003,25.0,680.0,"
    Formula: Co1 Cr1 Cu1 Fe1 Ni1 Ti1 V1 Zr1
    avg_Atomic_Radius: 1.6512499999999999
    avg_Pauling_Electronegativity: 1.7099999999999997
    avg_number_of_valence_electrons: 7.125
    avg_Cohesive_energy_ev_atom: 4.63875
    avg_Bulk_modulus_RT_Gpa: 148.875
    avg_Elastic_modulus_RT_Gpa: 167.625
    avg_Melting_point_(K): 1876.2749999999999
    avg_lattice_constant_A: 3.07375
    avg_BEC_percm3: 3.9800000000000006e-21
    avg_Av.Valence_bond_strength_ev: 2.472875
    avg_EngelZ_e/a: 5.1125
    Temperature: 25.0
    "
Co1 Cr1 Fe1 Mo1 Ni1 Ti1 V1 Zr1,1.7075000000000002,1.7425,6.5,5.055000000000001,160.125,192.5,61.5,2068.025,-15.843554853499999,55.55,3.01625,4.01875e-21,2.7393750000000003,5.35,0.5700000000000001,0.8300000000000001,6.0,2.7200000000000006,139.0,261.0,95.0,1164.0,23.042646454,95.0,1.0100000000000002,3.720000000000001e-21,2.58,2.4000000000000004,0.033818749999999995,0.05744375000000001,4.5,0.8729250000000002,1632.609375,6537.25,840.75,123073.859375,66.875728882435,2009.3099999999997,0.07724843750000002,1.7907109375000003e-42,0.5462239843750001,0.7675000000000001,25.0,850.0,"
    Formula: Co1 Cr1 Fe1 Mo1 Ni1 Ti1 V1 Zr1
    avg_Atomic_Radius: 1.7075000000000002
    avg_Pauling_Electronegativity: 1.7425
    avg_number_of_valence_electrons: 6.5
    avg_Cohesive_energy_ev_atom: 5.055000000000001
    avg_Bulk_modulus_RT_Gpa: 160.125
    avg_Elastic_modulus_RT_Gpa: 192.5
    avg_Melting_point_(K): 2068.025
    avg_lattice_constant_A: 3.01625
    avg_BEC_percm3: 4.01875e-21
    avg_Av.Valence_bond_strength_ev: 2.7393750000000003
    avg_EngelZ_e/a: 5.35
    Temperature: 25.0
    "
Co1 Cu1 Fe1 Ni1 Ti1 V1 Zr1,1.65,1.717142857142857,7.285714285714285,4.715714285714285,147.28571428571428,151.71428571428572,57.857142857142854,1840.007142857143,-16.913695064571424,46.42857142857142,3.101428571428571,3.8285714285714284e-21,2.4898571428571428,4.985714285714285,0.6100000000000001,0.5799999999999998,7.0,2.76,89.0,143.0,49.0,807.0,15.841797338000003,95.0,1.1,3.720000000000001e-21,1.173,2.4000000000000004,0.039200000000000006,0.04267755102040814,7.346938775510203,0.6570816326530611,1061.3469387755101,2635.061224489796,318.6938775510204,63951.83673469388,40.136257189365566,2153.996326530612,0.12618367346938777,1.890926530612245e-42,0.1596855510204082,0.8469387755102042,25.0,630.0,"
    Formula: Co1 Cu1 Fe1 Ni1 Ti1 V1 Zr1
    avg_Atomic_Radius: 1.65
    avg_Pauling_Electronegativity: 1.717142857142857
    avg_number_of_valence_electrons: 7.285714285714285
    avg_Cohesive_energy_ev_atom: 4.715714285714285
    avg_Bulk_modulus_RT_Gpa: 147.28571428571428
    avg_Elastic_modulus_RT_Gpa: 151.71428571428572
    avg_Melting_point_(K): 1840.007142857143
    avg_lattice_constant_A: 3.101428571428571
    avg_BEC_percm3: 3.8285714285714284e-21
    avg_Av.Valence_bond_strength_ev: 2.4898571428571428
    avg_EngelZ_e/a: 4.985714285714285
    Temperature: 25.0
    "
Co1 Fe1 Mo1 Ni1 Ti1 V1 Zr1,1.7142857142857142,1.7542857142857142,6.57142857142857,5.19142857142857,160.14285714285714,180.1428571428571,53.857142857142854,2059.1499999999996,-14.389708542571427,59.91428571428571,3.035714285714285,3.872857142857143e-21,2.7944285714285715,5.257142857142857,0.5700000000000001,0.8300000000000001,6.0,2.54,139.0,261.0,62.0,1164.0,20.355102284,95.0,1.0100000000000002,3.720000000000001e-21,2.58,2.4000000000000004,0.03828163265306122,0.06453877551020408,5.1020408163265305,0.8487265306122449,1865.8367346938778,6249.551020408163,493.55102040816325,140025.7142857143,59.52005167066365,2143.9783673469387,0.08525306122448982,1.8762489795918368e-42,0.6000088163265306,0.8081632653061226,25.0,790.0,"
    Formula: Co1 Fe1 Mo1 Ni1 Ti1 V1 Zr1
    avg_Atomic_Radius: 1.7142857142857142
    avg_Pauling_Electronegativity: 1.7542857142857142
    avg_number_of_valence_electrons: 6.57142857142857
    avg_Cohesive_energy_ev_atom: 5.19142857142857
    avg_Bulk_modulus_RT_Gpa: 160.14285714285714
    avg_Elastic_modulus_RT_Gpa: 180.1428571428571
    avg_Melting_point_(K): 2059.1499999999996
    avg_lattice_constant_A: 3.035714285714285
    avg_BEC_percm3: 3.872857142857143e-21
    avg_Av.Valence_bond_strength_ev: 2.7944285714285715
    avg_EngelZ_e/a: 5.257142857142857
    Temperature: 25.0
    "
Cu1 Fe1 Ni1 Ti1 V1 Zr1,1.6716666666666666,1.69,7.0,4.77,141.83333333333331,142.16666666666666,55.0,1851.9833333333331,-16.061651448666666,53.283333333333324,3.2,3.566666666666667e-21,2.5361666666666665,4.816666666666666,0.6100000000000001,0.5799999999999998,7.0,2.76,89.0,143.0,49.0,807.0,15.841797338000003,95.0,0.7399999999999998,3.720000000000001e-21,1.173,2.4000000000000004,0.042447222222222226,0.044633333333333323,8.0,0.7459666666666664,1030.138888888889,2436.1388888888887,314.6666666666667,73606.47222222223,41.743785123764724,2184.0813888888883,0.07919999999999995,1.7259222222222226e-42,0.17128780555555564,0.7880555555555558,25.0,590.0,"
    Formula: Cu1 Fe1 Ni1 Ti1 V1 Zr1
    avg_Atomic_Radius: 1.6716666666666666
    avg_Pauling_Electronegativity: 1.69
    avg_number_of_valence_electrons: 7.0
    avg_Cohesive_energy_ev_atom: 4.77
    avg_Bulk_modulus_RT_Gpa: 141.83333333333331
    avg_Elastic_modulus_RT_Gpa: 142.16666666666666
    avg_Melting_point_(K): 1851.9833333333331
    avg_lattice_constant_A: 3.2
    avg_BEC_percm3: 3.566666666666667e-21
    avg_Av.Valence_bond_strength_ev: 2.5361666666666665
    avg_EngelZ_e/a: 4.816666666666666
    Temperature: 25.0
    "
Fe1 Mo1 Ni1 Ti1 V1 Zr1,1.7466666666666664,1.7333333333333334,6.166666666666666,5.324999999999999,156.83333333333331,175.33333333333334,50.333333333333336,2107.6499999999996,-13.117000506333333,69.01666666666665,3.123333333333333,3.618333333333334e-21,2.8914999999999997,5.133333333333333,0.5700000000000001,0.8300000000000001,6.0,2.54,139.0,261.0,62.0,1164.0,20.355102284,95.0,0.6499999999999999,3.720000000000001e-21,2.58,2.4000000000000004,0.03732222222222222,0.07222222222222222,4.805555555555555,0.8652916666666668,2100.138888888889,7129.222222222223,488.88888888888886,146897.58333333334,58.10156006390571,1921.3347222222221,0.04572222222222221,1.7354805555555555e-42,0.63405025,0.8355555555555557,25.0,740.0,"
    Formula: Fe1 Mo1 Ni1 Ti1 V1 Zr1
    avg_Atomic_Radius: 1.7466666666666664
    avg_Pauling_Electronegativity: 1.7333333333333334
    avg_number_of_valence_electrons: 6.166666666666666
    avg_Cohesive_energy_ev_atom: 5.324999999999999
    avg_Bulk_modulus_RT_Gpa: 156.83333333333331
    avg_Elastic_modulus_RT_Gpa: 175.33333333333334
    avg_Melting_point_(K): 2107.6499999999996
    avg_lattice_constant_A: 3.123333333333333
    avg_BEC_percm3: 3.618333333333334e-21
    avg_Av.Valence_bond_strength_ev: 2.8914999999999997
    avg_EngelZ_e/a: 5.133333333333333
    Temperature: 25.0
    "
Al0.1 Co1 Cr1 Fe1 Mn1 Ni1,1.5603921568627452,1.7629411764705882,7.901960784313727,4.013529411764707,160.31372549019608,216.47058823529412,68.20093363101279,1773.15,-21.28872344,20.72727272727273,4.132352941176471,5.192352941176471e-21,2.036745098039216,6.0588235294117645,0.48,0.3599999999999999,7.0,1.5200000000000005,104.0,209.0,89.0,1197.0,8.737094040000002,20.0,6.380000000000001,3.75e-21,1.0970000000000002,3.8,0.024022222222222226,0.019333333333333317,5.138888888888889,0.3223666666666667,1440.5555555555557,3860.9166666666665,774.888888888889,134464.66666666672,11.484732370025231,65.21225,4.801666666666668,1.7115250000000002e-42,0.13975188888888893,1.5333333333333332,25.0,180.0,"
    Formula: Al0.1 Co1 Cr1 Fe1 Mn1 Ni1
    avg_Atomic_Radius: 1.5603921568627452
    avg_Pauling_Electronegativity: 1.7629411764705882
    avg_number_of_valence_electrons: 7.901960784313727
    avg_Cohesive_energy_ev_atom: 4.013529411764707
    avg_Bulk_modulus_RT_Gpa: 160.31372549019608
    avg_Elastic_modulus_RT_Gpa: 216.47058823529412
    avg_Melting_point_(K): 1773.15
    avg_lattice_constant_A: 4.132352941176471
    avg_BEC_percm3: 5.192352941176471e-21
    avg_Av.Valence_bond_strength_ev: 2.036745098039216
    avg_EngelZ_e/a: 6.0588235294117645
    Temperature: 25.0
    "
Al0.2 Co1 Cr1 Fe1 Mn1 Ni1,1.5530769230769228,1.76,7.807692307692307,4.001538461538461,158.69230769230765,213.6538461538461,68.20093363101279,1756.9961538461537,-21.28872344,20.72727272727273,4.13076923076923,5.127307692307692e-21,2.0455384615384613,6.0,0.48,0.3599999999999999,7.0,1.5200000000000005,104.0,209.0,89.0,1197.0,8.737094040000002,20.0,6.380000000000001,3.75e-21,1.0970000000000002,3.8,0.024022222222222226,0.019333333333333317,5.138888888888889,0.3223666666666667,1440.5555555555557,3860.9166666666665,774.888888888889,134464.66666666672,11.484732370025231,65.21225,4.801666666666668,1.7115250000000002e-42,0.13975188888888893,1.5333333333333332,25.0,171.0,"
    Formula: Al0.2 Co1 Cr1 Fe1 Mn1 Ni1
    avg_Atomic_Radius: 1.5530769230769228
    avg_Pauling_Electronegativity: 1.76
    avg_number_of_valence_electrons: 7.807692307692307
    avg_Cohesive_energy_ev_atom: 4.001538461538461
    avg_Bulk_modulus_RT_Gpa: 158.69230769230765
    avg_Elastic_modulus_RT_Gpa: 213.6538461538461
    avg_Melting_point_(K): 1756.9961538461537
    avg_lattice_constant_A: 4.13076923076923
    avg_BEC_percm3: 5.127307692307692e-21
    avg_Av.Valence_bond_strength_ev: 2.0455384615384613
    avg_EngelZ_e/a: 6.0
    Temperature: 25.0
    "
Al0.38 Co1 Cr1 Fe1 Mn1 Ni1,1.5405947955390336,1.7549814126394054,7.646840148698885,3.981078066914499,155.92565055762083,208.8475836431227,68.20093363101279,1729.4325278810413,-21.28872344,20.72727272727273,4.128066914498142,5.016319702602231e-21,2.060542750929368,5.899628252788104,0.48,0.3599999999999999,7.0,1.5200000000000005,104.0,209.0,89.0,1197.0,8.737094040000002,20.0,6.380000000000001,3.75e-21,1.0970000000000002,3.8,0.024022222222222226,0.019333333333333317,5.138888888888889,0.3223666666666667,1440.5555555555557,3860.9166666666665,774.888888888889,134464.66666666672,11.484732370025231,65.21225,4.801666666666668,1.7115250000000002e-42,0.13975188888888893,1.5333333333333332,25.0,182.0,"
    Formula: Al0.38 Co1 Cr1 Fe1 Mn1 Ni1
    avg_Atomic_Radius: 1.5405947955390336
    avg_Pauling_Electronegativity: 1.7549814126394054
    avg_number_of_valence_electrons: 7.646840148698885
    avg_Cohesive_energy_ev_atom: 3.981078066914499
    avg_Bulk_modulus_RT_Gpa: 155.92565055762083
    avg_Elastic_modulus_RT_Gpa: 208.8475836431227
    avg_Melting_point_(K): 1729.4325278810413
    avg_lattice_constant_A: 4.128066914498142
    avg_BEC_percm3: 5.016319702602231e-21
    avg_Av.Valence_bond_strength_ev: 2.060542750929368
    avg_EngelZ_e/a: 5.899628252788104
    Temperature: 25.0
    "
Al0.43 Co1 Cr1 Fe1 Mn1 Ni1,1.5372744014732966,1.7536464088397792,7.604051565377532,3.9756353591160223,155.18968692449354,207.56906077348066,68.20093363101279,1722.100276243094,-21.28872344,20.72727272727273,4.127348066298342,4.986795580110497e-21,2.064534069981584,5.872928176795581,0.48,0.3599999999999999,7.0,1.5200000000000005,104.0,209.0,89.0,1197.0,8.737094040000002,20.0,6.380000000000001,3.75e-21,1.0970000000000002,3.8,0.024022222222222226,0.019333333333333317,5.138888888888889,0.3223666666666667,1440.5555555555557,3860.9166666666665,774.888888888889,134464.66666666672,11.484732370025231,65.21225,4.801666666666668,1.7115250000000002e-42,0.13975188888888893,1.5333333333333332,25.0,183.0,"
    Formula: Al0.43 Co1 Cr1 Fe1 Mn1 Ni1
    avg_Atomic_Radius: 1.5372744014732966
    avg_Pauling_Electronegativity: 1.7536464088397792
    avg_number_of_valence_electrons: 7.604051565377532
    avg_Cohesive_energy_ev_atom: 3.9756353591160223
    avg_Bulk_modulus_RT_Gpa: 155.18968692449354
    avg_Elastic_modulus_RT_Gpa: 207.56906077348066
    avg_Melting_point_(K): 1722.100276243094
    avg_lattice_constant_A: 4.127348066298342
    avg_BEC_percm3: 4.986795580110497e-21
    avg_Av.Valence_bond_strength_ev: 2.064534069981584
    avg_EngelZ_e/a: 5.872928176795581
    Temperature: 25.0
    "
Al0.49 Co1 Cr1 Fe1 Mn1 Ni1,1.5333697632058287,1.7520765027322402,7.553734061930783,3.969234972677595,154.32422586520946,206.0655737704918,68.20093363101279,1713.477868852459,-21.28872344,20.72727272727273,4.1265027322404375,4.952076502732241e-21,2.0692276867030968,5.841530054644808,0.48,0.3599999999999999,7.0,1.5200000000000005,104.0,209.0,89.0,1197.0,8.737094040000002,20.0,6.380000000000001,3.75e-21,1.0970000000000002,3.8,0.024022222222222226,0.019333333333333317,5.138888888888889,0.3223666666666667,1440.5555555555557,3860.9166666666665,774.888888888889,134464.66666666672,11.484732370025231,65.21225,4.801666666666668,1.7115250000000002e-42,0.13975188888888893,1.5333333333333332,25.0,220.0,"
    Formula: Al0.49 Co1 Cr1 Fe1 Mn1 Ni1
    avg_Atomic_Radius: 1.5333697632058287
    avg_Pauling_Electronegativity: 1.7520765027322402
    avg_number_of_valence_electrons: 7.553734061930783
    avg_Cohesive_energy_ev_atom: 3.969234972677595
    avg_Bulk_modulus_RT_Gpa: 154.32422586520946
    avg_Elastic_modulus_RT_Gpa: 206.0655737704918
    avg_Melting_point_(K): 1713.477868852459
    avg_lattice_constant_A: 4.1265027322404375
    avg_BEC_percm3: 4.952076502732241e-21
    avg_Av.Valence_bond_strength_ev: 2.0692276867030968
    avg_EngelZ_e/a: 5.841530054644808
    Temperature: 25.0
    "
Al0.56 Co1 Cr1 Fe1 Mn1 Ni1,1.5289208633093523,1.7502877697841726,7.496402877697841,3.961942446043165,153.33812949640287,204.35251798561148,68.20093363101279,1703.6535971223022,-21.28872344,20.72727272727273,4.1255395683453235,4.912517985611511e-21,2.074575539568345,5.805755395683454,0.48,0.3599999999999999,7.0,1.5200000000000005,104.0,209.0,89.0,1197.0,8.737094040000002,20.0,6.380000000000001,3.75e-21,1.0970000000000002,3.8,0.024022222222222226,0.019333333333333317,5.138888888888889,0.3223666666666667,1440.5555555555557,3860.9166666666665,774.888888888889,134464.66666666672,11.484732370025231,65.21225,4.801666666666668,1.7115250000000002e-42,0.13975188888888893,1.5333333333333332,25.0,278.0,"
    Formula: Al0.56 Co1 Cr1 Fe1 Mn1 Ni1
    avg_Atomic_Radius: 1.5289208633093523
    avg_Pauling_Electronegativity: 1.7502877697841726
    avg_number_of_valence_electrons: 7.496402877697841
    avg_Cohesive_energy_ev_atom: 3.961942446043165
    avg_Bulk_modulus_RT_Gpa: 153.33812949640287
    avg_Elastic_modulus_RT_Gpa: 204.35251798561148
    avg_Melting_point_(K): 1703.6535971223022
    avg_lattice_constant_A: 4.1255395683453235
    avg_BEC_percm3: 4.912517985611511e-21
    avg_Av.Valence_bond_strength_ev: 2.074575539568345
    avg_EngelZ_e/a: 5.805755395683454
    Temperature: 25.0
    "
Al0.62 Co1 Cr1 Fe1 Mn1 Ni1,1.5251957295373666,1.7487900355871886,7.448398576512456,3.9558362989323843,152.51245551601426,202.91814946619218,68.20093363101279,1695.4275800711746,-21.28872344,20.72727272727273,4.12473309608541,4.879395017793595e-21,2.079053380782918,5.775800711743773,0.48,0.3599999999999999,7.0,1.5200000000000005,104.0,209.0,89.0,1197.0,8.737094040000002,20.0,6.380000000000001,3.75e-21,1.0970000000000002,3.8,0.024022222222222226,0.019333333333333317,5.138888888888889,0.3223666666666667,1440.5555555555557,3860.9166666666665,774.888888888889,134464.66666666672,11.484732370025231,65.21225,4.801666666666668,1.7115250000000002e-42,0.13975188888888893,1.5333333333333332,25.0,405.0,"
    Formula: Al0.62 Co1 Cr1 Fe1 Mn1 Ni1
    avg_Atomic_Radius: 1.5251957295373666
    avg_Pauling_Electronegativity: 1.7487900355871886
    avg_number_of_valence_electrons: 7.448398576512456
    avg_Cohesive_energy_ev_atom: 3.9558362989323843
    avg_Bulk_modulus_RT_Gpa: 152.51245551601426
    avg_Elastic_modulus_RT_Gpa: 202.91814946619218
    avg_Melting_point_(K): 1695.4275800711746
    avg_lattice_constant_A: 4.12473309608541
    avg_BEC_percm3: 4.879395017793595e-21
    avg_Av.Valence_bond_strength_ev: 2.079053380782918
    avg_EngelZ_e/a: 5.775800711743773
    Temperature: 25.0
    "
Al0.68 Co1 Cr1 Fe1 Mn1 Ni1,1.5215492957746481,1.7473239436619719,7.401408450704225,3.9498591549295776,151.7042253521127,201.51408450704224,68.20093363101279,1687.3753521126762,-21.28872344,20.72727272727273,4.123943661971832,4.846971830985917e-21,2.0834366197183103,5.746478873239437,0.48,0.3599999999999999,7.0,1.5200000000000005,104.0,209.0,89.0,1197.0,8.737094040000002,20.0,6.380000000000001,3.75e-21,1.0970000000000002,3.8,0.024022222222222226,0.019333333333333317,5.138888888888889,0.3223666666666667,1440.5555555555557,3860.9166666666665,774.888888888889,134464.66666666672,11.484732370025231,65.21225,4.801666666666668,1.7115250000000002e-42,0.13975188888888893,1.5333333333333332,25.0,486.0,"
    Formula: Al0.68 Co1 Cr1 Fe1 Mn1 Ni1
    avg_Atomic_Radius: 1.5215492957746481
    avg_Pauling_Electronegativity: 1.7473239436619719
    avg_number_of_valence_electrons: 7.401408450704225
    avg_Cohesive_energy_ev_atom: 3.9498591549295776
    avg_Bulk_modulus_RT_Gpa: 151.7042253521127
    avg_Elastic_modulus_RT_Gpa: 201.51408450704224
    avg_Melting_point_(K): 1687.3753521126762
    avg_lattice_constant_A: 4.123943661971832
    avg_BEC_percm3: 4.846971830985917e-21
    avg_Av.Valence_bond_strength_ev: 2.0834366197183103
    avg_EngelZ_e/a: 5.746478873239437
    Temperature: 25.0
    "
Al0.75 Co1 Cr1 Fe1 Mn1 Ni1,1.517391304347826,1.7456521739130435,7.3478260869565215,3.9430434782608694,150.7826086956522,199.91304347826087,68.20093363101279,1678.1934782608696,-21.28872344,20.72727272727273,4.12304347826087,4.81e-21,2.0884347826086955,5.71304347826087,0.48,0.3599999999999999,7.0,1.5200000000000005,104.0,209.0,89.0,1197.0,8.737094040000002,20.0,6.380000000000001,3.75e-21,1.0970000000000002,3.8,0.024022222222222226,0.019333333333333317,5.138888888888889,0.3223666666666667,1440.5555555555557,3860.9166666666665,774.888888888889,134464.66666666672,11.484732370025231,65.21225,4.801666666666668,1.7115250000000002e-42,0.13975188888888893,1.5333333333333332,25.0,530.0,"
    Formula: Al0.75 Co1 Cr1 Fe1 Mn1 Ni1
    avg_Atomic_Radius: 1.517391304347826
    avg_Pauling_Electronegativity: 1.7456521739130435
    avg_number_of_valence_electrons: 7.3478260869565215
    avg_Cohesive_energy_ev_atom: 3.9430434782608694
    avg_Bulk_modulus_RT_Gpa: 150.7826086956522
    avg_Elastic_modulus_RT_Gpa: 199.91304347826087
    avg_Melting_point_(K): 1678.1934782608696
    avg_lattice_constant_A: 4.12304347826087
    avg_BEC_percm3: 4.81e-21
    avg_Av.Valence_bond_strength_ev: 2.0884347826086955
    avg_EngelZ_e/a: 5.71304347826087
    Temperature: 25.0
    "
Al0.81 Co1 Cr1 Fe1 Mn1 Ni1,1.513907056798623,1.7442512908777967,7.302925989672978,3.9373321858864023,150.01032702237518,198.57142857142858,68.20093363101279,1670.4993975903615,-21.28872344,20.72727272727273,4.122289156626506,4.779018932874355e-21,2.0926230636833045,5.685025817555937,0.48,0.3599999999999999,7.0,1.5200000000000005,104.0,209.0,89.0,1197.0,8.737094040000002,20.0,6.380000000000001,3.75e-21,1.0970000000000002,3.8,0.024022222222222226,0.019333333333333317,5.138888888888889,0.3223666666666667,1440.5555555555557,3860.9166666666665,774.888888888889,134464.66666666672,11.484732370025231,65.21225,4.801666666666668,1.7115250000000002e-42,0.13975188888888893,1.5333333333333332,25.0,539.0,"
    Formula: Al0.81 Co1 Cr1 Fe1 Mn1 Ni1
    avg_Atomic_Radius: 1.513907056798623
    avg_Pauling_Electronegativity: 1.7442512908777967
    avg_number_of_valence_electrons: 7.302925989672978
    avg_Cohesive_energy_ev_atom: 3.9373321858864023
    avg_Bulk_modulus_RT_Gpa: 150.01032702237518
    avg_Elastic_modulus_RT_Gpa: 198.57142857142858
    avg_Melting_point_(K): 1670.4993975903615
    avg_lattice_constant_A: 4.122289156626506
    avg_BEC_percm3: 4.779018932874355e-21
    avg_Av.Valence_bond_strength_ev: 2.0926230636833045
    avg_EngelZ_e/a: 5.685025817555937
    Temperature: 25.0
    "
Al0.88 Co1 Cr1 Fe1 Mn1 Ni1,1.5099319727891158,1.7426530612244897,7.2517006802721085,3.9308163265306124,149.12925170068027,197.04081632653057,68.20093363101279,1661.7214285714285,-21.28872344,20.72727272727273,4.121428571428571,4.743673469387755e-21,2.0974013605442177,5.653061224489796,0.48,0.3599999999999999,7.0,1.5200000000000005,104.0,209.0,89.0,1197.0,8.737094040000002,20.0,6.380000000000001,3.75e-21,1.0970000000000002,3.8,0.024022222222222226,0.019333333333333317,5.138888888888889,0.3223666666666667,1440.5555555555557,3860.9166666666665,774.888888888889,134464.66666666672,11.484732370025231,65.21225,4.801666666666668,1.7115250000000002e-42,0.13975188888888893,1.5333333333333332,25.0,533.0,"
    Formula: Al0.88 Co1 Cr1 Fe1 Mn1 Ni1
    avg_Atomic_Radius: 1.5099319727891158
    avg_Pauling_Electronegativity: 1.7426530612244897
    avg_number_of_valence_electrons: 7.2517006802721085
    avg_Cohesive_energy_ev_atom: 3.9308163265306124
    avg_Bulk_modulus_RT_Gpa: 149.12925170068027
    avg_Elastic_modulus_RT_Gpa: 197.04081632653057
    avg_Melting_point_(K): 1661.7214285714285
    avg_lattice_constant_A: 4.121428571428571
    avg_BEC_percm3: 4.743673469387755e-21
    avg_Av.Valence_bond_strength_ev: 2.0974013605442177
    avg_EngelZ_e/a: 5.653061224489796
    Temperature: 25.0
    "
Al0.95 Co1 Cr1 Fe1 Mn1 Ni1,1.5060504201680671,1.7410924369747898,7.201680672268907,3.924453781512605,148.2689075630252,195.54621848739495,68.20093363101279,1653.1499999999996,-21.28872344,20.72727272727273,4.120588235294117,4.709159663865547e-21,2.1020672268907563,5.621848739495798,0.48,0.3599999999999999,7.0,1.5200000000000005,104.0,209.0,89.0,1197.0,8.737094040000002,20.0,6.380000000000001,3.75e-21,1.0970000000000002,3.8,0.024022222222222226,0.019333333333333317,5.138888888888889,0.3223666666666667,1440.5555555555557,3860.9166666666665,774.888888888889,134464.66666666672,11.484732370025231,65.21225,4.801666666666668,1.7115250000000002e-42,0.13975188888888893,1.5333333333333332,25.0,535.0,"
    Formula: Al0.95 Co1 Cr1 Fe1 Mn1 Ni1
    avg_Atomic_Radius: 1.5060504201680671
    avg_Pauling_Electronegativity: 1.7410924369747898
    avg_number_of_valence_electrons: 7.201680672268907
    avg_Cohesive_energy_ev_atom: 3.924453781512605
    avg_Bulk_modulus_RT_Gpa: 148.2689075630252
    avg_Elastic_modulus_RT_Gpa: 195.54621848739495
    avg_Melting_point_(K): 1653.1499999999996
    avg_lattice_constant_A: 4.120588235294117
    avg_BEC_percm3: 4.709159663865547e-21
    avg_Av.Valence_bond_strength_ev: 2.1020672268907563
    avg_EngelZ_e/a: 5.621848739495798
    Temperature: 25.0
    "
Al1 Co0.8 Cr0.8 Fe0.8 Mn0.8 Ni0.8,1.4904,1.7348,7.0,3.8987999999999996,144.8,189.52,68.20093363101279,1618.59,-21.28872344,20.72727272727273,4.1172,4.570000000000001e-21,2.12088,5.4959999999999996,0.48,0.3599999999999999,7.0,1.5200000000000005,104.0,209.0,89.0,1197.0,8.737094040000002,20.0,6.380000000000001,3.75e-21,1.0970000000000002,3.8,0.024022222222222226,0.019333333333333317,5.138888888888889,0.3223666666666667,1440.5555555555557,3860.9166666666665,774.888888888889,134464.66666666672,11.484732370025231,65.21225,4.801666666666668,1.7115250000000002e-42,0.13975188888888893,1.5333333333333332,25.0,539.0,"
    Formula: Al1 Co0.8 Cr0.8 Fe0.8 Mn0.8 Ni0.8
    avg_Atomic_Radius: 1.4904
    avg_Pauling_Electronegativity: 1.7348
    avg_number_of_valence_electrons: 7.0
    avg_Cohesive_energy_ev_atom: 3.8987999999999996
    avg_Bulk_modulus_RT_Gpa: 144.8
    avg_Elastic_modulus_RT_Gpa: 189.52
    avg_Melting_point_(K): 1618.59
    avg_lattice_constant_A: 4.1172
    avg_BEC_percm3: 4.570000000000001e-21
    avg_Av.Valence_bond_strength_ev: 2.12088
    avg_EngelZ_e/a: 5.4959999999999996
    Temperature: 25.0
    "
Co1 Cr1 Fe1 Mn1 Ni1,1.5680000000000003,1.766,8.0,4.026000000000001,162.0,219.4,68.20093363101279,1789.9500000000003,-21.28872344,20.72727272727273,4.134,5.260000000000002e-21,2.0276,6.120000000000001,0.16999999999999993,0.3599999999999999,4.0,1.5200000000000005,60.0,81.0,89.0,613.0,8.737094040000002,20.0,6.380000000000001,6.999999999999999e-22,0.9570000000000001,1.3999999999999995,0.0037359999999999984,0.019143999999999994,2.0,0.31942400000000004,496.0,913.0400000000002,774.888888888889,39006.56000000001,11.484732370025231,65.21225,5.760824000000001,7.007999999999996e-44,0.13144744000000003,0.21759999999999988,25.0,176.0,"
    Formula: Co1 Cr1 Fe1 Mn1 Ni1
    avg_Atomic_Radius: 1.5680000000000003
    avg_Pauling_Electronegativity: 1.766
    avg_number_of_valence_electrons: 8.0
    avg_Cohesive_energy_ev_atom: 4.026000000000001
    avg_Bulk_modulus_RT_Gpa: 162.0
    avg_Elastic_modulus_RT_Gpa: 219.4
    avg_Melting_point_(K): 1789.9500000000003
    avg_lattice_constant_A: 4.134
    avg_BEC_percm3: 5.260000000000002e-21
    avg_Av.Valence_bond_strength_ev: 2.0276
    avg_EngelZ_e/a: 6.120000000000001
    Temperature: 25.0
    "
Co1 Cr1 Fe1 Mn1 Ni1,1.5680000000000003,1.766,8.0,4.026000000000001,162.0,219.4,68.20093363101279,1789.9500000000003,-21.28872344,20.72727272727273,4.134,5.260000000000002e-21,2.0276,6.120000000000001,0.16999999999999993,0.3599999999999999,4.0,1.5200000000000005,60.0,81.0,89.0,613.0,8.737094040000002,20.0,6.380000000000001,6.999999999999999e-22,0.9570000000000001,1.3999999999999995,0.0037359999999999984,0.019143999999999994,2.0,0.31942400000000004,496.0,913.0400000000002,774.888888888889,39006.56000000001,11.484732370025231,65.21225,5.760824000000001,7.007999999999996e-44,0.13144744000000003,0.21759999999999988,25.0,144.0,"
    Formula: Co1 Cr1 Fe1 Mn1 Ni1
    avg_Atomic_Radius: 1.5680000000000003
    avg_Pauling_Electronegativity: 1.766
    avg_number_of_valence_electrons: 8.0
    avg_Cohesive_energy_ev_atom: 4.026000000000001
    avg_Bulk_modulus_RT_Gpa: 162.0
    avg_Elastic_modulus_RT_Gpa: 219.4
    avg_Melting_point_(K): 1789.9500000000003
    avg_lattice_constant_A: 4.134
    avg_BEC_percm3: 5.260000000000002e-21
    avg_Av.Valence_bond_strength_ev: 2.0276
    avg_EngelZ_e/a: 6.120000000000001
    Temperature: 25.0
    "
Co1 Cr1 Fe1 Mn1 Ni1,1.5680000000000003,1.766,8.0,4.026000000000001,162.0,219.4,68.20093363101279,1789.9500000000003,-21.28872344,20.72727272727273,4.134,5.260000000000002e-21,2.0276,6.120000000000001,0.16999999999999993,0.3599999999999999,4.0,1.5200000000000005,60.0,81.0,89.0,613.0,8.737094040000002,20.0,6.380000000000001,6.999999999999999e-22,0.9570000000000001,1.3999999999999995,0.0037359999999999984,0.019143999999999994,2.0,0.31942400000000004,496.0,913.0400000000002,774.888888888889,39006.56000000001,11.484732370025231,65.21225,5.760824000000001,7.007999999999996e-44,0.13144744000000003,0.21759999999999988,25.0,135.0,"
    Formula: Co1 Cr1 Fe1 Mn1 Ni1
    avg_Atomic_Radius: 1.5680000000000003
    avg_Pauling_Electronegativity: 1.766
    avg_number_of_valence_electrons: 8.0
    avg_Cohesive_energy_ev_atom: 4.026000000000001
    avg_Bulk_modulus_RT_Gpa: 162.0
    avg_Elastic_modulus_RT_Gpa: 219.4
    avg_Melting_point_(K): 1789.9500000000003
    avg_lattice_constant_A: 4.134
    avg_BEC_percm3: 5.260000000000002e-21
    avg_Av.Valence_bond_strength_ev: 2.0276
    avg_EngelZ_e/a: 6.120000000000001
    Temperature: 25.0
    "
Co1 Cr1 Fe1 Mn1 Ni1 V0.25,1.5747619047619046,1.7595238095238095,7.857142857142857,4.087142857142857,161.9047619047619,215.04761904761907,68.20093363101279,1807.7214285714285,-21.28872344,20.72727272727273,4.080952380952381,5.1814285714285716e-21,2.0638571428571426,6.066666666666666,0.21999999999999997,0.3599999999999999,5.0,2.3899999999999997,60.0,151.0,89.0,646.0,8.737094040000002,20.0,6.380000000000001,1.95e-21,1.3920000000000001,1.7999999999999998,0.005913888888888885,0.01852222222222222,2.9166666666666665,0.4951666666666666,413.8888888888889,1921.1388888888887,774.888888888889,51849.666666666664,11.484732370025231,65.21225,4.973047222222223,4.3652499999999995e-43,0.19005758333333336,0.35555555555555546,25.0,151.0,"
    Formula: Co1 Cr1 Fe1 Mn1 Ni1 V0.25
    avg_Atomic_Radius: 1.5747619047619046
    avg_Pauling_Electronegativity: 1.7595238095238095
    avg_number_of_valence_electrons: 7.857142857142857
    avg_Cohesive_energy_ev_atom: 4.087142857142857
    avg_Bulk_modulus_RT_Gpa: 161.9047619047619
    avg_Elastic_modulus_RT_Gpa: 215.04761904761907
    avg_Melting_point_(K): 1807.7214285714285
    avg_lattice_constant_A: 4.080952380952381
    avg_BEC_percm3: 5.1814285714285716e-21
    avg_Av.Valence_bond_strength_ev: 2.0638571428571426
    avg_EngelZ_e/a: 6.066666666666666
    Temperature: 25.0
    "
Co1 Cr1 Fe1 Mn1 Ni1 V0.25,1.5747619047619046,1.7595238095238095,7.857142857142857,4.087142857142857,161.9047619047619,215.04761904761907,68.20093363101279,1807.7214285714285,-21.28872344,20.72727272727273,4.080952380952381,5.1814285714285716e-21,2.0638571428571426,6.066666666666666,0.21999999999999997,0.3599999999999999,5.0,2.3899999999999997,60.0,151.0,89.0,646.0,8.737094040000002,20.0,6.380000000000001,1.95e-21,1.3920000000000001,1.7999999999999998,0.005913888888888885,0.01852222222222222,2.9166666666666665,0.4951666666666666,413.8888888888889,1921.1388888888887,774.888888888889,51849.666666666664,11.484732370025231,65.21225,4.973047222222223,4.3652499999999995e-43,0.19005758333333336,0.35555555555555546,25.0,144.0,"
    Formula: Co1 Cr1 Fe1 Mn1 Ni1 V0.25
    avg_Atomic_Radius: 1.5747619047619046
    avg_Pauling_Electronegativity: 1.7595238095238095
    avg_number_of_valence_electrons: 7.857142857142857
    avg_Cohesive_energy_ev_atom: 4.087142857142857
    avg_Bulk_modulus_RT_Gpa: 161.9047619047619
    avg_Elastic_modulus_RT_Gpa: 215.04761904761907
    avg_Melting_point_(K): 1807.7214285714285
    avg_lattice_constant_A: 4.080952380952381
    avg_BEC_percm3: 5.1814285714285716e-21
    avg_Av.Valence_bond_strength_ev: 2.0638571428571426
    avg_EngelZ_e/a: 6.066666666666666
    Temperature: 25.0
    "
Co1 Cr1 Fe1 Mn1 Ni1 V0.5,1.580909090909091,1.7536363636363637,7.727272727272727,4.142727272727273,161.8181818181818,211.0909090909091,68.20093363101279,1823.877272727273,-21.28872344,20.72727272727273,4.032727272727273,5.110000000000001e-21,2.096818181818182,6.018181818181819,0.21999999999999997,0.3599999999999999,5.0,2.3899999999999997,60.0,151.0,89.0,646.0,8.737094040000002,20.0,6.380000000000001,1.95e-21,1.3920000000000001,1.7999999999999998,0.005913888888888885,0.01852222222222222,2.9166666666666665,0.4951666666666666,413.8888888888889,1921.1388888888887,774.888888888889,51849.666666666664,11.484732370025231,65.21225,4.973047222222223,4.3652499999999995e-43,0.19005758333333336,0.35555555555555546,25.0,186.0,"
    Formula: Co1 Cr1 Fe1 Mn1 Ni1 V0.5
    avg_Atomic_Radius: 1.580909090909091
    avg_Pauling_Electronegativity: 1.7536363636363637
    avg_number_of_valence_electrons: 7.727272727272727
    avg_Cohesive_energy_ev_atom: 4.142727272727273
    avg_Bulk_modulus_RT_Gpa: 161.8181818181818
    avg_Elastic_modulus_RT_Gpa: 211.0909090909091
    avg_Melting_point_(K): 1823.877272727273
    avg_lattice_constant_A: 4.032727272727273
    avg_BEC_percm3: 5.110000000000001e-21
    avg_Av.Valence_bond_strength_ev: 2.096818181818182
    avg_EngelZ_e/a: 6.018181818181819
    Temperature: 25.0
    "
Co1 Cr1 Fe1 Mn1 Ni1 V0.5,1.580909090909091,1.7536363636363637,7.727272727272727,4.142727272727273,161.8181818181818,211.0909090909091,68.20093363101279,1823.877272727273,-21.28872344,20.72727272727273,4.032727272727273,5.110000000000001e-21,2.096818181818182,6.018181818181819,0.21999999999999997,0.3599999999999999,5.0,2.3899999999999997,60.0,151.0,89.0,646.0,8.737094040000002,20.0,6.380000000000001,1.95e-21,1.3920000000000001,1.7999999999999998,0.005913888888888885,0.01852222222222222,2.9166666666666665,0.4951666666666666,413.8888888888889,1921.1388888888887,774.888888888889,51849.666666666664,11.484732370025231,65.21225,4.973047222222223,4.3652499999999995e-43,0.19005758333333336,0.35555555555555546,25.0,275.0,"
    Formula: Co1 Cr1 Fe1 Mn1 Ni1 V0.5
    avg_Atomic_Radius: 1.580909090909091
    avg_Pauling_Electronegativity: 1.7536363636363637
    avg_number_of_valence_electrons: 7.727272727272727
    avg_Cohesive_energy_ev_atom: 4.142727272727273
    avg_Bulk_modulus_RT_Gpa: 161.8181818181818
    avg_Elastic_modulus_RT_Gpa: 211.0909090909091
    avg_Melting_point_(K): 1823.877272727273
    avg_lattice_constant_A: 4.032727272727273
    avg_BEC_percm3: 5.110000000000001e-21
    avg_Av.Valence_bond_strength_ev: 2.096818181818182
    avg_EngelZ_e/a: 6.018181818181819
    Temperature: 25.0
    "
Co1 Cr1 Fe1 Mn1 Ni1 V0.75,1.586521739130435,1.7482608695652173,7.608695652173913,4.193478260869565,161.73913043478262,207.47826086956522,68.20093363101279,1838.628260869565,-21.28872344,20.72727272727273,3.9886956521739134,5.044782608695652e-21,2.126913043478261,5.973913043478261,0.21999999999999997,0.3599999999999999,5.0,2.3899999999999997,60.0,151.0,89.0,646.0,8.737094040000002,20.0,6.380000000000001,1.95e-21,1.3920000000000001,1.7999999999999998,0.005913888888888885,0.01852222222222222,2.9166666666666665,0.4951666666666666,413.8888888888889,1921.1388888888887,774.888888888889,51849.666666666664,11.484732370025231,65.21225,4.973047222222223,4.3652499999999995e-43,0.19005758333333336,0.35555555555555546,25.0,380.0,"
    Formula: Co1 Cr1 Fe1 Mn1 Ni1 V0.75
    avg_Atomic_Radius: 1.586521739130435
    avg_Pauling_Electronegativity: 1.7482608695652173
    avg_number_of_valence_electrons: 7.608695652173913
    avg_Cohesive_energy_ev_atom: 4.193478260869565
    avg_Bulk_modulus_RT_Gpa: 161.73913043478262
    avg_Elastic_modulus_RT_Gpa: 207.47826086956522
    avg_Melting_point_(K): 1838.628260869565
    avg_lattice_constant_A: 3.9886956521739134
    avg_BEC_percm3: 5.044782608695652e-21
    avg_Av.Valence_bond_strength_ev: 2.126913043478261
    avg_EngelZ_e/a: 5.973913043478261
    Temperature: 25.0
    "
Co1 Cr1 Fe1 Mn1 Ni1 V0.75,1.586521739130435,1.7482608695652173,7.608695652173913,4.193478260869565,161.73913043478262,207.47826086956522,68.20093363101279,1838.628260869565,-21.28872344,20.72727272727273,3.9886956521739134,5.044782608695652e-21,2.126913043478261,5.973913043478261,0.21999999999999997,0.3599999999999999,5.0,2.3899999999999997,60.0,151.0,89.0,646.0,8.737094040000002,20.0,6.380000000000001,1.95e-21,1.3920000000000001,1.7999999999999998,0.005913888888888885,0.01852222222222222,2.9166666666666665,0.4951666666666666,413.8888888888889,1921.1388888888887,774.888888888889,51849.666666666664,11.484732370025231,65.21225,4.973047222222223,4.3652499999999995e-43,0.19005758333333336,0.35555555555555546,25.0,342.0,"
    Formula: Co1 Cr1 Fe1 Mn1 Ni1 V0.75
    avg_Atomic_Radius: 1.586521739130435
    avg_Pauling_Electronegativity: 1.7482608695652173
    avg_number_of_valence_electrons: 7.608695652173913
    avg_Cohesive_energy_ev_atom: 4.193478260869565
    avg_Bulk_modulus_RT_Gpa: 161.73913043478262
    avg_Elastic_modulus_RT_Gpa: 207.47826086956522
    avg_Melting_point_(K): 1838.628260869565
    avg_lattice_constant_A: 3.9886956521739134
    avg_BEC_percm3: 5.044782608695652e-21
    avg_Av.Valence_bond_strength_ev: 2.126913043478261
    avg_EngelZ_e/a: 5.973913043478261
    Temperature: 25.0
    "
Co1 Cr1 Fe1 Mn1 Ni1 V1,1.5916666666666663,1.7433333333333332,7.499999999999999,4.239999999999999,161.66666666666666,204.16666666666666,68.20093363101279,1852.15,-21.28872344,20.72727272727273,3.9483333333333337,4.985e-21,2.1545,5.933333333333333,0.21999999999999997,0.3599999999999999,5.0,2.3899999999999997,60.0,151.0,89.0,646.0,8.737094040000002,20.0,6.380000000000001,1.95e-21,1.3920000000000001,1.7999999999999998,0.005913888888888885,0.01852222222222222,2.9166666666666665,0.4951666666666666,413.8888888888889,1921.1388888888887,774.888888888889,51849.666666666664,11.484732370025231,65.21225,4.973047222222223,4.3652499999999995e-43,0.19005758333333336,0.35555555555555546,25.0,636.0,"
    Formula: Co1 Cr1 Fe1 Mn1 Ni1 V1
    avg_Atomic_Radius: 1.5916666666666663
    avg_Pauling_Electronegativity: 1.7433333333333332
    avg_number_of_valence_electrons: 7.499999999999999
    avg_Cohesive_energy_ev_atom: 4.239999999999999
    avg_Bulk_modulus_RT_Gpa: 161.66666666666666
    avg_Elastic_modulus_RT_Gpa: 204.16666666666666
    avg_Melting_point_(K): 1852.15
    avg_lattice_constant_A: 3.9483333333333337
    avg_BEC_percm3: 4.985e-21
    avg_Av.Valence_bond_strength_ev: 2.1545
    avg_EngelZ_e/a: 5.933333333333333
    Temperature: 25.0
    "
Co1 Cr1 Fe1 Mn1 Ni1 V1,1.5916666666666663,1.7433333333333332,7.499999999999999,4.239999999999999,161.66666666666666,204.16666666666666,68.20093363101279,1852.15,-21.28872344,20.72727272727273,3.9483333333333337,4.985e-21,2.1545,5.933333333333333,0.21999999999999997,0.3599999999999999,5.0,2.3899999999999997,60.0,151.0,89.0,646.0,8.737094040000002,20.0,6.380000000000001,1.95e-21,1.3920000000000001,1.7999999999999998,0.005913888888888885,0.01852222222222222,2.9166666666666665,0.4951666666666666,413.8888888888889,1921.1388888888887,774.888888888889,51849.666666666664,11.484732370025231,65.21225,4.973047222222223,4.3652499999999995e-43,0.19005758333333336,0.35555555555555546,25.0,650.0,"
    Formula: Co1 Cr1 Fe1 Mn1 Ni1 V1
    avg_Atomic_Radius: 1.5916666666666663
    avg_Pauling_Electronegativity: 1.7433333333333332
    avg_number_of_valence_electrons: 7.499999999999999
    avg_Cohesive_energy_ev_atom: 4.239999999999999
    avg_Bulk_modulus_RT_Gpa: 161.66666666666666
    avg_Elastic_modulus_RT_Gpa: 204.16666666666666
    avg_Melting_point_(K): 1852.15
    avg_lattice_constant_A: 3.9483333333333337
    avg_BEC_percm3: 4.985e-21
    avg_Av.Valence_bond_strength_ev: 2.1545
    avg_EngelZ_e/a: 5.933333333333333
    Temperature: 25.0
    "
Al0.2 Cr0.667 Fe1 Mn0.667 Ni0.333,1.5602581095221488,1.7192535751656786,7.185559818625741,3.8782211370770843,150.64527380537146,212.68189745378444,68.20093363101279,1744.7984129752356,-21.28872344,20.72727272727273,4.430676665504011,5.0542657830484834e-21,1.9621935821416114,6.046668991977677,0.48,0.3599999999999999,7.0,1.5200000000000005,104.0,209.0,89.0,1197.0,8.737094040000002,20.0,6.0200000000000005,3.75e-21,1.0970000000000002,3.8,0.028760000000000015,0.01849599999999999,5.36,0.3338240000000001,1477.7599999999998,4582.64,774.888888888889,157843.76000000004,11.484732370025231,65.21225,5.139896000000001,1.9311360000000005e-42,0.16497160000000002,1.8016,25.0,297.0,"
    Formula: Al0.2 Cr0.667 Fe1 Mn0.667 Ni0.333
    avg_Atomic_Radius: 1.5602581095221488
    avg_Pauling_Electronegativity: 1.7192535751656786
    avg_number_of_valence_electrons: 7.185559818625741
    avg_Cohesive_energy_ev_atom: 3.8782211370770843
    avg_Bulk_modulus_RT_Gpa: 150.64527380537146
    avg_Elastic_modulus_RT_Gpa: 212.68189745378444
    avg_Melting_point_(K): 1744.7984129752356
    avg_lattice_constant_A: 4.430676665504011
    avg_BEC_percm3: 5.0542657830484834e-21
    avg_Av.Valence_bond_strength_ev: 1.9621935821416114
    avg_EngelZ_e/a: 6.046668991977677
    Temperature: 25.0
    "
Al0.333 Cr0.667 Fe1 Mn0.667 Ni0.333,1.5433999999999999,1.7144100000000002,7.000000000000001,3.8565766666666668,147.336,206.35633333333334,68.20093363101279,1708.8153333333335,-21.28872344,20.72727272727273,4.4138,4.910436666666668e-21,1.9857703333333334,5.911600000000001,0.48,0.3599999999999999,7.0,1.5200000000000005,104.0,209.0,89.0,1197.0,8.737094040000002,20.0,6.0200000000000005,3.75e-21,1.0970000000000002,3.8,0.028760000000000015,0.01849599999999999,5.36,0.3338240000000001,1477.7599999999998,4582.64,774.888888888889,157843.76000000004,11.484732370025231,65.21225,5.139896000000001,1.9311360000000005e-42,0.16497160000000002,1.8016,25.0,396.0,"
    Formula: Al0.333 Cr0.667 Fe1 Mn0.667 Ni0.333
    avg_Atomic_Radius: 1.5433999999999999
    avg_Pauling_Electronegativity: 1.7144100000000002
    avg_number_of_valence_electrons: 7.000000000000001
    avg_Cohesive_energy_ev_atom: 3.8565766666666668
    avg_Bulk_modulus_RT_Gpa: 147.336
    avg_Elastic_modulus_RT_Gpa: 206.35633333333334
    avg_Melting_point_(K): 1708.8153333333335
    avg_lattice_constant_A: 4.4138
    avg_BEC_percm3: 4.910436666666668e-21
    avg_Av.Valence_bond_strength_ev: 1.9857703333333334
    avg_EngelZ_e/a: 5.911600000000001
    Temperature: 25.0
    "
Al1 Cr1 Fe1 Ni1,1.4725000000000001,1.7525,6.75,4.0525,146.5,190.0,74.75,1649.4,-23.053150207499996,14.675,3.33,4.287500000000001e-21,2.25575,5.2,0.48,0.2999999999999998,7.0,1.0500000000000003,104.0,209.0,89.0,1197.0,6.253642030000002,20.0,1.1799999999999997,3.63e-21,0.6430000000000002,3.4000000000000004,0.03216875000000001,0.014918749999999995,6.6875,0.16076875000000004,1706.75,5715.5,1012.6875,193806.68750000006,4.921177727357701,63.886875,0.24214999999999992,2.0900687500000005e-42,0.05872418750000003,1.7400000000000002,25.0,472.0,"
    Formula: Al1 Cr1 Fe1 Ni1
    avg_Atomic_Radius: 1.4725000000000001
    avg_Pauling_Electronegativity: 1.7525
    avg_number_of_valence_electrons: 6.75
    avg_Cohesive_energy_ev_atom: 4.0525
    avg_Bulk_modulus_RT_Gpa: 146.5
    avg_Elastic_modulus_RT_Gpa: 190.0
    avg_Melting_point_(K): 1649.4
    avg_lattice_constant_A: 3.33
    avg_BEC_percm3: 4.287500000000001e-21
    avg_Av.Valence_bond_strength_ev: 2.25575
    avg_EngelZ_e/a: 5.2
    Temperature: 25.0
    "
Al1 Cr1 Fe1 Mo1 Ni1,1.5580000000000003,1.8340000000000005,6.6000000000000005,4.606,163.2,217.8,63.800000000000004,1897.5500000000002,-19.0380866812,31.740000000000002,3.2940000000000005,4.198000000000001e-21,2.6908,5.360000000000001,0.72,0.55,7.0,3.43,154.0,259.0,95.0,1957.0,23.042646454,95.0,1.1799999999999997,3.63e-21,2.58,3.4000000000000004,0.05497599999999999,0.03850400000000001,5.4399999999999995,1.3540640000000002,2480.96,7663.76,1289.76,401359.04000000004,68.41988266278452,1215.9664,0.19890399999999997,1.7040960000000008e-42,0.8040533599999999,1.4944000000000002,25.0,905.0,"
    Formula: Al1 Cr1 Fe1 Mo1 Ni1
    avg_Atomic_Radius: 1.5580000000000003
    avg_Pauling_Electronegativity: 1.8340000000000005
    avg_number_of_valence_electrons: 6.6000000000000005
    avg_Cohesive_energy_ev_atom: 4.606
    avg_Bulk_modulus_RT_Gpa: 163.2
    avg_Elastic_modulus_RT_Gpa: 217.8
    avg_Melting_point_(K): 1897.5500000000002
    avg_lattice_constant_A: 3.2940000000000005
    avg_BEC_percm3: 4.198000000000001e-21
    avg_Av.Valence_bond_strength_ev: 2.6908
    avg_EngelZ_e/a: 5.360000000000001
    Temperature: 25.0
    "
Al1 Cr1 Fe1 Mo0.2 Ni1,1.4928571428571424,1.7719047619047619,6.7142857142857135,4.184285714285714,150.47619047619045,196.61904761904762,72.14285714285714,1708.4833333333333,-22.097182701238097,18.738095238095237,3.321428571428571,4.2661904761904765e-21,2.3593333333333333,5.238095238095237,0.72,0.55,7.0,3.43,154.0,259.0,95.0,1957.0,23.042646454,95.0,1.1799999999999997,3.63e-21,2.58,3.4000000000000004,0.05497599999999999,0.03850400000000001,5.4399999999999995,1.3540640000000002,2480.96,7663.76,1289.76,401359.04000000004,68.41988266278452,1215.9664,0.19890399999999997,1.7040960000000008e-42,0.8040533599999999,1.4944000000000002,25.0,549.0,"
    Formula: Al1 Cr1 Fe1 Mo0.2 Ni1
    avg_Atomic_Radius: 1.4928571428571424
    avg_Pauling_Electronegativity: 1.7719047619047619
    avg_number_of_valence_electrons: 6.7142857142857135
    avg_Cohesive_energy_ev_atom: 4.184285714285714
    avg_Bulk_modulus_RT_Gpa: 150.47619047619045
    avg_Elastic_modulus_RT_Gpa: 196.61904761904762
    avg_Melting_point_(K): 1708.4833333333333
    avg_lattice_constant_A: 3.321428571428571
    avg_BEC_percm3: 4.2661904761904765e-21
    avg_Av.Valence_bond_strength_ev: 2.3593333333333333
    avg_EngelZ_e/a: 5.238095238095237
    Temperature: 25.0
    "
Al1 Cr1 Fe1 Mo0.5 Ni1,1.52,1.7977777777777777,6.666666666666667,4.359999999999999,155.77777777777777,205.44444444444446,68.66666666666667,1787.2611111111112,-20.822559359555555,24.155555555555555,3.3099999999999996,4.237777777777778e-21,2.497444444444444,5.28888888888889,0.72,0.55,7.0,3.43,154.0,259.0,95.0,1957.0,23.042646454,95.0,1.1799999999999997,3.63e-21,2.58,3.4000000000000004,0.05497599999999999,0.03850400000000001,5.4399999999999995,1.3540640000000002,2480.96,7663.76,1289.76,401359.04000000004,68.41988266278452,1215.9664,0.19890399999999997,1.7040960000000008e-42,0.8040533599999999,1.4944000000000002,25.0,622.0,"
    Formula: Al1 Cr1 Fe1 Mo0.5 Ni1
    avg_Atomic_Radius: 1.52
    avg_Pauling_Electronegativity: 1.7977777777777777
    avg_number_of_valence_electrons: 6.666666666666667
    avg_Cohesive_energy_ev_atom: 4.359999999999999
    avg_Bulk_modulus_RT_Gpa: 155.77777777777777
    avg_Elastic_modulus_RT_Gpa: 205.44444444444446
    avg_Melting_point_(K): 1787.2611111111112
    avg_lattice_constant_A: 3.3099999999999996
    avg_BEC_percm3: 4.237777777777778e-21
    avg_Av.Valence_bond_strength_ev: 2.497444444444444
    avg_EngelZ_e/a: 5.28888888888889
    Temperature: 25.0
    "
Al1 Cr1 Fe1 Mo0.8 Ni1,1.5437500000000002,1.8204166666666668,6.625,4.51375,160.41666666666669,213.16666666666669,65.62500000000001,1856.191666666667,-19.70726393558333,28.89583333333334,3.3000000000000003,4.212916666666667e-21,2.618291666666667,5.333333333333334,0.72,0.55,7.0,3.43,154.0,259.0,95.0,1957.0,23.042646454,95.0,1.1799999999999997,3.63e-21,2.58,3.4000000000000004,0.05497599999999999,0.03850400000000001,5.4399999999999995,1.3540640000000002,2480.96,7663.76,1289.76,401359.04000000004,68.41988266278452,1215.9664,0.19890399999999997,1.7040960000000008e-42,0.8040533599999999,1.4944000000000002,25.0,854.0,"
    Formula: Al1 Cr1 Fe1 Mo0.8 Ni1
    avg_Atomic_Radius: 1.5437500000000002
    avg_Pauling_Electronegativity: 1.8204166666666668
    avg_number_of_valence_electrons: 6.625
    avg_Cohesive_energy_ev_atom: 4.51375
    avg_Bulk_modulus_RT_Gpa: 160.41666666666669
    avg_Elastic_modulus_RT_Gpa: 213.16666666666669
    avg_Melting_point_(K): 1856.191666666667
    avg_lattice_constant_A: 3.3000000000000003
    avg_BEC_percm3: 4.212916666666667e-21
    avg_Av.Valence_bond_strength_ev: 2.618291666666667
    avg_EngelZ_e/a: 5.333333333333334
    Temperature: 25.0
    "
Al0.3 Co1 Cr1 Cu1 Fe1,1.521860465116279,1.8030232558139534,8.116279069767442,4.017906976744186,156.46511627906978,197.67441860465118,76.23255813953489,1707.5686046511628,-22.780269762790695,11.832558139534884,3.0430232558139534,4.640232558139535e-21,2.200976744186047,5.441860465116279,0.48,0.2899999999999998,8.0,0.9999999999999996,104.0,209.0,89.0,1197.0,6.253642030000002,19.7,1.54,3.63e-21,0.6430000000000002,3.4000000000000004,0.026224000000000004,0.014023999999999991,7.44,0.16963999999999987,1372.16,5240.5599999999995,922.1600000000001,171361.60000000003,4.824093728789082,63.357600000000005,0.31534399999999996,1.9669040000000003e-42,0.04661560000000002,1.7440000000000002,25.0,180.0,"
    Formula: Al0.3 Co1 Cr1 Cu1 Fe1
    avg_Atomic_Radius: 1.521860465116279
    avg_Pauling_Electronegativity: 1.8030232558139534
    avg_number_of_valence_electrons: 8.116279069767442
    avg_Cohesive_energy_ev_atom: 4.017906976744186
    avg_Bulk_modulus_RT_Gpa: 156.46511627906978
    avg_Elastic_modulus_RT_Gpa: 197.67441860465118
    avg_Melting_point_(K): 1707.5686046511628
    avg_lattice_constant_A: 3.0430232558139534
    avg_BEC_percm3: 4.640232558139535e-21
    avg_Av.Valence_bond_strength_ev: 2.200976744186047
    avg_EngelZ_e/a: 5.441860465116279
    Temperature: 25.0
    "
Al0.5 Co1 Cr1 Cu1 Fe1,1.5066666666666666,1.7944444444444443,7.888888888888888,3.9899999999999993,152.88888888888889,192.0,74.0,1673.15,-22.646339417777778,12.177777777777777,3.0877777777777773,4.5144444444444445e-21,2.214,5.333333333333333,0.48,0.2899999999999998,8.0,0.9999999999999996,104.0,209.0,89.0,1197.0,6.253642030000002,19.7,1.54,3.63e-21,0.6430000000000002,3.4000000000000004,0.026224000000000004,0.014023999999999991,7.44,0.16963999999999987,1372.16,5240.5599999999995,922.1600000000001,171361.60000000003,4.824093728789082,63.357600000000005,0.31534399999999996,1.9669040000000003e-42,0.04661560000000002,1.7440000000000002,25.0,207.0,"
    Formula: Al0.5 Co1 Cr1 Cu1 Fe1
    avg_Atomic_Radius: 1.5066666666666666
    avg_Pauling_Electronegativity: 1.7944444444444443
    avg_number_of_valence_electrons: 7.888888888888888
    avg_Cohesive_energy_ev_atom: 3.9899999999999993
    avg_Bulk_modulus_RT_Gpa: 152.88888888888889
    avg_Elastic_modulus_RT_Gpa: 192.0
    avg_Melting_point_(K): 1673.15
    avg_lattice_constant_A: 3.0877777777777773
    avg_BEC_percm3: 4.5144444444444445e-21
    avg_Av.Valence_bond_strength_ev: 2.214
    avg_EngelZ_e/a: 5.333333333333333
    Temperature: 25.0
    "
Al0.8 Co1 Cr1 Cu1 Fe1,1.48625,1.7829166666666667,7.583333333333334,3.9524999999999997,148.08333333333334,184.37500000000003,71.0,1626.9,-22.466370516666668,12.641666666666667,3.1479166666666667,4.345416666666667e-21,2.2315,5.1875,0.48,0.2899999999999998,8.0,0.9999999999999996,104.0,209.0,89.0,1197.0,6.253642030000002,19.7,1.54,3.63e-21,0.6430000000000002,3.4000000000000004,0.026224000000000004,0.014023999999999991,7.44,0.16963999999999987,1372.16,5240.5599999999995,922.1600000000001,171361.60000000003,4.824093728789082,63.357600000000005,0.31534399999999996,1.9669040000000003e-42,0.04661560000000002,1.7440000000000002,25.0,271.0,"
    Formula: Al0.8 Co1 Cr1 Cu1 Fe1
    avg_Atomic_Radius: 1.48625
    avg_Pauling_Electronegativity: 1.7829166666666667
    avg_number_of_valence_electrons: 7.583333333333334
    avg_Cohesive_energy_ev_atom: 3.9524999999999997
    avg_Bulk_modulus_RT_Gpa: 148.08333333333334
    avg_Elastic_modulus_RT_Gpa: 184.37500000000003
    avg_Melting_point_(K): 1626.9
    avg_lattice_constant_A: 3.1479166666666667
    avg_BEC_percm3: 4.345416666666667e-21
    avg_Av.Valence_bond_strength_ev: 2.2315
    avg_EngelZ_e/a: 5.1875
    Temperature: 25.0
    "
Al1 Co0.769 Cr0.769 Cu0.769 Fe0.769,1.4573380765456327,1.7665922473012756,7.150637880274779,3.8993964671246317,141.2782139352306,173.57728164867515,66.75171736997055,1561.4056427870462,-22.211517597821395,13.298577036310107,3.2330789990186455,4.10605740922473e-21,2.256281648675172,4.980986261040235,0.48,0.2899999999999998,8.0,0.9999999999999996,104.0,209.0,89.0,1197.0,6.253642030000002,19.7,1.54,3.63e-21,0.6430000000000002,3.4000000000000004,0.026224000000000004,0.014023999999999991,7.44,0.16963999999999987,1372.16,5240.5599999999995,922.1600000000001,171361.60000000003,4.824093728789082,63.357600000000005,0.31534399999999996,1.9669040000000003e-42,0.04661560000000002,1.7440000000000002,25.0,476.0,"
    Formula: Al1 Co0.769 Cr0.769 Cu0.769 Fe0.769
    avg_Atomic_Radius: 1.4573380765456327
    avg_Pauling_Electronegativity: 1.7665922473012756
    avg_number_of_valence_electrons: 7.150637880274779
    avg_Cohesive_energy_ev_atom: 3.8993964671246317
    avg_Bulk_modulus_RT_Gpa: 141.2782139352306
    avg_Elastic_modulus_RT_Gpa: 173.57728164867515
    avg_Melting_point_(K): 1561.4056427870462
    avg_lattice_constant_A: 3.2330789990186455
    avg_BEC_percm3: 4.10605740922473e-21
    avg_Av.Valence_bond_strength_ev: 2.256281648675172
    avg_EngelZ_e/a: 4.980986261040235
    Temperature: 25.0
    "
Al1 Co0.667 Cr0.667 Cu0.667 Fe0.667,1.4473091603053434,1.7609296619411126,7.000545256270447,3.8809760087241,138.91766630316246,169.83178844056707,65.27808069792802,1538.6870774263905,-22.123114673653212,13.526444929116686,3.262619956379498,4.023028898582334e-21,2.26487786259542,4.909351145038167,0.48,0.2899999999999998,8.0,0.9999999999999996,104.0,209.0,89.0,1197.0,6.253642030000002,19.7,1.54,3.63e-21,0.6430000000000002,3.4000000000000004,0.026224000000000004,0.014023999999999991,7.44,0.16963999999999987,1372.16,5240.5599999999995,922.1600000000001,171361.60000000003,4.824093728789082,63.357600000000005,0.31534399999999996,1.9669040000000003e-42,0.04661560000000002,1.7440000000000002,25.0,510.0,"
    Formula: Al1 Co0.667 Cr0.667 Cu0.667 Fe0.667
    avg_Atomic_Radius: 1.4473091603053434
    avg_Pauling_Electronegativity: 1.7609296619411126
    avg_number_of_valence_electrons: 7.000545256270447
    avg_Cohesive_energy_ev_atom: 3.8809760087241
    avg_Bulk_modulus_RT_Gpa: 138.91766630316246
    avg_Elastic_modulus_RT_Gpa: 169.83178844056707
    avg_Melting_point_(K): 1538.6870774263905
    avg_lattice_constant_A: 3.262619956379498
    avg_BEC_percm3: 4.023028898582334e-21
    avg_Av.Valence_bond_strength_ev: 2.26487786259542
    avg_EngelZ_e/a: 4.909351145038167
    Temperature: 25.0
    "
Al1 Co0.556 Cr0.556 Cu0.556 Fe0.556,1.4335111662531017,1.7531389578163772,6.794044665012407,3.855632754342432,135.66997518610424,164.6786600496278,63.250620347394545,1507.4303970223327,-22.001488069875933,13.839950372208438,3.3032630272952854,3.908796526054591e-21,2.276704714640199,4.810794044665013,0.48,0.2899999999999998,8.0,0.9999999999999996,104.0,209.0,89.0,1197.0,6.253642030000002,19.7,1.54,3.63e-21,0.6430000000000002,3.4000000000000004,0.026224000000000004,0.014023999999999991,7.44,0.16963999999999987,1372.16,5240.5599999999995,922.1600000000001,171361.60000000003,4.824093728789082,63.357600000000005,0.31534399999999996,1.9669040000000003e-42,0.04661560000000002,1.7440000000000002,25.0,557.0,"
    Formula: Al1 Co0.556 Cr0.556 Cu0.556 Fe0.556
    avg_Atomic_Radius: 1.4335111662531017
    avg_Pauling_Electronegativity: 1.7531389578163772
    avg_number_of_valence_electrons: 6.794044665012407
    avg_Cohesive_energy_ev_atom: 3.855632754342432
    avg_Bulk_modulus_RT_Gpa: 135.66997518610424
    avg_Elastic_modulus_RT_Gpa: 164.6786600496278
    avg_Melting_point_(K): 1507.4303970223327
    avg_lattice_constant_A: 3.3032630272952854
    avg_BEC_percm3: 3.908796526054591e-21
    avg_Av.Valence_bond_strength_ev: 2.276704714640199
    avg_EngelZ_e/a: 4.810794044665013
    Temperature: 25.0
    "
Al1 Co0.5 Cr0.5 Cu0.5 Fe0.5,1.4249999999999998,1.748333333333333,6.666666666666666,3.8399999999999994,133.66666666666666,161.49999999999997,61.99999999999999,1488.1499999999999,-21.92646381333333,14.033333333333331,3.328333333333333,3.838333333333333e-21,2.284,4.75,0.48,0.2899999999999998,8.0,0.9999999999999996,104.0,209.0,89.0,1197.0,6.253642030000002,19.7,1.54,3.63e-21,0.6430000000000002,3.4000000000000004,0.026224000000000004,0.014023999999999991,7.44,0.16963999999999987,1372.16,5240.5599999999995,922.1600000000001,171361.60000000003,4.824093728789082,63.357600000000005,0.31534399999999996,1.9669040000000003e-42,0.04661560000000002,1.7440000000000002,25.0,567.0,"
    Formula: Al1 Co0.5 Cr0.5 Cu0.5 Fe0.5
    avg_Atomic_Radius: 1.4249999999999998
    avg_Pauling_Electronegativity: 1.748333333333333
    avg_number_of_valence_electrons: 6.666666666666666
    avg_Cohesive_energy_ev_atom: 3.8399999999999994
    avg_Bulk_modulus_RT_Gpa: 133.66666666666666
    avg_Elastic_modulus_RT_Gpa: 161.49999999999997
    avg_Melting_point_(K): 1488.1499999999999
    avg_lattice_constant_A: 3.328333333333333
    avg_BEC_percm3: 3.838333333333333e-21
    avg_Av.Valence_bond_strength_ev: 2.284
    avg_EngelZ_e/a: 4.75
    Temperature: 25.0
    "
Al1 Co0.435 Cr0.435 Cu0.435 Fe0.435,1.413375912408759,1.7417700729927006,6.492700729927007,3.818649635036496,130.93065693430657,157.1587591240876,60.29197080291971,1461.817883211679,-21.823999767445258,14.297445255474454,3.3625729927007297,3.742098540145986e-21,2.293963503649635,4.666970802919709,0.48,0.2899999999999998,8.0,0.9999999999999996,104.0,209.0,89.0,1197.0,6.253642030000002,19.7,1.54,3.63e-21,0.6430000000000002,3.4000000000000004,0.026224000000000004,0.014023999999999991,7.44,0.16963999999999987,1372.16,5240.5599999999995,922.1600000000001,171361.60000000003,4.824093728789082,63.357600000000005,0.31534399999999996,1.9669040000000003e-42,0.04661560000000002,1.7440000000000002,25.0,603.0,"
    Formula: Al1 Co0.435 Cr0.435 Cu0.435 Fe0.435
    avg_Atomic_Radius: 1.413375912408759
    avg_Pauling_Electronegativity: 1.7417700729927006
    avg_number_of_valence_electrons: 6.492700729927007
    avg_Cohesive_energy_ev_atom: 3.818649635036496
    avg_Bulk_modulus_RT_Gpa: 130.93065693430657
    avg_Elastic_modulus_RT_Gpa: 157.1587591240876
    avg_Melting_point_(K): 1461.817883211679
    avg_lattice_constant_A: 3.3625729927007297
    avg_BEC_percm3: 3.742098540145986e-21
    avg_Av.Valence_bond_strength_ev: 2.293963503649635
    avg_EngelZ_e/a: 4.666970802919709
    Temperature: 25.0
    "
Al1 Co0.4 Cr0.4 Cu0.4 Fe0.4,1.4061538461538463,1.737692307692308,6.384615384615386,3.8053846153846163,129.23076923076925,154.4615384615385,59.23076923076925,1445.4576923076927,-21.760338673846157,14.461538461538465,3.383846153846154,3.6823076923076934e-21,2.300153846153847,4.615384615384617,0.48,0.2899999999999998,8.0,0.9999999999999996,104.0,209.0,89.0,1197.0,6.253642030000002,19.7,1.54,3.63e-21,0.6430000000000002,3.4000000000000004,0.026224000000000004,0.014023999999999991,7.44,0.16963999999999987,1372.16,5240.5599999999995,922.1600000000001,171361.60000000003,4.824093728789082,63.357600000000005,0.31534399999999996,1.9669040000000003e-42,0.04661560000000002,1.7440000000000002,25.0,624.0,"
    Formula: Al1 Co0.4 Cr0.4 Cu0.4 Fe0.4
    avg_Atomic_Radius: 1.4061538461538463
    avg_Pauling_Electronegativity: 1.737692307692308
    avg_number_of_valence_electrons: 6.384615384615386
    avg_Cohesive_energy_ev_atom: 3.8053846153846163
    avg_Bulk_modulus_RT_Gpa: 129.23076923076925
    avg_Elastic_modulus_RT_Gpa: 154.4615384615385
    avg_Melting_point_(K): 1445.4576923076927
    avg_lattice_constant_A: 3.383846153846154
    avg_BEC_percm3: 3.6823076923076934e-21
    avg_Av.Valence_bond_strength_ev: 2.300153846153847
    avg_EngelZ_e/a: 4.615384615384617
    Temperature: 25.0
    "
Al1 Co0.357 Cr0.357 Cu0.357 Fe0.357,1.396140856672158,1.7320387149917624,6.234761120263591,3.7869934102141674,126.87397034596374,150.72199341021417,57.75947281713344,1422.7752059308073,-21.672076140922567,14.689044481054367,3.4133401976935747,3.599411037891269e-21,2.3087364085667215,4.5438632619439865,0.48,0.2899999999999998,8.0,0.9999999999999996,104.0,209.0,89.0,1197.0,6.253642030000002,19.7,1.54,3.63e-21,0.6430000000000002,3.4000000000000004,0.026224000000000004,0.014023999999999991,7.44,0.16963999999999987,1372.16,5240.5599999999995,922.1600000000001,171361.60000000003,4.824093728789082,63.357600000000005,0.31534399999999996,1.9669040000000003e-42,0.04661560000000002,1.7440000000000002,25.0,657.0,"
    Formula: Al1 Co0.357 Cr0.357 Cu0.357 Fe0.357
    avg_Atomic_Radius: 1.396140856672158
    avg_Pauling_Electronegativity: 1.7320387149917624
    avg_number_of_valence_electrons: 6.234761120263591
    avg_Cohesive_energy_ev_atom: 3.7869934102141674
    avg_Bulk_modulus_RT_Gpa: 126.87397034596374
    avg_Elastic_modulus_RT_Gpa: 150.72199341021417
    avg_Melting_point_(K): 1422.7752059308073
    avg_lattice_constant_A: 3.4133401976935747
    avg_BEC_percm3: 3.599411037891269e-21
    avg_Av.Valence_bond_strength_ev: 2.3087364085667215
    avg_EngelZ_e/a: 4.5438632619439865
    Temperature: 25.0
    "
Al1 Co0.333 Cr0.333 Cu0.333 Fe0.333,1.3899099485420243,1.7285205831903947,6.1415094339622645,3.7755488850771872,125.40737564322473,148.3949399656947,56.84391080617496,1408.6602915951974,-21.617151911252147,14.830617495711838,3.431693825042882,3.54782590051458e-21,2.31407718696398,4.499356775300171,0.48,0.2899999999999998,8.0,0.9999999999999996,104.0,209.0,89.0,1197.0,6.253642030000002,19.7,1.54,3.63e-21,0.6430000000000002,3.4000000000000004,0.026224000000000004,0.014023999999999991,7.44,0.16963999999999987,1372.16,5240.5599999999995,922.1600000000001,171361.60000000003,4.824093728789082,63.357600000000005,0.31534399999999996,1.9669040000000003e-42,0.04661560000000002,1.7440000000000002,25.0,644.0,"
    Formula: Al1 Co0.333 Cr0.333 Cu0.333 Fe0.333
    avg_Atomic_Radius: 1.3899099485420243
    avg_Pauling_Electronegativity: 1.7285205831903947
    avg_number_of_valence_electrons: 6.1415094339622645
    avg_Cohesive_energy_ev_atom: 3.7755488850771872
    avg_Bulk_modulus_RT_Gpa: 125.40737564322473
    avg_Elastic_modulus_RT_Gpa: 148.3949399656947
    avg_Melting_point_(K): 1408.6602915951974
    avg_lattice_constant_A: 3.431693825042882
    avg_BEC_percm3: 3.54782590051458e-21
    avg_Av.Valence_bond_strength_ev: 2.31407718696398
    avg_EngelZ_e/a: 4.499356775300171
    Temperature: 25.0
    "
Al1 Co1 Cr1 Cu1 Fe1,1.4740000000000002,1.7760000000000002,7.4,3.9299999999999997,145.2,179.8,69.2,1599.15,-22.358389176000003,12.92,3.184,4.244000000000001e-21,2.242,5.1000000000000005,0.48,0.2899999999999998,8.0,0.9999999999999996,104.0,209.0,89.0,1197.0,6.253642030000002,19.7,1.54,3.63e-21,0.6430000000000002,3.4000000000000004,0.026224000000000004,0.014023999999999991,7.44,0.16963999999999987,1372.16,5240.5599999999995,922.1600000000001,171361.60000000003,4.824093728789082,63.357600000000005,0.31534399999999996,1.9669040000000003e-42,0.04661560000000002,1.7440000000000002,25.0,407.0,"
    Formula: Al1 Co1 Cr1 Cu1 Fe1
    avg_Atomic_Radius: 1.4740000000000002
    avg_Pauling_Electronegativity: 1.7760000000000002
    avg_number_of_valence_electrons: 7.4
    avg_Cohesive_energy_ev_atom: 3.9299999999999997
    avg_Bulk_modulus_RT_Gpa: 145.2
    avg_Elastic_modulus_RT_Gpa: 179.8
    avg_Melting_point_(K): 1599.15
    avg_lattice_constant_A: 3.184
    avg_BEC_percm3: 4.244000000000001e-21
    avg_Av.Valence_bond_strength_ev: 2.242
    avg_EngelZ_e/a: 5.1000000000000005
    Temperature: 25.0
    "
Co1 Cr1 Cu1 Fe1,1.5474999999999999,1.8175,8.5,4.0649999999999995,162.5,207.25,80.0,1765.65,-23.00627722,11.25,2.9675000000000002,4.8525000000000005e-21,2.1790000000000003,5.625,0.20999999999999996,0.24,5.0,0.8999999999999995,40.0,149.0,67.0,774.0,5.374740800000001,19.7,1.1,1.9100000000000005e-21,0.5030000000000001,2.3000000000000007,0.005768749999999998,0.00891875,3.25,0.1209249999999999,218.75,2783.1875,569.5,75590.75,3.931322573195622,65.2525,0.15981875,6.0726875000000026e-43,0.038424500000000014,0.8018750000000003,25.0,134.0,"
    Formula: Co1 Cr1 Cu1 Fe1
    avg_Atomic_Radius: 1.5474999999999999
    avg_Pauling_Electronegativity: 1.8175
    avg_number_of_valence_electrons: 8.5
    avg_Cohesive_energy_ev_atom: 4.0649999999999995
    avg_Bulk_modulus_RT_Gpa: 162.5
    avg_Elastic_modulus_RT_Gpa: 207.25
    avg_Melting_point_(K): 1765.65
    avg_lattice_constant_A: 2.9675000000000002
    avg_BEC_percm3: 4.8525000000000005e-21
    avg_Av.Valence_bond_strength_ev: 2.1790000000000003
    avg_EngelZ_e/a: 5.625
    Temperature: 25.0
    "
Co1 Cr1 Cu0.5 Fe1 Ni1,1.5455555555555556,1.8288888888888888,8.555555555555555,4.212222222222222,168.88888888888889,214.22222222222223,82.66666666666666,1802.3722222222223,-23.28768660111111,10.488888888888887,3.0188888888888883,5.001111111111111e-21,2.1978888888888886,5.7444444444444445,0.20999999999999996,0.25,5.0,0.9500000000000002,40.0,149.0,67.0,774.0,5.374740800000001,20.0,1.1,1.9100000000000005e-21,0.5030000000000001,2.3000000000000007,0.0051439999999999975,0.008503999999999998,2.96,0.11923999999999997,224.0,2234.9599999999996,458.16000000000014,60722.240000000005,3.146243420657009,58.452,0.17669600000000002,4.858240000000002e-43,0.0341036,0.6496000000000003,25.0,172.0,"
    Formula: Co1 Cr1 Cu0.5 Fe1 Ni1
    avg_Atomic_Radius: 1.5455555555555556
    avg_Pauling_Electronegativity: 1.8288888888888888
    avg_number_of_valence_electrons: 8.555555555555555
    avg_Cohesive_energy_ev_atom: 4.212222222222222
    avg_Bulk_modulus_RT_Gpa: 168.88888888888889
    avg_Elastic_modulus_RT_Gpa: 214.22222222222223
    avg_Melting_point_(K): 1802.3722222222223
    avg_lattice_constant_A: 3.0188888888888883
    avg_BEC_percm3: 5.001111111111111e-21
    avg_Av.Valence_bond_strength_ev: 2.1978888888888886
    avg_EngelZ_e/a: 5.7444444444444445
    Temperature: 25.0
    "
Al0.5 B0.2 Co1 Cr1 Cu1 Fe1 Ni1,1.4814035087719295,1.8233333333333333,8.087719298245613,4.132807017543859,163.50877192982455,200.7017543859649,79.33333333333333,1706.2728070175438,-23.425276722807013,10.550877192982455,3.3615789473684208,4.554561403508772e-21,2.2548771929824563,5.2631578947368425,0.7899999999999999,0.42999999999999994,8.0,2.4199999999999995,244.0,330.0,190.0,1419.0,22.849163,23.3,6.220000000000001,3.63e-21,0.9780000000000002,3.4000000000000004,0.06382857142857143,0.019306122448979585,8.979591836734693,0.5466693877551018,4621.551020408164,9548.979591836734,3262.4081632653065,189902.48979591837,53.154360523910675,64.72408163265307,3.9293102040816335,1.4713632653061227e-42,0.07434767346938778,1.822448979591837,25.0,415.0,"
    Formula: Al0.5 B0.2 Co1 Cr1 Cu1 Fe1 Ni1
    avg_Atomic_Radius: 1.4814035087719295
    avg_Pauling_Electronegativity: 1.8233333333333333
    avg_number_of_valence_electrons: 8.087719298245613
    avg_Cohesive_energy_ev_atom: 4.132807017543859
    avg_Bulk_modulus_RT_Gpa: 163.50877192982455
    avg_Elastic_modulus_RT_Gpa: 200.7017543859649
    avg_Melting_point_(K): 1706.2728070175438
    avg_lattice_constant_A: 3.3615789473684208
    avg_BEC_percm3: 4.554561403508772e-21
    avg_Av.Valence_bond_strength_ev: 2.2548771929824563
    avg_EngelZ_e/a: 5.2631578947368425
    Temperature: 25.0
    "
Al0.5 B0.6 Co1 Cr1 Cu1 Fe1 Ni1,1.4413114754098362,1.8375409836065573,7.754098360655738,4.242786885245902,173.77049180327873,213.77049180327873,88.29508196721311,1748.625409836066,-24.683684806557377,9.97049180327869,3.7136065573770494,4.51360655737705e-21,2.292524590163935,5.114754098360656,0.7899999999999999,0.42999999999999994,8.0,2.4199999999999995,244.0,330.0,190.0,1419.0,22.849163,23.3,6.220000000000001,3.63e-21,0.9780000000000002,3.4000000000000004,0.06382857142857143,0.019306122448979585,8.979591836734693,0.5466693877551018,4621.551020408164,9548.979591836734,3262.4081632653065,189902.48979591837,53.154360523910675,64.72408163265307,3.9293102040816335,1.4713632653061227e-42,0.07434767346938778,1.822448979591837,25.0,505.0,"
    Formula: Al0.5 B0.6 Co1 Cr1 Cu1 Fe1 Ni1
    avg_Atomic_Radius: 1.4413114754098362
    avg_Pauling_Electronegativity: 1.8375409836065573
    avg_number_of_valence_electrons: 7.754098360655738
    avg_Cohesive_energy_ev_atom: 4.242786885245902
    avg_Bulk_modulus_RT_Gpa: 173.77049180327873
    avg_Elastic_modulus_RT_Gpa: 213.77049180327873
    avg_Melting_point_(K): 1748.625409836066
    avg_lattice_constant_A: 3.7136065573770494
    avg_BEC_percm3: 4.51360655737705e-21
    avg_Av.Valence_bond_strength_ev: 2.292524590163935
    avg_EngelZ_e/a: 5.114754098360656
    Temperature: 25.0
    "
Al0.5 B1 Co1 Cr1 Cu1 Fe1 Ni1,1.4061538461538463,1.85,7.461538461538462,4.3392307692307694,182.76923076923077,225.23076923076923,96.15384615384616,1785.7653846153848,-25.787211895384612,9.461538461538463,4.022307692307693,4.4776923076923084e-21,2.325538461538462,4.984615384615384,0.7899999999999999,0.42999999999999994,8.0,2.4199999999999995,244.0,330.0,190.0,1419.0,22.849163,23.3,6.220000000000001,3.63e-21,0.9780000000000002,3.4000000000000004,0.06382857142857143,0.019306122448979585,8.979591836734693,0.5466693877551018,4621.551020408164,9548.979591836734,3262.4081632653065,189902.48979591837,53.154360523910675,64.72408163265307,3.9293102040816335,1.4713632653061227e-42,0.07434767346938778,1.822448979591837,25.0,736.0,"
    Formula: Al0.5 B1 Co1 Cr1 Cu1 Fe1 Ni1
    avg_Atomic_Radius: 1.4061538461538463
    avg_Pauling_Electronegativity: 1.85
    avg_number_of_valence_electrons: 7.461538461538462
    avg_Cohesive_energy_ev_atom: 4.3392307692307694
    avg_Bulk_modulus_RT_Gpa: 182.76923076923077
    avg_Elastic_modulus_RT_Gpa: 225.23076923076923
    avg_Melting_point_(K): 1785.7653846153848
    avg_lattice_constant_A: 4.022307692307693
    avg_BEC_percm3: 4.4776923076923084e-21
    avg_Av.Valence_bond_strength_ev: 2.325538461538462
    avg_EngelZ_e/a: 4.984615384615384
    Temperature: 25.0
    "
Al0.5 Co1 Cr1 Cu1 Fe1 Ni1,1.5036363636363639,1.8154545454545454,8.272727272727273,4.071818181818182,157.8181818181818,193.45454545454547,74.36363636363636,1682.7863636363636,-22.727432240000002,10.872727272727271,3.1663636363636365,4.577272727272728e-21,2.234,5.345454545454546,0.48,0.2999999999999998,8.0,1.0500000000000003,104.0,209.0,89.0,1197.0,6.253642030000002,20.0,1.54,3.63e-21,0.6430000000000002,3.4000000000000004,0.021888888888888892,0.014180555555555545,7.138888888888888,0.17749166666666663,1311.6666666666667,4423.805555555556,774.888888888889,145041.47222222228,4.094897329975828,61.51,0.27846666666666664,1.691788888888889e-42,0.03978022222222224,1.4658333333333335,25.0,300.0,"
    Formula: Al0.5 Co1 Cr1 Cu1 Fe1 Ni1
    avg_Atomic_Radius: 1.5036363636363639
    avg_Pauling_Electronegativity: 1.8154545454545454
    avg_number_of_valence_electrons: 8.272727272727273
    avg_Cohesive_energy_ev_atom: 4.071818181818182
    avg_Bulk_modulus_RT_Gpa: 157.8181818181818
    avg_Elastic_modulus_RT_Gpa: 193.45454545454547
    avg_Melting_point_(K): 1682.7863636363636
    avg_lattice_constant_A: 3.1663636363636365
    avg_BEC_percm3: 4.577272727272728e-21
    avg_Av.Valence_bond_strength_ev: 2.234
    avg_EngelZ_e/a: 5.345454545454546
    Temperature: 25.0
    "
Al0.5 Co1 Cr1 Cu1 Fe1 Ni1,1.5036363636363639,1.8154545454545454,8.272727272727273,4.071818181818182,157.8181818181818,193.45454545454547,74.36363636363636,1682.7863636363636,-22.727432240000002,10.872727272727271,3.1663636363636365,4.577272727272728e-21,2.234,5.345454545454546,0.48,0.2999999999999998,8.0,1.0500000000000003,104.0,209.0,89.0,1197.0,6.253642030000002,20.0,1.54,3.63e-21,0.6430000000000002,3.4000000000000004,0.021888888888888892,0.014180555555555545,7.138888888888888,0.17749166666666663,1311.6666666666667,4423.805555555556,774.888888888889,145041.47222222228,4.094897329975828,61.51,0.27846666666666664,1.691788888888889e-42,0.03978022222222224,1.4658333333333335,25.0,225.0,"
    Formula: Al0.5 Co1 Cr1 Cu1 Fe1 Ni1
    avg_Atomic_Radius: 1.5036363636363639
    avg_Pauling_Electronegativity: 1.8154545454545454
    avg_number_of_valence_electrons: 8.272727272727273
    avg_Cohesive_energy_ev_atom: 4.071818181818182
    avg_Bulk_modulus_RT_Gpa: 157.8181818181818
    avg_Elastic_modulus_RT_Gpa: 193.45454545454547
    avg_Melting_point_(K): 1682.7863636363636
    avg_lattice_constant_A: 3.1663636363636365
    avg_BEC_percm3: 4.577272727272728e-21
    avg_Av.Valence_bond_strength_ev: 2.234
    avg_EngelZ_e/a: 5.345454545454546
    Temperature: 25.0
    "
Al0.5 Co1 Cr1 Cu1 Fe1 Ni1 Ti1,1.5430769230769235,1.7730769230769232,7.615384615384615,4.191538461538462,150.46153846153848,181.53846153846155,69.69230769230771,1721.3038461538463,-20.984381193846154,24.584615384615386,3.1330769230769233,4.2176923076923085e-21,2.3410769230769235,5.138461538461538,0.5800000000000001,0.3699999999999999,8.0,1.4599999999999995,104.0,209.0,89.0,1197.0,14.622878590000001,95.0,1.54,3.63e-21,1.0790000000000002,3.4000000000000004,0.028591836734693878,0.020326530612244886,7.9183673469387745,0.23751020408163256,1330.1224489795918,4344.244897959184,749.1020408163265,136304.69387755104,18.550987489121383,1009.6077551020409,0.24898367346938774,1.9935387755102043e-42,0.08977800000000002,1.4183673469387759,25.0,636.0,"
    Formula: Al0.5 Co1 Cr1 Cu1 Fe1 Ni1 Ti1
    avg_Atomic_Radius: 1.5430769230769235
    avg_Pauling_Electronegativity: 1.7730769230769232
    avg_number_of_valence_electrons: 7.615384615384615
    avg_Cohesive_energy_ev_atom: 4.191538461538462
    avg_Bulk_modulus_RT_Gpa: 150.46153846153848
    avg_Elastic_modulus_RT_Gpa: 181.53846153846155
    avg_Melting_point_(K): 1721.3038461538463
    avg_lattice_constant_A: 3.1330769230769233
    avg_BEC_percm3: 4.2176923076923085e-21
    avg_Av.Valence_bond_strength_ev: 2.3410769230769235
    avg_EngelZ_e/a: 5.138461538461538
    Temperature: 25.0
    "
Al0.5 Co1 Cr1 Cu1 Fe1 Ni1 Ti0.2,1.5126315789473683,1.8057894736842104,8.12280701754386,4.099122807017544,156.14035087719296,190.73684210526315,73.29824561403508,1691.5710526315788,-22.32989428210526,13.999999999999998,3.158771929824561,4.495263157894737e-21,2.258421052631579,5.298245614035087,0.5800000000000001,0.3699999999999999,8.0,1.4599999999999995,104.0,209.0,89.0,1197.0,14.622878590000001,95.0,1.54,3.63e-21,1.0790000000000002,3.4000000000000004,0.028591836734693878,0.020326530612244886,7.9183673469387745,0.23751020408163256,1330.1224489795918,4344.244897959184,749.1020408163265,136304.69387755104,18.550987489121383,1009.6077551020409,0.24898367346938774,1.9935387755102043e-42,0.08977800000000002,1.4183673469387759,25.0,272.0,"
    Formula: Al0.5 Co1 Cr1 Cu1 Fe1 Ni1 Ti0.2
    avg_Atomic_Radius: 1.5126315789473683
    avg_Pauling_Electronegativity: 1.8057894736842104
    avg_number_of_valence_electrons: 8.12280701754386
    avg_Cohesive_energy_ev_atom: 4.099122807017544
    avg_Bulk_modulus_RT_Gpa: 156.14035087719296
    avg_Elastic_modulus_RT_Gpa: 190.73684210526315
    avg_Melting_point_(K): 1691.5710526315788
    avg_lattice_constant_A: 3.158771929824561
    avg_BEC_percm3: 4.495263157894737e-21
    avg_Av.Valence_bond_strength_ev: 2.258421052631579
    avg_EngelZ_e/a: 5.298245614035087
    Temperature: 25.0
    "
Al0.5 Co1 Cr1 Cu1 Fe1 Ni1 Ti0.4,1.5210169491525423,1.796779661016949,7.983050847457626,4.124576271186441,154.57627118644066,188.20338983050846,72.30508474576271,1699.7601694915254,-21.959308050169486,16.91525423728813,3.1516949152542373,4.418813559322034e-21,2.281186440677966,5.254237288135593,0.5800000000000001,0.3699999999999999,8.0,1.4599999999999995,104.0,209.0,89.0,1197.0,14.622878590000001,95.0,1.54,3.63e-21,1.0790000000000002,3.4000000000000004,0.028591836734693878,0.020326530612244886,7.9183673469387745,0.23751020408163256,1330.1224489795918,4344.244897959184,749.1020408163265,136304.69387755104,18.550987489121383,1009.6077551020409,0.24898367346938774,1.9935387755102043e-42,0.08977800000000002,1.4183673469387759,25.0,321.0,"
    Formula: Al0.5 Co1 Cr1 Cu1 Fe1 Ni1 Ti0.4
    avg_Atomic_Radius: 1.5210169491525423
    avg_Pauling_Electronegativity: 1.796779661016949
    avg_number_of_valence_electrons: 7.983050847457626
    avg_Cohesive_energy_ev_atom: 4.124576271186441
    avg_Bulk_modulus_RT_Gpa: 154.57627118644066
    avg_Elastic_modulus_RT_Gpa: 188.20338983050846
    avg_Melting_point_(K): 1699.7601694915254
    avg_lattice_constant_A: 3.1516949152542373
    avg_BEC_percm3: 4.418813559322034e-21
    avg_Av.Valence_bond_strength_ev: 2.281186440677966
    avg_EngelZ_e/a: 5.254237288135593
    Temperature: 25.0
    "
Al0.5 Co1 Cr1 Cu1 Fe1 Ni1 Ti0.6,1.5288524590163937,1.788360655737705,7.852459016393443,4.148360655737705,153.11475409836066,185.8360655737705,71.37704918032789,1707.4122950819674,-21.613022554754103,19.639344262295083,3.1450819672131147,4.347377049180329e-21,2.302459016393443,5.213114754098362,0.5800000000000001,0.3699999999999999,8.0,1.4599999999999995,104.0,209.0,89.0,1197.0,14.622878590000001,95.0,1.54,3.63e-21,1.0790000000000002,3.4000000000000004,0.028591836734693878,0.020326530612244886,7.9183673469387745,0.23751020408163256,1330.1224489795918,4344.244897959184,749.1020408163265,136304.69387755104,18.550987489121383,1009.6077551020409,0.24898367346938774,1.9935387755102043e-42,0.08977800000000002,1.4183673469387759,25.0,458.0,"
    Formula: Al0.5 Co1 Cr1 Cu1 Fe1 Ni1 Ti0.6
    avg_Atomic_Radius: 1.5288524590163937
    avg_Pauling_Electronegativity: 1.788360655737705
    avg_number_of_valence_electrons: 7.852459016393443
    avg_Cohesive_energy_ev_atom: 4.148360655737705
    avg_Bulk_modulus_RT_Gpa: 153.11475409836066
    avg_Elastic_modulus_RT_Gpa: 185.8360655737705
    avg_Melting_point_(K): 1707.4122950819674
    avg_lattice_constant_A: 3.1450819672131147
    avg_BEC_percm3: 4.347377049180329e-21
    avg_Av.Valence_bond_strength_ev: 2.302459016393443
    avg_EngelZ_e/a: 5.213114754098362
    Temperature: 25.0
    "
Al0.5 Co1 Cr1 Cu1 Fe1 Ni1 Ti0.8,1.5361904761904759,1.7804761904761905,7.730158730158729,4.170634920634921,151.74603174603175,183.61904761904762,70.5079365079365,1714.5785714285714,-21.28872344,22.190476190476193,3.138888888888889,4.280476190476191e-21,2.322380952380952,5.174603174603174,0.5800000000000001,0.3699999999999999,8.0,1.4599999999999995,104.0,209.0,89.0,1197.0,14.622878590000001,95.0,1.54,3.63e-21,1.0790000000000002,3.4000000000000004,0.028591836734693878,0.020326530612244886,7.9183673469387745,0.23751020408163256,1330.1224489795918,4344.244897959184,749.1020408163265,136304.69387755104,18.550987489121383,1009.6077551020409,0.24898367346938774,1.9935387755102043e-42,0.08977800000000002,1.4183673469387759,25.0,590.0,"
    Formula: Al0.5 Co1 Cr1 Cu1 Fe1 Ni1 Ti0.8
    avg_Atomic_Radius: 1.5361904761904759
    avg_Pauling_Electronegativity: 1.7804761904761905
    avg_number_of_valence_electrons: 7.730158730158729
    avg_Cohesive_energy_ev_atom: 4.170634920634921
    avg_Bulk_modulus_RT_Gpa: 151.74603174603175
    avg_Elastic_modulus_RT_Gpa: 183.61904761904762
    avg_Melting_point_(K): 1714.5785714285714
    avg_lattice_constant_A: 3.138888888888889
    avg_BEC_percm3: 4.280476190476191e-21
    avg_Av.Valence_bond_strength_ev: 2.322380952380952
    avg_EngelZ_e/a: 5.174603174603174
    Temperature: 25.0
    "
Al0.417 Co0.833 Cr0.833 Cu0.833 Fe0.833 Ni0.833 Ti1,1.5495342171264777,1.766089215335005,7.506807595843782,4.2111662486563946,149.24435686133998,179.56771766391972,68.91974202794695,1727.5711752060192,-20.69745873630598,26.840415621640986,3.127681834467932,4.158308849874596e-21,2.3587097814403437,5.1042099605876015,0.5800000000000001,0.3699999999999999,8.0,1.4599999999999995,104.0,209.0,89.0,1197.0,14.622878590000001,95.0,1.54,3.63e-21,1.0790000000000002,3.4000000000000004,0.028591836734693878,0.020326530612244886,7.9183673469387745,0.23751020408163256,1330.1224489795918,4344.244897959184,749.1020408163265,136304.69387755104,18.550987489121383,1009.6077551020409,0.24898367346938774,1.9935387755102043e-42,0.08977800000000002,1.4183673469387759,25.0,646.0,"
    Formula: Al0.417 Co0.833 Cr0.833 Cu0.833 Fe0.833 Ni0.833 Ti1
    avg_Atomic_Radius: 1.5495342171264777
    avg_Pauling_Electronegativity: 1.766089215335005
    avg_number_of_valence_electrons: 7.506807595843782
    avg_Cohesive_energy_ev_atom: 4.2111662486563946
    avg_Bulk_modulus_RT_Gpa: 149.24435686133998
    avg_Elastic_modulus_RT_Gpa: 179.56771766391972
    avg_Melting_point_(K): 1727.5711752060192
    avg_lattice_constant_A: 3.127681834467932
    avg_BEC_percm3: 4.158308849874596e-21
    avg_Av.Valence_bond_strength_ev: 2.3587097814403437
    avg_EngelZ_e/a: 5.1042099605876015
    Temperature: 25.0
    "
Al0.357 Co0.714 Cr0.714 Cu0.714 Fe0.714 Ni0.714 Ti1,1.5556687639537243,1.7595473919220619,7.405520600771261,4.229760503348894,148.112847574589,177.7341181246194,68.20093363101279,1733.6009843718289,-20.427892601274607,28.962289425613967,3.122449766592246,4.102892226507003e-21,2.3752624314998987,5.072376699817333,0.5800000000000001,0.3699999999999999,8.0,1.4599999999999995,104.0,209.0,89.0,1197.0,14.622878590000001,95.0,1.54,3.63e-21,1.0790000000000002,3.4000000000000004,0.028591836734693878,0.020326530612244886,7.9183673469387745,0.23751020408163256,1330.1224489795918,4344.244897959184,749.1020408163265,136304.69387755104,18.550987489121383,1009.6077551020409,0.24898367346938774,1.9935387755102043e-42,0.08977800000000002,1.4183673469387759,25.0,664.0,"
    Formula: Al0.357 Co0.714 Cr0.714 Cu0.714 Fe0.714 Ni0.714 Ti1
    avg_Atomic_Radius: 1.5556687639537243
    avg_Pauling_Electronegativity: 1.7595473919220619
    avg_number_of_valence_electrons: 7.405520600771261
    avg_Cohesive_energy_ev_atom: 4.229760503348894
    avg_Bulk_modulus_RT_Gpa: 148.112847574589
    avg_Elastic_modulus_RT_Gpa: 177.7341181246194
    avg_Melting_point_(K): 1733.6009843718289
    avg_lattice_constant_A: 3.122449766592246
    avg_BEC_percm3: 4.102892226507003e-21
    avg_Av.Valence_bond_strength_ev: 2.3752624314998987
    avg_EngelZ_e/a: 5.072376699817333
    Temperature: 25.0
    "
Al0.312 Co0.625 Cr0.625 Cu0.625 Fe0.625 Ni0.625 Ti1,1.5614514311471712,1.753396439035384,7.310344827586206,4.24727969348659,147.0502591841334,176.0119450078882,67.52580572458868,1739.297171512283,-20.174276616294794,30.959026369168356,3.117500563443768,4.050815866576516e-21,2.390833446022087,5.042483660130719,0.5800000000000001,0.3699999999999999,8.0,1.4599999999999995,104.0,209.0,89.0,1197.0,14.622878590000001,95.0,1.54,3.63e-21,1.0790000000000002,3.4000000000000004,0.028591836734693878,0.020326530612244886,7.9183673469387745,0.23751020408163256,1330.1224489795918,4344.244897959184,749.1020408163265,136304.69387755104,18.550987489121383,1009.6077551020409,0.24898367346938774,1.9935387755102043e-42,0.08977800000000002,1.4183673469387759,25.0,657.0,"
    Formula: Al0.312 Co0.625 Cr0.625 Cu0.625 Fe0.625 Ni0.625 Ti1
    avg_Atomic_Radius: 1.5614514311471712
    avg_Pauling_Electronegativity: 1.753396439035384
    avg_number_of_valence_electrons: 7.310344827586206
    avg_Cohesive_energy_ev_atom: 4.24727969348659
    avg_Bulk_modulus_RT_Gpa: 147.0502591841334
    avg_Elastic_modulus_RT_Gpa: 176.0119450078882
    avg_Melting_point_(K): 1739.297171512283
    avg_lattice_constant_A: 3.117500563443768
    avg_BEC_percm3: 4.050815866576516e-21
    avg_Av.Valence_bond_strength_ev: 2.390833446022087
    avg_EngelZ_e/a: 5.042483660130719
    Temperature: 25.0
    "
Al0.278 Co0.556 Cr0.556 Cu0.556 Fe0.556 Ni0.556 Ti1,1.5668112370625926,1.7475751601774276,7.21981271562346,4.263583045835388,146.0344997535732,174.36766880236573,66.88122227698375,1744.4826761951704,-19.93545791767373,32.836076885165106,3.1130458353868904,4.0013060620995575e-21,2.4055130606209962,5.013898472153771,0.5800000000000001,0.3699999999999999,8.0,1.4599999999999995,104.0,209.0,89.0,1197.0,14.622878590000001,95.0,1.54,3.63e-21,1.0790000000000002,3.4000000000000004,0.028591836734693878,0.020326530612244886,7.9183673469387745,0.23751020408163256,1330.1224489795918,4344.244897959184,749.1020408163265,136304.69387755104,18.550987489121383,1009.6077551020409,0.24898367346938774,1.9935387755102043e-42,0.08977800000000002,1.4183673469387759,25.0,667.0,"
    Formula: Al0.278 Co0.556 Cr0.556 Cu0.556 Fe0.556 Ni0.556 Ti1
    avg_Atomic_Radius: 1.5668112370625926
    avg_Pauling_Electronegativity: 1.7475751601774276
    avg_number_of_valence_electrons: 7.21981271562346
    avg_Cohesive_energy_ev_atom: 4.263583045835388
    avg_Bulk_modulus_RT_Gpa: 146.0344997535732
    avg_Elastic_modulus_RT_Gpa: 174.36766880236573
    avg_Melting_point_(K): 1744.4826761951704
    avg_lattice_constant_A: 3.1130458353868904
    avg_BEC_percm3: 4.0013060620995575e-21
    avg_Av.Valence_bond_strength_ev: 2.4055130606209962
    avg_EngelZ_e/a: 5.013898472153771
    Temperature: 25.0
    "
Al0.25 Co0.5 Cr0.5 Cu0.5 Fe0.5 Ni0.5 Ti1,1.5719999999999998,1.742,7.133333333333333,4.279333333333334,145.06666666666666,172.79999999999998,66.26666666666667,1749.5500000000002,-19.70614376,34.64,3.1086666666666667,3.9540000000000005e-21,2.4196,4.986666666666667,0.5800000000000001,0.3699999999999999,8.0,1.4599999999999995,104.0,209.0,89.0,1197.0,14.622878590000001,95.0,1.54,3.63e-21,1.0790000000000002,3.4000000000000004,0.028591836734693878,0.020326530612244886,7.9183673469387745,0.23751020408163256,1330.1224489795918,4344.244897959184,749.1020408163265,136304.69387755104,18.550987489121383,1009.6077551020409,0.24898367346938774,1.9935387755102043e-42,0.08977800000000002,1.4183673469387759,25.0,696.0,"
    Formula: Al0.25 Co0.5 Cr0.5 Cu0.5 Fe0.5 Ni0.5 Ti1
    avg_Atomic_Radius: 1.5719999999999998
    avg_Pauling_Electronegativity: 1.742
    avg_number_of_valence_electrons: 7.133333333333333
    avg_Cohesive_energy_ev_atom: 4.279333333333334
    avg_Bulk_modulus_RT_Gpa: 145.06666666666666
    avg_Elastic_modulus_RT_Gpa: 172.79999999999998
    avg_Melting_point_(K): 1749.5500000000002
    avg_lattice_constant_A: 3.1086666666666667
    avg_BEC_percm3: 3.9540000000000005e-21
    avg_Av.Valence_bond_strength_ev: 2.4196
    avg_EngelZ_e/a: 4.986666666666667
    Temperature: 25.0
    "
Al0.5 Co1 Cr1 Cu1 Fe1 Ni1,1.5036363636363639,1.8154545454545454,8.272727272727273,4.071818181818182,157.8181818181818,193.45454545454547,74.36363636363636,1682.7863636363636,-22.727432240000002,10.872727272727271,3.1663636363636365,4.577272727272728e-21,2.234,5.345454545454546,0.48,0.2999999999999998,8.0,1.0500000000000003,104.0,209.0,89.0,1197.0,6.253642030000002,20.0,1.54,3.63e-21,0.6430000000000002,3.4000000000000004,0.021888888888888892,0.014180555555555545,7.138888888888888,0.17749166666666663,1311.6666666666667,4423.805555555556,774.888888888889,145041.47222222228,4.094897329975828,61.51,0.27846666666666664,1.691788888888889e-42,0.03978022222222224,1.4658333333333335,25.0,215.0,"
    Formula: Al0.5 Co1 Cr1 Cu1 Fe1 Ni1
    avg_Atomic_Radius: 1.5036363636363639
    avg_Pauling_Electronegativity: 1.8154545454545454
    avg_number_of_valence_electrons: 8.272727272727273
    avg_Cohesive_energy_ev_atom: 4.071818181818182
    avg_Bulk_modulus_RT_Gpa: 157.8181818181818
    avg_Elastic_modulus_RT_Gpa: 193.45454545454547
    avg_Melting_point_(K): 1682.7863636363636
    avg_lattice_constant_A: 3.1663636363636365
    avg_BEC_percm3: 4.577272727272728e-21
    avg_Av.Valence_bond_strength_ev: 2.234
    avg_EngelZ_e/a: 5.345454545454546
    Temperature: 25.0
    "
Al0.5 Co1 Cr1 Cu1 Fe1 Ni1 V0.2,1.510877192982456,1.8089473684210524,8.157894736842104,4.115263157894737,157.89473684210523,191.15789473684208,73.40350877192982,1699.6412280701754,-22.29524681754386,13.999999999999998,3.1612280701754383,4.5433333333333335e-21,2.2534736842105265,5.333333333333333,0.53,0.2999999999999998,8.0,1.9199999999999995,104.0,209.0,89.0,1230.0,15.610331330000001,95.0,1.54,3.63e-21,0.9380000000000002,3.4000000000000004,0.025428571428571436,0.015624489795918363,7.10204081632653,0.35748571428571413,1134.204081632653,4164.489795918367,730.8571428571429,160403.06122448985,21.350559143334074,1009.6077551020409,0.24461224489795916,1.5165551020408162e-42,0.06892726530612248,1.2591836734693882,25.0,204.0,"
    Formula: Al0.5 Co1 Cr1 Cu1 Fe1 Ni1 V0.2
    avg_Atomic_Radius: 1.510877192982456
    avg_Pauling_Electronegativity: 1.8089473684210524
    avg_number_of_valence_electrons: 8.157894736842104
    avg_Cohesive_energy_ev_atom: 4.115263157894737
    avg_Bulk_modulus_RT_Gpa: 157.89473684210523
    avg_Elastic_modulus_RT_Gpa: 191.15789473684208
    avg_Melting_point_(K): 1699.6412280701754
    avg_lattice_constant_A: 3.1612280701754383
    avg_BEC_percm3: 4.5433333333333335e-21
    avg_Av.Valence_bond_strength_ev: 2.2534736842105265
    avg_EngelZ_e/a: 5.333333333333333
    Temperature: 25.0
    "
Al0.5 Co1 Cr1 Cu1 Fe1 Ni1 V0.4,1.5176271186440675,1.8028813559322034,8.050847457627118,4.155762711864407,157.96610169491524,189.01694915254237,72.50847457627118,1715.3533898305084,-21.89236210169491,16.91525423728813,3.1564406779661014,4.5116949152542375e-21,2.2716271186440675,5.322033898305085,0.53,0.2999999999999998,8.0,1.9199999999999995,104.0,209.0,89.0,1230.0,15.610331330000001,95.0,1.54,3.63e-21,0.9380000000000002,3.4000000000000004,0.025428571428571436,0.015624489795918363,7.10204081632653,0.35748571428571413,1134.204081632653,4164.489795918367,730.8571428571429,160403.06122448985,21.350559143334074,1009.6077551020409,0.24461224489795916,1.5165551020408162e-42,0.06892726530612248,1.2591836734693882,25.0,231.0,"
    Formula: Al0.5 Co1 Cr1 Cu1 Fe1 Ni1 V0.4
    avg_Atomic_Radius: 1.5176271186440675
    avg_Pauling_Electronegativity: 1.8028813559322034
    avg_number_of_valence_electrons: 8.050847457627118
    avg_Cohesive_energy_ev_atom: 4.155762711864407
    avg_Bulk_modulus_RT_Gpa: 157.96610169491524
    avg_Elastic_modulus_RT_Gpa: 189.01694915254237
    avg_Melting_point_(K): 1715.3533898305084
    avg_lattice_constant_A: 3.1564406779661014
    avg_BEC_percm3: 4.5116949152542375e-21
    avg_Av.Valence_bond_strength_ev: 2.2716271186440675
    avg_EngelZ_e/a: 5.322033898305085
    Temperature: 25.0
    "
Al0.5 Co1 Cr1 Cu1 Fe1 Ni1 V0.6,1.5239344262295085,1.7972131147540984,7.950819672131148,4.193606557377049,158.0327868852459,187.01639344262298,71.672131147541,1730.0352459016397,-21.51589605573771,19.639344262295083,3.1519672131147543,4.4821311475409846e-21,2.288590163934426,5.311475409836066,0.53,0.2999999999999998,8.0,1.9199999999999995,104.0,209.0,89.0,1230.0,15.610331330000001,95.0,1.54,3.63e-21,0.9380000000000002,3.4000000000000004,0.025428571428571436,0.015624489795918363,7.10204081632653,0.35748571428571413,1134.204081632653,4164.489795918367,730.8571428571429,160403.06122448985,21.350559143334074,1009.6077551020409,0.24461224489795916,1.5165551020408162e-42,0.06892726530612248,1.2591836734693882,25.0,328.0,"
    Formula: Al0.5 Co1 Cr1 Cu1 Fe1 Ni1 V0.6
    avg_Atomic_Radius: 1.5239344262295085
    avg_Pauling_Electronegativity: 1.7972131147540984
    avg_number_of_valence_electrons: 7.950819672131148
    avg_Cohesive_energy_ev_atom: 4.193606557377049
    avg_Bulk_modulus_RT_Gpa: 158.0327868852459
    avg_Elastic_modulus_RT_Gpa: 187.01639344262298
    avg_Melting_point_(K): 1730.0352459016397
    avg_lattice_constant_A: 3.1519672131147543
    avg_BEC_percm3: 4.4821311475409846e-21
    avg_Av.Valence_bond_strength_ev: 2.288590163934426
    avg_EngelZ_e/a: 5.311475409836066
    Temperature: 25.0
    "
Al0.5 Co1 Cr1 Cu1 Fe1 Ni1 V0.8,1.5298412698412696,1.791904761904762,7.857142857142857,4.229047619047619,158.0952380952381,185.14285714285714,70.8888888888889,1743.7849206349206,-21.163332615873014,22.190476190476193,3.147777777777778,4.4544444444444445e-21,2.30447619047619,5.301587301587301,0.53,0.2999999999999998,8.0,1.9199999999999995,104.0,209.0,89.0,1230.0,15.610331330000001,95.0,1.54,3.63e-21,0.9380000000000002,3.4000000000000004,0.025428571428571436,0.015624489795918363,7.10204081632653,0.35748571428571413,1134.204081632653,4164.489795918367,730.8571428571429,160403.06122448985,21.350559143334074,1009.6077551020409,0.24461224489795916,1.5165551020408162e-42,0.06892726530612248,1.2591836734693882,25.0,447.0,"
    Formula: Al0.5 Co1 Cr1 Cu1 Fe1 Ni1 V0.8
    avg_Atomic_Radius: 1.5298412698412696
    avg_Pauling_Electronegativity: 1.791904761904762
    avg_number_of_valence_electrons: 7.857142857142857
    avg_Cohesive_energy_ev_atom: 4.229047619047619
    avg_Bulk_modulus_RT_Gpa: 158.0952380952381
    avg_Elastic_modulus_RT_Gpa: 185.14285714285714
    avg_Melting_point_(K): 1743.7849206349206
    avg_lattice_constant_A: 3.147777777777778
    avg_BEC_percm3: 4.4544444444444445e-21
    avg_Av.Valence_bond_strength_ev: 2.30447619047619
    avg_EngelZ_e/a: 5.301587301587301
    Temperature: 25.0
    "
Al0.5 Co1 Cr1 Cu1 Fe1 Ni1 V1,1.5353846153846158,1.786923076923077,7.769230769230769,4.262307692307692,158.15384615384616,183.38461538461542,70.15384615384616,1756.6884615384618,-20.83246538769231,24.584615384615386,3.143846153846154,4.428461538461539e-21,2.3193846153846156,5.292307692307692,0.53,0.2999999999999998,8.0,1.9199999999999995,104.0,209.0,89.0,1230.0,15.610331330000001,95.0,1.54,3.63e-21,0.9380000000000002,3.4000000000000004,0.025428571428571436,0.015624489795918363,7.10204081632653,0.35748571428571413,1134.204081632653,4164.489795918367,730.8571428571429,160403.06122448985,21.350559143334074,1009.6077551020409,0.24461224489795916,1.5165551020408162e-42,0.06892726530612248,1.2591836734693882,25.0,639.0,"
    Formula: Al0.5 Co1 Cr1 Cu1 Fe1 Ni1 V1
    avg_Atomic_Radius: 1.5353846153846158
    avg_Pauling_Electronegativity: 1.786923076923077
    avg_number_of_valence_electrons: 7.769230769230769
    avg_Cohesive_energy_ev_atom: 4.262307692307692
    avg_Bulk_modulus_RT_Gpa: 158.15384615384616
    avg_Elastic_modulus_RT_Gpa: 183.38461538461542
    avg_Melting_point_(K): 1756.6884615384618
    avg_lattice_constant_A: 3.143846153846154
    avg_BEC_percm3: 4.428461538461539e-21
    avg_Av.Valence_bond_strength_ev: 2.3193846153846156
    avg_EngelZ_e/a: 5.292307692307692
    Temperature: 25.0
    "
Al0.417 Co0.833 Cr0.833 Cu0.833 Fe0.833 Ni0.833 V1,1.540576854174131,1.782212468649229,7.685954854890719,4.293573987817986,158.2017198136868,181.71748477248295,69.45718380508777,1768.7750447868145,-20.520559284496592,26.840415621640986,3.1402221426012176,4.4037405947689e-21,2.3334500179147257,5.283357219634539,0.53,0.2999999999999998,8.0,1.9199999999999995,104.0,209.0,89.0,1230.0,15.610331330000001,95.0,1.54,3.63e-21,0.9380000000000002,3.4000000000000004,0.025428571428571436,0.015624489795918363,7.10204081632653,0.35748571428571413,1134.204081632653,4164.489795918367,730.8571428571429,160403.06122448985,21.350559143334074,1009.6077551020409,0.24461224489795916,1.5165551020408162e-42,0.06892726530612248,1.2591836734693882,25.0,579.0,"
    Formula: Al0.417 Co0.833 Cr0.833 Cu0.833 Fe0.833 Ni0.833 V1
    avg_Atomic_Radius: 1.540576854174131
    avg_Pauling_Electronegativity: 1.782212468649229
    avg_number_of_valence_electrons: 7.685954854890719
    avg_Cohesive_energy_ev_atom: 4.293573987817986
    avg_Bulk_modulus_RT_Gpa: 158.2017198136868
    avg_Elastic_modulus_RT_Gpa: 181.71748477248295
    avg_Melting_point_(K): 1768.7750447868145
    avg_lattice_constant_A: 3.1402221426012176
    avg_BEC_percm3: 4.4037405947689e-21
    avg_Av.Valence_bond_strength_ev: 2.3334500179147257
    avg_EngelZ_e/a: 5.283357219634539
    Temperature: 25.0
    "
Al0.357 Co0.714 Cr0.714 Cu0.714 Fe0.714 Ni0.714 V1,1.5455206007712603,1.7778140856504971,7.60848386442054,4.323123604627563,158.261010757053,180.16967728841078,68.80982342196063,1780.282535011163,-20.227475970464784,28.962289425613967,3.136657195047696,4.380951897706516e-21,2.3466446113253503,5.275339963466612,0.53,0.2999999999999998,8.0,1.9199999999999995,104.0,209.0,89.0,1230.0,15.610331330000001,95.0,1.54,3.63e-21,0.9380000000000002,3.4000000000000004,0.025428571428571436,0.015624489795918363,7.10204081632653,0.35748571428571413,1134.204081632653,4164.489795918367,730.8571428571429,160403.06122448985,21.350559143334074,1009.6077551020409,0.24461224489795916,1.5165551020408162e-42,0.06892726530612248,1.2591836734693882,25.0,577.0,"
    Formula: Al0.357 Co0.714 Cr0.714 Cu0.714 Fe0.714 Ni0.714 V1
    avg_Atomic_Radius: 1.5455206007712603
    avg_Pauling_Electronegativity: 1.7778140856504971
    avg_number_of_valence_electrons: 7.60848386442054
    avg_Cohesive_energy_ev_atom: 4.323123604627563
    avg_Bulk_modulus_RT_Gpa: 158.261010757053
    avg_Elastic_modulus_RT_Gpa: 180.16967728841078
    avg_Melting_point_(K): 1780.282535011163
    avg_lattice_constant_A: 3.136657195047696
    avg_BEC_percm3: 4.380951897706516e-21
    avg_Av.Valence_bond_strength_ev: 2.3466446113253503
    avg_EngelZ_e/a: 5.275339963466612
    Temperature: 25.0
    "
Al0.312 Co0.625 Cr0.625 Cu0.625 Fe0.625 Ni0.625 V1,1.5501825557809328,1.7736804146946132,7.535722334910975,4.350953346855984,158.31913455037187,178.71647509578543,68.20193824656299,1791.13399819698,-19.951726979152582,30.959026369168356,3.1332769889565015,4.359583051611449e-21,2.3590552174892947,5.267861167455488,0.53,0.2999999999999998,8.0,1.9199999999999995,104.0,209.0,89.0,1230.0,15.610331330000001,95.0,1.54,3.63e-21,0.9380000000000002,3.4000000000000004,0.025428571428571436,0.015624489795918363,7.10204081632653,0.35748571428571413,1134.204081632653,4164.489795918367,730.8571428571429,160403.06122448985,21.350559143334074,1009.6077551020409,0.24461224489795916,1.5165551020408162e-42,0.06892726530612248,1.2591836734693882,25.0,594.0,"
    Formula: Al0.312 Co0.625 Cr0.625 Cu0.625 Fe0.625 Ni0.625 V1
    avg_Atomic_Radius: 1.5501825557809328
    avg_Pauling_Electronegativity: 1.7736804146946132
    avg_number_of_valence_electrons: 7.535722334910975
    avg_Cohesive_energy_ev_atom: 4.350953346855984
    avg_Bulk_modulus_RT_Gpa: 158.31913455037187
    avg_Elastic_modulus_RT_Gpa: 178.71647509578543
    avg_Melting_point_(K): 1791.13399819698
    avg_lattice_constant_A: 3.1332769889565015
    avg_BEC_percm3: 4.359583051611449e-21
    avg_Av.Valence_bond_strength_ev: 2.3590552174892947
    avg_EngelZ_e/a: 5.267861167455488
    Temperature: 25.0
    "
Al0.278 Co0.556 Cr0.556 Cu0.556 Fe0.556 Ni0.556 V1,1.5544898965007397,1.7697535731887633,7.466239526860523,4.376939379004436,158.35584031542635,177.32479053721048,67.62050271069494,1801.1608427796946,-19.692123087708232,32.836076885165106,3.130295712173485,4.3389107934943336e-21,2.3707668802365705,5.260325283390834,0.53,0.2999999999999998,8.0,1.9199999999999995,104.0,209.0,89.0,1230.0,15.610331330000001,95.0,1.54,3.63e-21,0.9380000000000002,3.4000000000000004,0.025428571428571436,0.015624489795918363,7.10204081632653,0.35748571428571413,1134.204081632653,4164.489795918367,730.8571428571429,160403.06122448985,21.350559143334074,1009.6077551020409,0.24461224489795916,1.5165551020408162e-42,0.06892726530612248,1.2591836734693882,25.0,597.0,"
    Formula: Al0.278 Co0.556 Cr0.556 Cu0.556 Fe0.556 Ni0.556 V1
    avg_Atomic_Radius: 1.5544898965007397
    avg_Pauling_Electronegativity: 1.7697535731887633
    avg_number_of_valence_electrons: 7.466239526860523
    avg_Cohesive_energy_ev_atom: 4.376939379004436
    avg_Bulk_modulus_RT_Gpa: 158.35584031542635
    avg_Elastic_modulus_RT_Gpa: 177.32479053721048
    avg_Melting_point_(K): 1801.1608427796946
    avg_lattice_constant_A: 3.130295712173485
    avg_BEC_percm3: 4.3389107934943336e-21
    avg_Av.Valence_bond_strength_ev: 2.3707668802365705
    avg_EngelZ_e/a: 5.260325283390834
    Temperature: 25.0
    "
Al0.25 Co0.5 Cr0.5 Cu0.5 Fe0.5 Ni0.5 V1,1.5586666666666664,1.766,7.3999999999999995,4.402,158.4,175.99999999999997,67.06666666666668,1810.8833333333337,-19.442823029333333,34.64,3.1273333333333335,4.3193333333333336e-21,2.3819999999999997,5.253333333333334,0.53,0.2999999999999998,8.0,1.9199999999999995,104.0,209.0,89.0,1230.0,15.610331330000001,95.0,1.54,3.63e-21,0.9380000000000002,3.4000000000000004,0.025428571428571436,0.015624489795918363,7.10204081632653,0.35748571428571413,1134.204081632653,4164.489795918367,730.8571428571429,160403.06122448985,21.350559143334074,1009.6077551020409,0.24461224489795916,1.5165551020408162e-42,0.06892726530612248,1.2591836734693882,25.0,587.0,"
    Formula: Al0.25 Co0.5 Cr0.5 Cu0.5 Fe0.5 Ni0.5 V1
    avg_Atomic_Radius: 1.5586666666666664
    avg_Pauling_Electronegativity: 1.766
    avg_number_of_valence_electrons: 7.3999999999999995
    avg_Cohesive_energy_ev_atom: 4.402
    avg_Bulk_modulus_RT_Gpa: 158.4
    avg_Elastic_modulus_RT_Gpa: 175.99999999999997
    avg_Melting_point_(K): 1810.8833333333337
    avg_lattice_constant_A: 3.1273333333333335
    avg_BEC_percm3: 4.3193333333333336e-21
    avg_Av.Valence_bond_strength_ev: 2.3819999999999997
    avg_EngelZ_e/a: 5.253333333333334
    Temperature: 25.0
    "
Al1 Co1 Cr1 Cu1 Fe1 Ni1,1.4766666666666666,1.7983333333333331,7.833333333333332,4.015,151.0,183.16666666666663,70.33333333333333,1620.3166666666666,-22.480715970000002,11.6,3.24,4.346666666666667e-21,2.2556666666666665,5.15,0.48,0.2999999999999998,8.0,1.0500000000000003,104.0,209.0,89.0,1197.0,6.253642030000002,20.0,1.54,3.63e-21,0.6430000000000002,3.4000000000000004,0.021888888888888892,0.014180555555555545,7.138888888888888,0.17749166666666663,1311.6666666666667,4423.805555555556,774.888888888889,145041.47222222228,4.094897329975828,61.51,0.27846666666666664,1.691788888888889e-42,0.03978022222222224,1.4658333333333335,25.0,472.0,"
    Formula: Al1 Co1 Cr1 Cu1 Fe1 Ni1
    avg_Atomic_Radius: 1.4766666666666666
    avg_Pauling_Electronegativity: 1.7983333333333331
    avg_number_of_valence_electrons: 7.833333333333332
    avg_Cohesive_energy_ev_atom: 4.015
    avg_Bulk_modulus_RT_Gpa: 151.0
    avg_Elastic_modulus_RT_Gpa: 183.16666666666663
    avg_Melting_point_(K): 1620.3166666666666
    avg_lattice_constant_A: 3.24
    avg_BEC_percm3: 4.346666666666667e-21
    avg_Av.Valence_bond_strength_ev: 2.2556666666666665
    avg_EngelZ_e/a: 5.15
    Temperature: 25.0
    "
Al1 Co1 Cu1 Fe1 Nd1 Ni1,1.5433333333333332,1.7116666666666664,7.333333333333332,3.8983333333333334,129.66666666666666,143.49999999999997,53.83333333333333,1480.15,-19.379831768166664,20.72727272727273,3.37,4.264880043620502e-21,2.3312491772449464,5.28888888888889,0.8800000000000001,0.77,8.0,1.0500000000000003,148.0,170.0,66.0,875.0000000000001,15.917761041000002,20.0,1.54,3.63e-21,1.0970000000000002,3.4000000000000004,0.06855555555555558,0.0757138888888889,10.222222222222221,0.2257138888888889,3203.222222222222,4688.25,662.1388888888888,100351.66666666669,30.219520793899136,65.21225,0.2693666666666667,1.6848960000000005e-42,0.14588524999999994,1.280987654320988,25.0,578.0,"
    Formula: Al1 Co1 Cu1 Fe1 Nd1 Ni1
    avg_Atomic_Radius: 1.5433333333333332
    avg_Pauling_Electronegativity: 1.7116666666666664
    avg_number_of_valence_electrons: 7.333333333333332
    avg_Cohesive_energy_ev_atom: 3.8983333333333334
    avg_Bulk_modulus_RT_Gpa: 129.66666666666666
    avg_Elastic_modulus_RT_Gpa: 143.49999999999997
    avg_Melting_point_(K): 1480.15
    avg_lattice_constant_A: 3.37
    avg_BEC_percm3: 4.264880043620502e-21
    avg_Av.Valence_bond_strength_ev: 2.3312491772449464
    avg_EngelZ_e/a: 5.28888888888889
    Temperature: 25.0
    "
Al1 Co1 Cu1 Fe1 Ni1,1.4400000000000002,1.826,8.200000000000001,3.998,149.2,164.0,61.400000000000006,1518.3500000000001,-21.772763358000002,8.920000000000002,3.312,4.208e-21,2.236,4.98,0.3800000000000001,0.2999999999999998,8.0,1.0500000000000003,104.0,141.0,56.0,875.0000000000001,3.566097860000003,14.600000000000001,1.54,3.63e-21,0.6430000000000002,3.4000000000000004,0.018200000000000008,0.012423999999999985,7.76,0.21125599999999997,1554.5599999999997,3104.4,451.03999999999996,111666.56000000003,1.9066953909452562,30.717600000000004,0.30305600000000005,1.914776e-42,0.045415600000000014,1.5856000000000006,25.0,536.0,"
    Formula: Al1 Co1 Cu1 Fe1 Ni1
    avg_Atomic_Radius: 1.4400000000000002
    avg_Pauling_Electronegativity: 1.826
    avg_number_of_valence_electrons: 8.200000000000001
    avg_Cohesive_energy_ev_atom: 3.998
    avg_Bulk_modulus_RT_Gpa: 149.2
    avg_Elastic_modulus_RT_Gpa: 164.0
    avg_Melting_point_(K): 1518.3500000000001
    avg_lattice_constant_A: 3.312
    avg_BEC_percm3: 4.208e-21
    avg_Av.Valence_bond_strength_ev: 2.236
    avg_EngelZ_e/a: 4.98
    Temperature: 25.0
    "
Al1 Co1 Cu1 Fe1 Ni1 Si1,1.385,1.8383333333333332,7.499999999999999,4.103333333333333,141.0,144.49999999999997,61.166666666666664,1545.8166666666666,-21.293236131666664,8.016666666666667,3.6649999999999996,3.84e-21,2.3775,4.816666666666667,0.44999999999999996,0.2999999999999998,8.0,1.2399999999999998,104.0,164.0,56.0,875.0000000000001,4.43733486,16.1,2.92,3.63e-21,1.234,3.4000000000000004,0.03029166666666666,0.011113888888888875,8.916666666666666,0.23152222222222218,1631.6666666666667,4488.25,376.1388888888889,96827.55555555556,2.7386446297624114,29.67805555555556,0.8755916666666667,2.272766666666667e-42,0.13795758333333333,1.4547222222222225,25.0,682.0,"
    Formula: Al1 Co1 Cu1 Fe1 Ni1 Si1
    avg_Atomic_Radius: 1.385
    avg_Pauling_Electronegativity: 1.8383333333333332
    avg_number_of_valence_electrons: 7.499999999999999
    avg_Cohesive_energy_ev_atom: 4.103333333333333
    avg_Bulk_modulus_RT_Gpa: 141.0
    avg_Elastic_modulus_RT_Gpa: 144.49999999999997
    avg_Melting_point_(K): 1545.8166666666666
    avg_lattice_constant_A: 3.6649999999999996
    avg_BEC_percm3: 3.84e-21
    avg_Av.Valence_bond_strength_ev: 2.3775
    avg_EngelZ_e/a: 4.816666666666667
    Temperature: 25.0
    "
Al1 Co1 Cu1 Fe1 Ni1 Ti1,1.4933333333333332,1.778333333333333,7.499999999999999,4.14,142.66666666666666,155.99999999999997,58.5,1587.4833333333333,-20.04356953833333,24.099999999999998,3.2516666666666665,3.88e-21,2.3516666666666666,4.816666666666667,0.5800000000000001,0.3699999999999999,8.0,1.4599999999999995,104.0,141.0,56.0,1000.0000000000001,11.935334420000002,95.0,1.54,3.63e-21,1.0790000000000002,3.4000000000000004,0.0293888888888889,0.02171388888888887,8.916666666666666,0.27686666666666654,1508.8888888888887,2907.0,417.9166666666667,116952.55555555558,16.539469155654697,1177.7600000000002,0.2707472222222222,2.133566666666667e-42,0.10474022222222228,1.4547222222222225,25.0,626.0,"
    Formula: Al1 Co1 Cu1 Fe1 Ni1 Ti1
    avg_Atomic_Radius: 1.4933333333333332
    avg_Pauling_Electronegativity: 1.778333333333333
    avg_number_of_valence_electrons: 7.499999999999999
    avg_Cohesive_energy_ev_atom: 4.14
    avg_Bulk_modulus_RT_Gpa: 142.66666666666666
    avg_Elastic_modulus_RT_Gpa: 155.99999999999997
    avg_Melting_point_(K): 1587.4833333333333
    avg_lattice_constant_A: 3.2516666666666665
    avg_BEC_percm3: 3.88e-21
    avg_Av.Valence_bond_strength_ev: 2.3516666666666666
    avg_EngelZ_e/a: 4.816666666666667
    Temperature: 25.0
    "
Al1 Co1 Cu1 Fe1 Ni1 Zr1,1.5433333333333332,1.7433333333333332,7.499999999999999,4.373333333333333,139.5,147.99999999999997,56.666666666666664,1619.4833333333333,-19.39249238533333,24.099999999999998,3.298333333333333,3.7933333333333334e-21,2.3673333333333333,4.816666666666667,0.8800000000000001,0.5799999999999998,8.0,2.86,104.0,143.0,56.0,1192.0,15.841797338000003,95.0,1.54,3.720000000000001e-21,1.173,3.4000000000000004,0.06855555555555558,0.04452222222222219,8.916666666666666,0.8804222222222221,1765.9166666666667,3867.0,487.8888888888889,144195.22222222225,29.917362342385314,1177.7600000000002,0.2534805555555555,2.4553888888888895e-42,0.12408855555555558,1.4547222222222225,25.0,472.0,"
    Formula: Al1 Co1 Cu1 Fe1 Ni1 Zr1
    avg_Atomic_Radius: 1.5433333333333332
    avg_Pauling_Electronegativity: 1.7433333333333332
    avg_number_of_valence_electrons: 7.499999999999999
    avg_Cohesive_energy_ev_atom: 4.373333333333333
    avg_Bulk_modulus_RT_Gpa: 139.5
    avg_Elastic_modulus_RT_Gpa: 147.99999999999997
    avg_Melting_point_(K): 1619.4833333333333
    avg_lattice_constant_A: 3.298333333333333
    avg_BEC_percm3: 3.7933333333333334e-21
    avg_Av.Valence_bond_strength_ev: 2.3673333333333333
    avg_EngelZ_e/a: 4.816666666666667
    Temperature: 25.0
    "
Co1 Cu1 Fe1 Mn1 Ni1,1.5260000000000002,1.814,9.0,3.904000000000001,158.0,189.60000000000002,68.20093363101279,1635.1500000000003,-21.28872344,20.72727272727273,4.28,4.958000000000001e-21,2.0166000000000004,5.74,0.16000000000000014,0.3599999999999999,4.0,1.5200000000000005,60.0,81.0,89.0,452.0,8.737094040000002,20.0,6.380000000000001,2.0300000000000006e-21,0.9269999999999998,2.7,0.0030640000000000055,0.018183999999999985,2.0,0.360904,576.0,913.04,774.888888888889,29532.8,11.484732370025231,65.21225,5.479920000000002,5.677760000000002e-43,0.12475063999999998,0.8864000000000003,25.0,208.0,"
    Formula: Co1 Cu1 Fe1 Mn1 Ni1
    avg_Atomic_Radius: 1.5260000000000002
    avg_Pauling_Electronegativity: 1.814
    avg_number_of_valence_electrons: 9.0
    avg_Cohesive_energy_ev_atom: 3.904000000000001
    avg_Bulk_modulus_RT_Gpa: 158.0
    avg_Elastic_modulus_RT_Gpa: 189.60000000000002
    avg_Melting_point_(K): 1635.1500000000003
    avg_lattice_constant_A: 4.28
    avg_BEC_percm3: 4.958000000000001e-21
    avg_Av.Valence_bond_strength_ev: 2.0166000000000004
    avg_EngelZ_e/a: 5.74
    Temperature: 25.0
    "
Co1 Cu1 Fe1 Mn1 Ni1 Sn0.03,1.5255467196819084,1.8148707753479125,8.970178926441353,3.8994433399602384,157.403578528827,188.76739562624255,68.20093363101279,1628.4104373757455,-21.28872344,20.72727272727273,4.289184890656063,4.937256461232605e-21,2.017401590457257,5.28888888888889,0.16000000000000014,0.4099999999999999,7.0,1.5200000000000005,122.0,161.0,89.0,1303.0,8.737094040000002,20.0,6.380000000000001,4.08e-21,0.9269999999999998,3.4000000000000004,0.0033555555555555617,0.018113888888888877,5.138888888888888,0.38182222222222223,1868.888888888889,3467.555555555556,774.888888888889,201957.8888888889,11.484732370025231,65.21225,4.89598888888889,2.1532138888888892e-42,0.10646766666666663,1.280987654320988,25.0,192.0,"
    Formula: Co1 Cu1 Fe1 Mn1 Ni1 Sn0.03
    avg_Atomic_Radius: 1.5255467196819084
    avg_Pauling_Electronegativity: 1.8148707753479125
    avg_number_of_valence_electrons: 8.970178926441353
    avg_Cohesive_energy_ev_atom: 3.8994433399602384
    avg_Bulk_modulus_RT_Gpa: 157.403578528827
    avg_Elastic_modulus_RT_Gpa: 188.76739562624255
    avg_Melting_point_(K): 1628.4104373757455
    avg_lattice_constant_A: 4.289184890656063
    avg_BEC_percm3: 4.937256461232605e-21
    avg_Av.Valence_bond_strength_ev: 2.017401590457257
    avg_EngelZ_e/a: 5.28888888888889
    Temperature: 25.0
    "
Co1 Cu1 Fe1 Mn1 Ni1 Sn0.05,1.5252475247524755,1.8154455445544557,8.950495049504951,3.8964356435643572,157.00990099009903,188.21782178217825,68.20093363101279,1623.961881188119,-21.28872344,20.72727272727273,4.295247524752475,4.9235643564356446e-21,2.017930693069307,5.28888888888889,0.16000000000000014,0.4099999999999999,7.0,1.5200000000000005,122.0,161.0,89.0,1303.0,8.737094040000002,20.0,6.380000000000001,4.08e-21,0.9269999999999998,3.4000000000000004,0.0033555555555555617,0.018113888888888877,5.138888888888888,0.38182222222222223,1868.888888888889,3467.555555555556,774.888888888889,201957.8888888889,11.484732370025231,65.21225,4.89598888888889,2.1532138888888892e-42,0.10646766666666663,1.280987654320988,25.0,205.0,"
    Formula: Co1 Cu1 Fe1 Mn1 Ni1 Sn0.05
    avg_Atomic_Radius: 1.5252475247524755
    avg_Pauling_Electronegativity: 1.8154455445544557
    avg_number_of_valence_electrons: 8.950495049504951
    avg_Cohesive_energy_ev_atom: 3.8964356435643572
    avg_Bulk_modulus_RT_Gpa: 157.00990099009903
    avg_Elastic_modulus_RT_Gpa: 188.21782178217825
    avg_Melting_point_(K): 1623.961881188119
    avg_lattice_constant_A: 4.295247524752475
    avg_BEC_percm3: 4.9235643564356446e-21
    avg_Av.Valence_bond_strength_ev: 2.017930693069307
    avg_EngelZ_e/a: 5.28888888888889
    Temperature: 25.0
    "
Co1 Cu1 Fe1 Mn1 Ni1 Sn0.08,1.5248031496062993,1.816299212598425,8.921259842519683,3.891968503937007,156.42519685039366,187.4015748031496,68.20093363101279,1617.3547244094486,-21.28872344,20.72727272727273,4.304251968503936,4.903228346456693e-21,2.0187165354330707,5.28888888888889,0.16000000000000014,0.4099999999999999,7.0,1.5200000000000005,122.0,161.0,89.0,1303.0,8.737094040000002,20.0,6.380000000000001,4.08e-21,0.9269999999999998,3.4000000000000004,0.0033555555555555617,0.018113888888888877,5.138888888888888,0.38182222222222223,1868.888888888889,3467.555555555556,774.888888888889,201957.8888888889,11.484732370025231,65.21225,4.89598888888889,2.1532138888888892e-42,0.10646766666666663,1.280987654320988,25.0,219.0,"
    Formula: Co1 Cu1 Fe1 Mn1 Ni1 Sn0.08
    avg_Atomic_Radius: 1.5248031496062993
    avg_Pauling_Electronegativity: 1.816299212598425
    avg_number_of_valence_electrons: 8.921259842519683
    avg_Cohesive_energy_ev_atom: 3.891968503937007
    avg_Bulk_modulus_RT_Gpa: 156.42519685039366
    avg_Elastic_modulus_RT_Gpa: 187.4015748031496
    avg_Melting_point_(K): 1617.3547244094486
    avg_lattice_constant_A: 4.304251968503936
    avg_BEC_percm3: 4.903228346456693e-21
    avg_Av.Valence_bond_strength_ev: 2.0187165354330707
    avg_EngelZ_e/a: 5.28888888888889
    Temperature: 25.0
    "
Co1 Cu1 Fe1 Mn1 Ni1 Sn0.1,1.5245098039215688,1.8168627450980392,8.901960784313726,3.889019607843138,156.03921568627453,186.86274509803923,68.20093363101279,1612.9931372549024,-21.28872344,20.72727272727273,4.310196078431374,4.8898039215686285e-21,2.0192352941176472,5.28888888888889,0.16000000000000014,0.4099999999999999,7.0,1.5200000000000005,122.0,161.0,89.0,1303.0,8.737094040000002,20.0,6.380000000000001,4.08e-21,0.9269999999999998,3.4000000000000004,0.0033555555555555617,0.018113888888888877,5.138888888888888,0.38182222222222223,1868.888888888889,3467.555555555556,774.888888888889,201957.8888888889,11.484732370025231,65.21225,4.89598888888889,2.1532138888888892e-42,0.10646766666666663,1.280987654320988,25.0,253.0,"
    Formula: Co1 Cu1 Fe1 Mn1 Ni1 Sn0.1
    avg_Atomic_Radius: 1.5245098039215688
    avg_Pauling_Electronegativity: 1.8168627450980392
    avg_number_of_valence_electrons: 8.901960784313726
    avg_Cohesive_energy_ev_atom: 3.889019607843138
    avg_Bulk_modulus_RT_Gpa: 156.03921568627453
    avg_Elastic_modulus_RT_Gpa: 186.86274509803923
    avg_Melting_point_(K): 1612.9931372549024
    avg_lattice_constant_A: 4.310196078431374
    avg_BEC_percm3: 4.8898039215686285e-21
    avg_Av.Valence_bond_strength_ev: 2.0192352941176472
    avg_EngelZ_e/a: 5.28888888888889
    Temperature: 25.0
    "
Co1 Cu1 Fe1 Mn1 Ni1 Sn0.2,1.5230769230769232,1.8196153846153844,8.807692307692307,3.8746153846153844,154.15384615384613,184.2307692307692,68.20093363101279,1591.6884615384615,-21.28872344,20.72727272727273,4.339230769230769,4.824230769230769e-21,2.0217692307692303,5.28888888888889,0.16000000000000014,0.4099999999999999,7.0,1.5200000000000005,122.0,161.0,89.0,1303.0,8.737094040000002,20.0,6.380000000000001,4.08e-21,0.9269999999999998,3.4000000000000004,0.0033555555555555617,0.018113888888888877,5.138888888888888,0.38182222222222223,1868.888888888889,3467.555555555556,774.888888888889,201957.8888888889,11.484732370025231,65.21225,4.89598888888889,2.1532138888888892e-42,0.10646766666666663,1.280987654320988,25.0,319.0,"
    Formula: Co1 Cu1 Fe1 Mn1 Ni1 Sn0.2
    avg_Atomic_Radius: 1.5230769230769232
    avg_Pauling_Electronegativity: 1.8196153846153844
    avg_number_of_valence_electrons: 8.807692307692307
    avg_Cohesive_energy_ev_atom: 3.8746153846153844
    avg_Bulk_modulus_RT_Gpa: 154.15384615384613
    avg_Elastic_modulus_RT_Gpa: 184.2307692307692
    avg_Melting_point_(K): 1591.6884615384615
    avg_lattice_constant_A: 4.339230769230769
    avg_BEC_percm3: 4.824230769230769e-21
    avg_Av.Valence_bond_strength_ev: 2.0217692307692303
    avg_EngelZ_e/a: 5.28888888888889
    Temperature: 25.0
    "
Al1 Cr1 Cu1 Fe1 Ni1,1.4680000000000002,1.7820000000000005,7.6,3.9400000000000004,145.2,178.0,69.4,1590.7500000000002,-22.571667812,12.86,3.3860000000000006,4.136e-21,2.2644,4.98,0.48,0.2999999999999998,8.0,1.0500000000000003,104.0,209.0,89.0,1197.0,6.253642030000002,20.0,1.1799999999999997,3.63e-21,0.6430000000000002,3.4000000000000004,0.025816000000000006,0.015415999999999989,8.24,0.17924,1372.16,5148.4,924.64,168804.64,4.864243370591835,64.2864,0.20626399999999992,1.7638640000000006e-42,0.047278640000000025,1.5856000000000006,25.0,495.0,"
    Formula: Al1 Cr1 Cu1 Fe1 Ni1
    avg_Atomic_Radius: 1.4680000000000002
    avg_Pauling_Electronegativity: 1.7820000000000005
    avg_number_of_valence_electrons: 7.6
    avg_Cohesive_energy_ev_atom: 3.9400000000000004
    avg_Bulk_modulus_RT_Gpa: 145.2
    avg_Elastic_modulus_RT_Gpa: 178.0
    avg_Melting_point_(K): 1590.7500000000002
    avg_lattice_constant_A: 3.3860000000000006
    avg_BEC_percm3: 4.136e-21
    avg_Av.Valence_bond_strength_ev: 2.2644
    avg_EngelZ_e/a: 4.98
    Temperature: 25.0
    "
Al1 Cr1 Cu1 Fe1 Ni0.6,1.4660869565217391,1.7708695652173914,7.391304347826088,3.8965217391304354,142.17391304347828,176.08695652173913,68.82608695652175,1578.976086956522,-22.526391105217392,13.543478260869566,3.374347826086957,4.07304347826087e-21,2.259217391304348,4.943478260869565,0.48,0.2999999999999998,8.0,1.0500000000000003,104.0,209.0,89.0,1197.0,6.253642030000002,20.0,1.1799999999999997,3.63e-21,0.6430000000000002,3.4000000000000004,0.025816000000000006,0.015415999999999989,8.24,0.17924,1372.16,5148.4,924.64,168804.64,4.864243370591835,64.2864,0.20626399999999992,1.7638640000000006e-42,0.047278640000000025,1.5856000000000006,25.0,496.0,"
    Formula: Al1 Cr1 Cu1 Fe1 Ni0.6
    avg_Atomic_Radius: 1.4660869565217391
    avg_Pauling_Electronegativity: 1.7708695652173914
    avg_number_of_valence_electrons: 7.391304347826088
    avg_Cohesive_energy_ev_atom: 3.8965217391304354
    avg_Bulk_modulus_RT_Gpa: 142.17391304347828
    avg_Elastic_modulus_RT_Gpa: 176.08695652173913
    avg_Melting_point_(K): 1578.976086956522
    avg_lattice_constant_A: 3.374347826086957
    avg_BEC_percm3: 4.07304347826087e-21
    avg_Av.Valence_bond_strength_ev: 2.259217391304348
    avg_EngelZ_e/a: 4.943478260869565
    Temperature: 25.0
    "
Al1 Cr1 Cu1 Fe1 Ni0.8,1.4670833333333333,1.7766666666666668,7.500000000000001,3.919166666666667,143.75000000000003,177.08333333333334,69.125,1585.1083333333336,-22.549972723333333,13.187500000000002,3.380416666666667,4.105833333333334e-21,2.261916666666667,4.9625,0.48,0.2999999999999998,8.0,1.0500000000000003,104.0,209.0,89.0,1197.0,6.253642030000002,20.0,1.1799999999999997,3.63e-21,0.6430000000000002,3.4000000000000004,0.025816000000000006,0.015415999999999989,8.24,0.17924,1372.16,5148.4,924.64,168804.64,4.864243370591835,64.2864,0.20626399999999992,1.7638640000000006e-42,0.047278640000000025,1.5856000000000006,25.0,486.0,"
    Formula: Al1 Cr1 Cu1 Fe1 Ni0.8
    avg_Atomic_Radius: 1.4670833333333333
    avg_Pauling_Electronegativity: 1.7766666666666668
    avg_number_of_valence_electrons: 7.500000000000001
    avg_Cohesive_energy_ev_atom: 3.919166666666667
    avg_Bulk_modulus_RT_Gpa: 143.75000000000003
    avg_Elastic_modulus_RT_Gpa: 177.08333333333334
    avg_Melting_point_(K): 1585.1083333333336
    avg_lattice_constant_A: 3.380416666666667
    avg_BEC_percm3: 4.105833333333334e-21
    avg_Av.Valence_bond_strength_ev: 2.261916666666667
    avg_EngelZ_e/a: 4.9625
    Temperature: 25.0
    "
Al0.833 Cr0.833 Cu0.833 Fe0.833 Ni1,1.46884810710988,1.7869344413665744,7.692520775623269,3.959275161588181,146.54155124653738,178.84810710987998,69.65443213296399,1595.9697137580795,-22.591740276306556,12.556994459833795,3.391165743305632,4.1639104339796865e-21,2.2666975992613114,4.9961911357340725,0.48,0.2999999999999998,8.0,1.0500000000000003,104.0,209.0,89.0,1197.0,6.253642030000002,20.0,1.1799999999999997,3.63e-21,0.6430000000000002,3.4000000000000004,0.025816000000000006,0.015415999999999989,8.24,0.17924,1372.16,5148.4,924.64,168804.64,4.864243370591835,64.2864,0.20626399999999992,1.7638640000000006e-42,0.047278640000000025,1.5856000000000006,25.0,407.0,"
    Formula: Al0.833 Cr0.833 Cu0.833 Fe0.833 Ni1
    avg_Atomic_Radius: 1.46884810710988
    avg_Pauling_Electronegativity: 1.7869344413665744
    avg_number_of_valence_electrons: 7.692520775623269
    avg_Cohesive_energy_ev_atom: 3.959275161588181
    avg_Bulk_modulus_RT_Gpa: 146.54155124653738
    avg_Elastic_modulus_RT_Gpa: 178.84810710987998
    avg_Melting_point_(K): 1595.9697137580795
    avg_lattice_constant_A: 3.391165743305632
    avg_BEC_percm3: 4.1639104339796865e-21
    avg_Av.Valence_bond_strength_ev: 2.2666975992613114
    avg_EngelZ_e/a: 4.9961911357340725
    Temperature: 25.0
    "
Al0.714 Cr0.714 Cu0.714 Fe0.714 Ni1,1.4696317427385892,1.79149377593361,7.7780082987551875,3.977085062240664,147.78112033195023,179.63174273858922,69.88952282157678,1600.7926348547717,-22.610286870248963,12.277022821576764,3.3959387966804986,4.189699170124482e-21,2.2688205394190875,5.011151452282158,0.48,0.2999999999999998,8.0,1.0500000000000003,104.0,209.0,89.0,1197.0,6.253642030000002,20.0,1.1799999999999997,3.63e-21,0.6430000000000002,3.4000000000000004,0.025816000000000006,0.015415999999999989,8.24,0.17924,1372.16,5148.4,924.64,168804.64,4.864243370591835,64.2864,0.20626399999999992,1.7638640000000006e-42,0.047278640000000025,1.5856000000000006,25.0,367.0,"
    Formula: Al0.714 Cr0.714 Cu0.714 Fe0.714 Ni1
    avg_Atomic_Radius: 1.4696317427385892
    avg_Pauling_Electronegativity: 1.79149377593361
    avg_number_of_valence_electrons: 7.7780082987551875
    avg_Cohesive_energy_ev_atom: 3.977085062240664
    avg_Bulk_modulus_RT_Gpa: 147.78112033195023
    avg_Elastic_modulus_RT_Gpa: 179.63174273858922
    avg_Melting_point_(K): 1600.7926348547717
    avg_lattice_constant_A: 3.3959387966804986
    avg_BEC_percm3: 4.189699170124482e-21
    avg_Av.Valence_bond_strength_ev: 2.2688205394190875
    avg_EngelZ_e/a: 5.011151452282158
    Temperature: 25.0
    "
Co1 Cr1 Cu1 Fe1 Ni1,1.5360000000000003,1.8360000000000003,8.8,4.14,166.0,205.8,79.2,1757.7500000000002,-23.023491764000003,10.0,3.078,4.854e-21,2.208,5.58,0.20999999999999996,0.25,5.0,0.9500000000000002,40.0,149.0,67.0,774.0,5.374740800000001,20.0,1.1,1.9100000000000005e-21,0.5030000000000001,2.3000000000000007,0.0051439999999999975,0.008503999999999998,2.96,0.11923999999999997,224.0,2234.9599999999996,458.16000000000014,60722.240000000005,3.146243420657009,58.452,0.17669600000000002,4.858240000000002e-43,0.0341036,0.6496000000000003,25.0,286.0,"
    Formula: Co1 Cr1 Cu1 Fe1 Ni1
    avg_Atomic_Radius: 1.5360000000000003
    avg_Pauling_Electronegativity: 1.8360000000000003
    avg_number_of_valence_electrons: 8.8
    avg_Cohesive_energy_ev_atom: 4.14
    avg_Bulk_modulus_RT_Gpa: 166.0
    avg_Elastic_modulus_RT_Gpa: 205.8
    avg_Melting_point_(K): 1757.7500000000002
    avg_lattice_constant_A: 3.078
    avg_BEC_percm3: 4.854e-21
    avg_Av.Valence_bond_strength_ev: 2.208
    avg_EngelZ_e/a: 5.58
    Temperature: 25.0
    "
Al1 Cu0.889 Fe0.667 Ni0.889 Ti1,1.4835050618672665,1.745264341957255,6.975253093363329,4.08200899887514,131.3543307086614,139.50663667041619,52.852643419572544,1532.6210911136109,-19.25999221029246,30.39214848143982,3.431464566929134,3.405442069741282e-21,2.4226015748031493,4.435163104611923,0.5800000000000001,0.3699999999999999,8.0,1.4599999999999995,104.0,141.0,56.0,1000.0000000000001,11.935334420000002,95.0,1.1799999999999997,3.63e-21,1.0790000000000002,3.4000000000000004,0.03509600000000001,0.023575999999999986,10.16,0.31723999999999986,1476.1599999999999,2814.2400000000002,436.16,132509.36000000004,18.904196803595084,1328.4864000000002,0.19287999999999988,2.0057840000000006e-42,0.12100664000000005,1.4096000000000006,25.0,516.0,"
    Formula: Al1 Cu0.889 Fe0.667 Ni0.889 Ti1
    avg_Atomic_Radius: 1.4835050618672665
    avg_Pauling_Electronegativity: 1.745264341957255
    avg_number_of_valence_electrons: 6.975253093363329
    avg_Cohesive_energy_ev_atom: 4.08200899887514
    avg_Bulk_modulus_RT_Gpa: 131.3543307086614
    avg_Elastic_modulus_RT_Gpa: 139.50663667041619
    avg_Melting_point_(K): 1532.6210911136109
    avg_lattice_constant_A: 3.431464566929134
    avg_BEC_percm3: 3.405442069741282e-21
    avg_Av.Valence_bond_strength_ev: 2.4226015748031493
    avg_EngelZ_e/a: 4.435163104611923
    Temperature: 25.0
    "
Al1 Cu0.889 Fe0.667 Ni0.889 Ti1,1.4835050618672665,1.745264341957255,6.975253093363329,4.08200899887514,131.3543307086614,139.50663667041619,52.852643419572544,1532.6210911136109,-19.25999221029246,30.39214848143982,3.431464566929134,3.405442069741282e-21,2.4226015748031493,4.435163104611923,0.5800000000000001,0.3699999999999999,8.0,1.4599999999999995,104.0,141.0,56.0,1000.0000000000001,11.935334420000002,95.0,1.1799999999999997,3.63e-21,1.0790000000000002,3.4000000000000004,0.03509600000000001,0.023575999999999986,10.16,0.31723999999999986,1476.1599999999999,2814.2400000000002,436.16,132509.36000000004,18.904196803595084,1328.4864000000002,0.19287999999999988,2.0057840000000006e-42,0.12100664000000005,1.4096000000000006,25.0,516.0,"
    Formula: Al1 Cu0.889 Fe0.667 Ni0.889 Ti1
    avg_Atomic_Radius: 1.4835050618672665
    avg_Pauling_Electronegativity: 1.745264341957255
    avg_number_of_valence_electrons: 6.975253093363329
    avg_Cohesive_energy_ev_atom: 4.08200899887514
    avg_Bulk_modulus_RT_Gpa: 131.3543307086614
    avg_Elastic_modulus_RT_Gpa: 139.50663667041619
    avg_Melting_point_(K): 1532.6210911136109
    avg_lattice_constant_A: 3.431464566929134
    avg_BEC_percm3: 3.405442069741282e-21
    avg_Av.Valence_bond_strength_ev: 2.4226015748031493
    avg_EngelZ_e/a: 4.435163104611923
    Temperature: 25.0
    "
Al1 Cu1 Fe1 Ni1 Ti1,1.4880000000000002,1.7580000000000002,7.2,4.09,135.2,145.4,55.2,1551.3500000000001,-19.647092094,27.86,3.4000000000000004,3.576000000000001e-21,2.3796,4.58,0.5800000000000001,0.3699999999999999,8.0,1.4599999999999995,104.0,141.0,56.0,1000.0000000000001,11.935334420000002,95.0,1.1799999999999997,3.63e-21,1.0790000000000002,3.4000000000000004,0.03509600000000001,0.023575999999999986,10.16,0.31723999999999986,1476.1599999999999,2814.2400000000002,436.16,132509.36000000004,18.904196803595084,1328.4864000000002,0.19287999999999988,2.0057840000000006e-42,0.12100664000000005,1.4096000000000006,25.0,516.0,"
    Formula: Al1 Cu1 Fe1 Ni1 Ti1
    avg_Atomic_Radius: 1.4880000000000002
    avg_Pauling_Electronegativity: 1.7580000000000002
    avg_number_of_valence_electrons: 7.2
    avg_Cohesive_energy_ev_atom: 4.09
    avg_Bulk_modulus_RT_Gpa: 135.2
    avg_Elastic_modulus_RT_Gpa: 145.4
    avg_Melting_point_(K): 1551.3500000000001
    avg_lattice_constant_A: 3.4000000000000004
    avg_BEC_percm3: 3.576000000000001e-21
    avg_Av.Valence_bond_strength_ev: 2.3796
    avg_EngelZ_e/a: 4.58
    Temperature: 25.0
    "
Al1 Cu1 Ni1 Ti1,1.47,1.74,7.0,4.0425,126.5,129.0,48.5,1487.15,-18.7256314025,32.55,3.5324999999999998,3.1100000000000005e-21,2.51175,4.125,0.5800000000000001,0.3699999999999999,8.0,1.4599999999999995,104.0,130.0,50.0,1000.0000000000001,11.694749499999999,95.0,1.0999999999999996,3.0500000000000004e-21,0.6310000000000002,2.4000000000000004,0.04225000000000001,0.027849999999999972,12.5,0.3852687499999998,1466.75,2173.0,320.75,145028.50000000003,19.38479697459556,1550.6275,0.1533187499999999,1.4214500000000003e-42,0.06394018750000005,0.7268750000000003,25.0,537.0,"
    Formula: Al1 Cu1 Ni1 Ti1
    avg_Atomic_Radius: 1.47
    avg_Pauling_Electronegativity: 1.74
    avg_number_of_valence_electrons: 7.0
    avg_Cohesive_energy_ev_atom: 4.0425
    avg_Bulk_modulus_RT_Gpa: 126.5
    avg_Elastic_modulus_RT_Gpa: 129.0
    avg_Melting_point_(K): 1487.15
    avg_lattice_constant_A: 3.5324999999999998
    avg_BEC_percm3: 3.1100000000000005e-21
    avg_Av.Valence_bond_strength_ev: 2.51175
    avg_EngelZ_e/a: 4.125
    Temperature: 25.0
    "
Al0.667 Li0.667 Mg0.333 Sc0.667 Ti1,1.6110017996400718,1.3829874025194961,2.7999400119976006,3.390062987402519,66.29664067186563,69.07657468506298,26.738872225554886,1312.3154169166166,-12.849744938317336,33.93515296940612,3.3760887822435515,1.4679754049190162e-21,2.5550650869826037,2.7999400119976006,0.6600000000000001,0.6300000000000001,3.0,3.34,99.0,111.1,39.8,1479.5,11.553400049999999,100.0,1.0999999999999996,1.7800000000000006e-21,1.5319999999999998,3.0,0.057000000000000016,0.048360000000000014,1.0400000000000003,1.6931839999999998,1078.16,1334.6816,174.00640000000004,323900.84,14.293331773994472,1502.7584,0.13545599999999994,4.077600000000002e-43,0.28343184,1.0400000000000003,25.0,591.0,"
    Formula: Al0.667 Li0.667 Mg0.333 Sc0.667 Ti1
    avg_Atomic_Radius: 1.6110017996400718
    avg_Pauling_Electronegativity: 1.3829874025194961
    avg_number_of_valence_electrons: 2.7999400119976006
    avg_Cohesive_energy_ev_atom: 3.390062987402519
    avg_Bulk_modulus_RT_Gpa: 66.29664067186563
    avg_Elastic_modulus_RT_Gpa: 69.07657468506298
    avg_Melting_point_(K): 1312.3154169166166
    avg_lattice_constant_A: 3.3760887822435515
    avg_BEC_percm3: 1.4679754049190162e-21
    avg_Av.Valence_bond_strength_ev: 2.5550650869826037
    avg_EngelZ_e/a: 2.7999400119976006
    Temperature: 25.0
    "
Al0.214 Nb0.714 Ta0.571 Ti1 V0.143 Zr0.929,1.8836488378605432,1.4987678521422574,4.339960795295436,6.208658639036685,131.40940912909548,110.2301876225147,42.9775973116774,2307.5622094651358,-9.348112987725006,95.1818538224587,3.2191094931391766,2.3093391206944833e-21,3.402050406048726,4.339960795295436,0.8800000000000001,0.2999999999999998,2.0,4.709999999999999,124.0,118.0,43.0,2336.0,13.686711702,80.4,1.0999999999999996,1.8900000000000004e-21,2.131,2.0,0.08868055555555558,0.010358333333333329,0.5555555555555555,2.583547222222222,2019.25,1582.8055555555557,184.47222222222226,519799.6666666667,19.735632341967193,897.7999999999996,0.1279666666666666,4.136472222222223e-43,0.5551415555555554,0.5555555555555555,25.0,500.0,"
    Formula: Al0.214 Nb0.714 Ta0.571 Ti1 V0.143 Zr0.929
    avg_Atomic_Radius: 1.8836488378605432
    avg_Pauling_Electronegativity: 1.4987678521422574
    avg_number_of_valence_electrons: 4.339960795295436
    avg_Cohesive_energy_ev_atom: 6.208658639036685
    avg_Bulk_modulus_RT_Gpa: 131.40940912909548
    avg_Elastic_modulus_RT_Gpa: 110.2301876225147
    avg_Melting_point_(K): 2307.5622094651358
    avg_lattice_constant_A: 3.2191094931391766
    avg_BEC_percm3: 2.3093391206944833e-21
    avg_Av.Valence_bond_strength_ev: 3.402050406048726
    avg_EngelZ_e/a: 4.339960795295436
    Temperature: 25.0
    "
Al0.214 Nb0.714 Ta0.714 Ti1 Zr0.929,1.8952618314197704,1.4935620274432935,4.339960795295436,6.3203836460375244,133.0112013441613,112.55278633436012,43.8585830299636,2351.851764211706,-9.279460779505461,95.1818538224587,3.230722486698404,2.2728983478017366e-21,3.475572668720247,4.339960795295436,0.8800000000000001,0.28,2.0,4.709999999999999,124.0,118.0,43.0,2336.0,13.686711702,80.4,1.0999999999999996,1.0300000000000001e-21,2.131,2.0,0.10518400000000003,0.010264,0.5599999999999999,3.013376,2267.04,1839.2,217.2,623528.96,23.670049474293968,1034.2655999999995,0.1333759999999999,1.85384e-43,0.6021031999999998,0.5599999999999999,25.0,490.0,"
    Formula: Al0.214 Nb0.714 Ta0.714 Ti1 Zr0.929
    avg_Atomic_Radius: 1.8952618314197704
    avg_Pauling_Electronegativity: 1.4935620274432935
    avg_number_of_valence_electrons: 4.339960795295436
    avg_Cohesive_energy_ev_atom: 6.3203836460375244
    avg_Bulk_modulus_RT_Gpa: 133.0112013441613
    avg_Elastic_modulus_RT_Gpa: 112.55278633436012
    avg_Melting_point_(K): 2351.851764211706
    avg_lattice_constant_A: 3.230722486698404
    avg_BEC_percm3: 2.2728983478017366e-21
    avg_Av.Valence_bond_strength_ev: 3.475572668720247
    avg_EngelZ_e/a: 4.339960795295436
    Temperature: 25.0
    "
Al0.4 Hf0.6 Nb1 Ta1 Ti1 Zr1,1.9040000000000004,1.4788000000000001,4.319999999999999,6.398000000000001,133.48,109.96000000000001,42.480000000000004,2388.3900000000003,-8.967444577479998,93.568,3.266,2.2440000000000002e-21,3.5627200000000006,4.319999999999999,0.9000000000000001,0.31000000000000005,2.0,4.709999999999999,124.0,118.0,43.0,2336.0,14.323733680999998,80.4,1.0999999999999996,1.0300000000000001e-21,2.131,2.0,0.09885555555555554,0.015033333333333336,0.47222222222222215,2.5342666666666664,1941.4722222222224,1666.1388888888887,201.0,532090.8055555556,23.543240400485498,897.7999999999996,0.11506666666666661,1.8064722222222223e-43,0.5203576666666665,0.47222222222222215,25.0,500.0,"
    Formula: Al0.4 Hf0.6 Nb1 Ta1 Ti1 Zr1
    avg_Atomic_Radius: 1.9040000000000004
    avg_Pauling_Electronegativity: 1.4788000000000001
    avg_number_of_valence_electrons: 4.319999999999999
    avg_Cohesive_energy_ev_atom: 6.398000000000001
    avg_Bulk_modulus_RT_Gpa: 133.48
    avg_Elastic_modulus_RT_Gpa: 109.96000000000001
    avg_Melting_point_(K): 2388.3900000000003
    avg_lattice_constant_A: 3.266
    avg_BEC_percm3: 2.2440000000000002e-21
    avg_Av.Valence_bond_strength_ev: 3.5627200000000006
    avg_EngelZ_e/a: 4.319999999999999
    Temperature: 25.0
    "
Al0.333 Nb0.667 Ta0.533 Ti1 V0.133 Zr0.667,1.8424992499249924,1.514170417041704,4.3000300030003,6.0667086708670865,131.1956195619562,111.27002700270026,42.91719171917192,2256.1857035703574,-9.916405849873389,91.96723672367236,3.2463396339633963,2.3232673267326732e-21,3.3792067206720673,4.3000300030003,0.8800000000000001,0.2999999999999998,2.0,4.709999999999999,124.0,118.0,43.0,2336.0,13.686711702,80.4,1.0999999999999996,1.8900000000000004e-21,2.131,2.0,0.08868055555555558,0.010358333333333329,0.5555555555555555,2.583547222222222,2019.25,1582.8055555555557,184.47222222222226,519799.6666666667,19.735632341967193,897.7999999999996,0.1279666666666666,4.136472222222223e-43,0.5551415555555554,0.5555555555555555,25.0,530.0,"
    Formula: Al0.333 Nb0.667 Ta0.533 Ti1 V0.133 Zr0.667
    avg_Atomic_Radius: 1.8424992499249924
    avg_Pauling_Electronegativity: 1.514170417041704
    avg_number_of_valence_electrons: 4.3000300030003
    avg_Cohesive_energy_ev_atom: 6.0667086708670865
    avg_Bulk_modulus_RT_Gpa: 131.1956195619562
    avg_Elastic_modulus_RT_Gpa: 111.27002700270026
    avg_Melting_point_(K): 2256.1857035703574
    avg_lattice_constant_A: 3.2463396339633963
    avg_BEC_percm3: 2.3232673267326732e-21
    avg_Av.Valence_bond_strength_ev: 3.3792067206720673
    avg_EngelZ_e/a: 4.3000300030003
    Temperature: 25.0
    "
Al1 Mo0.5 Nb1 Ta0.5 Ti1 Zr1,1.786,1.582,4.3,5.904000000000001,132.4,123.30000000000001,37.1,2162.4500000000003,-10.114499593199998,83.92,3.3520000000000003,2.3580000000000003e-21,3.3896000000000006,4.3,0.8800000000000001,0.8300000000000001,3.0,4.709999999999999,154.0,261.0,49.0,2336.0,16.789004423999998,80.4,1.0999999999999996,2.12e-21,2.131,3.0,0.08915555555555559,0.06615555555555558,0.9166666666666666,2.5973888888888887,3294.805555555555,8254.888888888889,248.22222222222226,585694.1388888889,27.977868483802055,897.7999999999996,0.11774722222222217,5.082666666666666e-43,0.6468198888888889,0.9166666666666666,25.0,591.0,"
    Formula: Al1 Mo0.5 Nb1 Ta0.5 Ti1 Zr1
    avg_Atomic_Radius: 1.786
    avg_Pauling_Electronegativity: 1.582
    avg_number_of_valence_electrons: 4.3
    avg_Cohesive_energy_ev_atom: 5.904000000000001
    avg_Bulk_modulus_RT_Gpa: 132.4
    avg_Elastic_modulus_RT_Gpa: 123.30000000000001
    avg_Melting_point_(K): 2162.4500000000003
    avg_lattice_constant_A: 3.3520000000000003
    avg_BEC_percm3: 2.3580000000000003e-21
    avg_Av.Valence_bond_strength_ev: 3.3896000000000006
    avg_EngelZ_e/a: 4.3
    Temperature: 25.0
    "
Al0.667 Nb1 Ta0.333 Ti1 Zr0.333,1.7638883888388837,1.547032703270327,4.1998199819982,5.838487848784879,128.2913291329133,105.6921692169217,39.996399639964,2128.116696669667,-10.816814832347434,83.9103510351035,3.3390849084908485,2.3009690969096914e-21,3.3341179117911794,4.1998199819982,0.8800000000000001,0.28,2.0,4.709999999999999,124.0,118.0,43.0,2336.0,13.686711702,80.4,1.0999999999999996,1.0300000000000001e-21,2.131,2.0,0.10518400000000003,0.010264,0.5599999999999999,3.013376,2267.04,1839.2,217.2,623528.96,23.670049474293968,1034.2655999999995,0.1333759999999999,1.85384e-43,0.6021031999999998,0.5599999999999999,25.0,408.0,"
    Formula: Al0.667 Nb1 Ta0.333 Ti1 Zr0.333
    avg_Atomic_Radius: 1.7638883888388837
    avg_Pauling_Electronegativity: 1.547032703270327
    avg_number_of_valence_electrons: 4.1998199819982
    avg_Cohesive_energy_ev_atom: 5.838487848784879
    avg_Bulk_modulus_RT_Gpa: 128.2913291329133
    avg_Elastic_modulus_RT_Gpa: 105.6921692169217
    avg_Melting_point_(K): 2128.116696669667
    avg_lattice_constant_A: 3.3390849084908485
    avg_BEC_percm3: 2.3009690969096914e-21
    avg_Av.Valence_bond_strength_ev: 3.3341179117911794
    avg_EngelZ_e/a: 4.1998199819982
    Temperature: 25.0
    "
Al0.3 Hf1 Nb1 Ta1 Ti1 Zr1,1.9309433962264153,1.4628301886792454,4.320754716981132,6.457924528301888,132.7924528301887,108.30188679245283,41.84905660377358,2424.2820754716986,-8.497694436792454,95.44905660377358,3.2462264150943403,2.2194339622641517e-21,3.5989056603773584,4.320754716981132,0.9000000000000001,0.31000000000000005,2.0,4.709999999999999,124.0,118.0,43.0,2336.0,14.323733680999998,80.4,1.0999999999999996,1.0300000000000001e-21,2.131,2.0,0.09885555555555554,0.015033333333333336,0.47222222222222215,2.5342666666666664,1941.4722222222224,1666.1388888888887,201.0,532090.8055555556,23.543240400485498,897.7999999999996,0.11506666666666661,1.8064722222222223e-43,0.5203576666666665,0.47222222222222215,25.0,353.0,"
    Formula: Al0.3 Hf1 Nb1 Ta1 Ti1 Zr1
    avg_Atomic_Radius: 1.9309433962264153
    avg_Pauling_Electronegativity: 1.4628301886792454
    avg_number_of_valence_electrons: 4.320754716981132
    avg_Cohesive_energy_ev_atom: 6.457924528301888
    avg_Bulk_modulus_RT_Gpa: 132.7924528301887
    avg_Elastic_modulus_RT_Gpa: 108.30188679245283
    avg_Melting_point_(K): 2424.2820754716986
    avg_lattice_constant_A: 3.2462264150943403
    avg_BEC_percm3: 2.2194339622641517e-21
    avg_Av.Valence_bond_strength_ev: 3.5989056603773584
    avg_EngelZ_e/a: 4.320754716981132
    Temperature: 25.0
    "
Al0.5 Hf1 Nb1 Ta1 Ti1 Zr1,1.9036363636363636,1.4681818181818185,4.272727272727273,6.346363636363637,130.72727272727275,106.90909090909092,41.27272727272727,2370.059090909091,-8.907481439090908,92.6909090909091,3.275454545454546,2.204545454545455e-21,3.558727272727273,4.272727272727273,0.9000000000000001,0.31000000000000005,2.0,4.709999999999999,124.0,118.0,43.0,2336.0,14.323733680999998,80.4,1.0999999999999996,1.0300000000000001e-21,2.131,2.0,0.09885555555555554,0.015033333333333336,0.47222222222222215,2.5342666666666664,1941.4722222222224,1666.1388888888887,201.0,532090.8055555556,23.543240400485498,897.7999999999996,0.11506666666666661,1.8064722222222223e-43,0.5203576666666665,0.47222222222222215,25.0,396.0,"
    Formula: Al0.5 Hf1 Nb1 Ta1 Ti1 Zr1
    avg_Atomic_Radius: 1.9036363636363636
    avg_Pauling_Electronegativity: 1.4681818181818185
    avg_number_of_valence_electrons: 4.272727272727273
    avg_Cohesive_energy_ev_atom: 6.346363636363637
    avg_Bulk_modulus_RT_Gpa: 130.72727272727275
    avg_Elastic_modulus_RT_Gpa: 106.90909090909092
    avg_Melting_point_(K): 2370.059090909091
    avg_lattice_constant_A: 3.275454545454546
    avg_BEC_percm3: 2.204545454545455e-21
    avg_Av.Valence_bond_strength_ev: 3.558727272727273
    avg_EngelZ_e/a: 4.272727272727273
    Temperature: 25.0
    "
Al0.75 Hf1 Nb1 Ta1 Ti1 Zr1,1.8721739130434785,1.4743478260869565,4.217391304347826,6.2178260869565225,128.34782608695653,105.30434782608697,40.608695652173914,2307.584782608696,-9.379627333043477,89.51304347826087,3.3091304347826087,2.1873913043478262e-21,3.512434782608696,4.217391304347826,0.9000000000000001,0.31000000000000005,2.0,4.709999999999999,124.0,118.0,43.0,2336.0,14.323733680999998,80.4,1.0999999999999996,1.0300000000000001e-21,2.131,2.0,0.09885555555555554,0.015033333333333336,0.47222222222222215,2.5342666666666664,1941.4722222222224,1666.1388888888887,201.0,532090.8055555556,23.543240400485498,897.7999999999996,0.11506666666666661,1.8064722222222223e-43,0.5203576666666665,0.47222222222222215,25.0,427.0,"
    Formula: Al0.75 Hf1 Nb1 Ta1 Ti1 Zr1
    avg_Atomic_Radius: 1.8721739130434785
    avg_Pauling_Electronegativity: 1.4743478260869565
    avg_number_of_valence_electrons: 4.217391304347826
    avg_Cohesive_energy_ev_atom: 6.2178260869565225
    avg_Bulk_modulus_RT_Gpa: 128.34782608695653
    avg_Elastic_modulus_RT_Gpa: 105.30434782608697
    avg_Melting_point_(K): 2307.584782608696
    avg_lattice_constant_A: 3.3091304347826087
    avg_BEC_percm3: 2.1873913043478262e-21
    avg_Av.Valence_bond_strength_ev: 3.512434782608696
    avg_EngelZ_e/a: 4.217391304347826
    Temperature: 25.0
    "
Al1 Hf1 Nb1 Ta1 Ti1 Zr1,1.8433333333333333,1.48,4.166666666666666,6.1,126.16666666666666,103.83333333333331,40.0,2250.3166666666666,-9.812427735833332,86.6,3.34,2.171666666666667e-21,3.4699999999999998,4.166666666666666,0.9000000000000001,0.31000000000000005,2.0,4.709999999999999,124.0,118.0,43.0,2336.0,14.323733680999998,80.4,1.0999999999999996,1.0300000000000001e-21,2.131,2.0,0.09885555555555554,0.015033333333333336,0.47222222222222215,2.5342666666666664,1941.4722222222224,1666.1388888888887,201.0,532090.8055555556,23.543240400485498,897.7999999999996,0.11506666666666661,1.8064722222222223e-43,0.5203576666666665,0.47222222222222215,25.0,441.0,"
    Formula: Al1 Hf1 Nb1 Ta1 Ti1 Zr1
    avg_Atomic_Radius: 1.8433333333333333
    avg_Pauling_Electronegativity: 1.48
    avg_number_of_valence_electrons: 4.166666666666666
    avg_Cohesive_energy_ev_atom: 6.1
    avg_Bulk_modulus_RT_Gpa: 126.16666666666666
    avg_Elastic_modulus_RT_Gpa: 103.83333333333331
    avg_Melting_point_(K): 2250.3166666666666
    avg_lattice_constant_A: 3.34
    avg_BEC_percm3: 2.171666666666667e-21
    avg_Av.Valence_bond_strength_ev: 3.4699999999999998
    avg_EngelZ_e/a: 4.166666666666666
    Temperature: 25.0
    "
Hf1 Nb1 Ta1 Ti1 Zr1,1.9760000000000004,1.4540000000000002,4.3999999999999995,6.642,136.2,110.60000000000002,42.800000000000004,2513.7500000000005,-7.821545883,100.0,3.1980000000000004,2.2440000000000002e-21,3.6652000000000005,4.3999999999999995,0.32000000000000006,0.30000000000000004,1.0,3.25,109.0,118.0,39.0,1336.0,5.954497120999999,0.0,0.3599999999999999,1.0300000000000001e-21,1.6949999999999998,1.0,0.013024000000000004,0.013984,0.24000000000000005,1.2785360000000001,1725.7599999999998,1724.64,194.16000000000003,222126.24,4.470225168936082,0.0,0.01709599999999998,1.85384e-43,0.39581095999999993,0.24000000000000005,25.0,295.0,"
    Formula: Hf1 Nb1 Ta1 Ti1 Zr1
    avg_Atomic_Radius: 1.9760000000000004
    avg_Pauling_Electronegativity: 1.4540000000000002
    avg_number_of_valence_electrons: 4.3999999999999995
    avg_Cohesive_energy_ev_atom: 6.642
    avg_Bulk_modulus_RT_Gpa: 136.2
    avg_Elastic_modulus_RT_Gpa: 110.60000000000002
    avg_Melting_point_(K): 2513.7500000000005
    avg_lattice_constant_A: 3.1980000000000004
    avg_BEC_percm3: 2.2440000000000002e-21
    avg_Av.Valence_bond_strength_ev: 3.6652000000000005
    avg_EngelZ_e/a: 4.3999999999999995
    Temperature: 25.0
    "
Al0.25 Mo1 Nb1 Ti1 V1,1.7988235294117647,1.7252941176470589,4.882352941176471,5.975882352941176,162.11764705882354,163.64705882352942,36.58823529411765,2343.7382352941177,-8.425274179764706,95.27058823529411,3.1605882352941173,3.033529411764706e-21,3.469529411764706,4.882352941176471,0.8,0.6200000000000001,3.0,4.18,154.0,259.0,27.0,1957.0,16.789004423999998,80.4,1.0999999999999996,2.03e-21,1.9369999999999998,3.0,0.078464,0.05197600000000001,1.0399999999999998,2.179856,2794.5600000000004,8421.039999999997,108.0,484721.6,32.42176879748537,1034.2655999999995,0.15714399999999992,6.042800000000001e-43,0.5551421599999998,1.0399999999999998,25.0,460.0,"
    Formula: Al0.25 Mo1 Nb1 Ti1 V1
    avg_Atomic_Radius: 1.7988235294117647
    avg_Pauling_Electronegativity: 1.7252941176470589
    avg_number_of_valence_electrons: 4.882352941176471
    avg_Cohesive_energy_ev_atom: 5.975882352941176
    avg_Bulk_modulus_RT_Gpa: 162.11764705882354
    avg_Elastic_modulus_RT_Gpa: 163.64705882352942
    avg_Melting_point_(K): 2343.7382352941177
    avg_lattice_constant_A: 3.1605882352941173
    avg_BEC_percm3: 3.033529411764706e-21
    avg_Av.Valence_bond_strength_ev: 3.469529411764706
    avg_EngelZ_e/a: 4.882352941176471
    Temperature: 25.0
    "
Al0.5 Mo1 Nb1 Ti1 V1,1.764444444444444,1.718888888888889,4.777777777777778,5.832222222222222,157.33333333333331,158.4444444444444,36.0,2265.3722222222223,-9.05536100311111,91.06666666666666,3.21,2.9655555555555557e-21,3.4153333333333333,4.777777777777778,0.8,0.6200000000000001,3.0,4.18,154.0,259.0,27.0,1957.0,16.789004423999998,80.4,1.0999999999999996,2.03e-21,1.9369999999999998,3.0,0.078464,0.05197600000000001,1.0399999999999998,2.179856,2794.5600000000004,8421.039999999997,108.0,484721.6,32.42176879748537,1034.2655999999995,0.15714399999999992,6.042800000000001e-43,0.5551421599999998,1.0399999999999998,25.0,487.0,"
    Formula: Al0.5 Mo1 Nb1 Ti1 V1
    avg_Atomic_Radius: 1.764444444444444
    avg_Pauling_Electronegativity: 1.718888888888889
    avg_number_of_valence_electrons: 4.777777777777778
    avg_Cohesive_energy_ev_atom: 5.832222222222222
    avg_Bulk_modulus_RT_Gpa: 157.33333333333331
    avg_Elastic_modulus_RT_Gpa: 158.4444444444444
    avg_Melting_point_(K): 2265.3722222222223
    avg_lattice_constant_A: 3.21
    avg_BEC_percm3: 2.9655555555555557e-21
    avg_Av.Valence_bond_strength_ev: 3.4153333333333333
    avg_EngelZ_e/a: 4.777777777777778
    Temperature: 25.0
    "
Al0.75 Mo1 Nb1 Ti1 V1,1.7336842105263157,1.7131578947368422,4.684210526315789,5.7036842105263155,153.05263157894737,153.78947368421052,35.473684210526315,2195.2552631578947,-9.61912289768421,87.30526315789473,3.254210526315789,2.9047368421052635e-21,3.3668421052631574,4.684210526315789,0.8,0.6200000000000001,3.0,4.18,154.0,259.0,27.0,1957.0,16.789004423999998,80.4,1.0999999999999996,2.03e-21,1.9369999999999998,3.0,0.078464,0.05197600000000001,1.0399999999999998,2.179856,2794.5600000000004,8421.039999999997,108.0,484721.6,32.42176879748537,1034.2655999999995,0.15714399999999992,6.042800000000001e-43,0.5551421599999998,1.0399999999999998,25.0,517.0,"
    Formula: Al0.75 Mo1 Nb1 Ti1 V1
    avg_Atomic_Radius: 1.7336842105263157
    avg_Pauling_Electronegativity: 1.7131578947368422
    avg_number_of_valence_electrons: 4.684210526315789
    avg_Cohesive_energy_ev_atom: 5.7036842105263155
    avg_Bulk_modulus_RT_Gpa: 153.05263157894737
    avg_Elastic_modulus_RT_Gpa: 153.78947368421052
    avg_Melting_point_(K): 2195.2552631578947
    avg_lattice_constant_A: 3.254210526315789
    avg_BEC_percm3: 2.9047368421052635e-21
    avg_Av.Valence_bond_strength_ev: 3.3668421052631574
    avg_EngelZ_e/a: 4.684210526315789
    Temperature: 25.0
    "
Al1 Mo1 Nb1 Ti1 V1,1.7060000000000002,1.7080000000000004,4.6000000000000005,5.588000000000001,149.2,149.6,35.0,2132.15,-10.126508602800001,83.92,3.2940000000000005,2.8500000000000006e-21,3.323200000000001,4.6000000000000005,0.8,0.6200000000000001,3.0,4.18,154.0,259.0,27.0,1957.0,16.789004423999998,80.4,1.0999999999999996,2.03e-21,1.9369999999999998,3.0,0.078464,0.05197600000000001,1.0399999999999998,2.179856,2794.5600000000004,8421.039999999997,108.0,484721.6,32.42176879748537,1034.2655999999995,0.15714399999999992,6.042800000000001e-43,0.5551421599999998,1.0399999999999998,25.0,537.0,"
    Formula: Al1 Mo1 Nb1 Ti1 V1
    avg_Atomic_Radius: 1.7060000000000002
    avg_Pauling_Electronegativity: 1.7080000000000004
    avg_number_of_valence_electrons: 4.6000000000000005
    avg_Cohesive_energy_ev_atom: 5.588000000000001
    avg_Bulk_modulus_RT_Gpa: 149.2
    avg_Elastic_modulus_RT_Gpa: 149.6
    avg_Melting_point_(K): 2132.15
    avg_lattice_constant_A: 3.2940000000000005
    avg_BEC_percm3: 2.8500000000000006e-21
    avg_Av.Valence_bond_strength_ev: 3.323200000000001
    avg_EngelZ_e/a: 4.6000000000000005
    Temperature: 25.0
    "
Mo1 Nb1 Ti1 V1,1.8375,1.7325000000000002,5.0,6.1375,167.5,169.5,37.25,2431.9,-7.7164265035,100.0,3.1049999999999995,3.1100000000000005e-21,3.5305,5.0,0.27,0.6200000000000001,2.0,2.7200000000000006,120.0,224.0,27.0,957.0,8.419767864,0.0,0.34999999999999964,1.5999999999999997e-21,1.642,2.0,0.011618749999999997,0.061968750000000024,0.5,1.2150687500000008,1818.75,8546.25,109.6875,156651.6875,11.484732370025231,0.0,0.017824999999999966,4.1735e-43,0.4790612499999999,0.5,25.0,441.0,"
    Formula: Mo1 Nb1 Ti1 V1
    avg_Atomic_Radius: 1.8375
    avg_Pauling_Electronegativity: 1.7325000000000002
    avg_number_of_valence_electrons: 5.0
    avg_Cohesive_energy_ev_atom: 6.1375
    avg_Bulk_modulus_RT_Gpa: 167.5
    avg_Elastic_modulus_RT_Gpa: 169.5
    avg_Melting_point_(K): 2431.9
    avg_lattice_constant_A: 3.1049999999999995
    avg_BEC_percm3: 3.1100000000000005e-21
    avg_Av.Valence_bond_strength_ev: 3.5305
    avg_EngelZ_e/a: 5.0
    Temperature: 25.0
    "
Al1 Nb1 Ti1 V1,1.6575,1.595,4.25,5.28,129.0,104.75,38.75,1942.65,-11.913677609499999,79.9,3.33,2.6025000000000003e-21,3.04625,4.25,0.8,0.08999999999999986,2.0,4.18,94.0,58.0,21.0,1808.0,13.686711702,80.4,1.0999999999999996,1.8000000000000003e-21,1.4779999999999998,2.0,0.08631875000000001,0.001124999999999998,0.6875,2.2505,1453.0,468.6875,64.6875,426350.75000000006,24.55734570431138,1212.0300000000002,0.1899499999999999,4.4906875000000016e-43,0.3104211874999999,0.6875,25.0,448.0,"
    Formula: Al1 Nb1 Ti1 V1
    avg_Atomic_Radius: 1.6575
    avg_Pauling_Electronegativity: 1.595
    avg_number_of_valence_electrons: 4.25
    avg_Cohesive_energy_ev_atom: 5.28
    avg_Bulk_modulus_RT_Gpa: 129.0
    avg_Elastic_modulus_RT_Gpa: 104.75
    avg_Melting_point_(K): 1942.65
    avg_lattice_constant_A: 3.33
    avg_BEC_percm3: 2.6025000000000003e-21
    avg_Av.Valence_bond_strength_ev: 3.04625
    avg_EngelZ_e/a: 4.25
    Temperature: 25.0
    "
Cr1 Mo0.5 Nb1 Ta0.5 Ti1 Zr1,1.8820000000000001,1.5920000000000003,4.9,6.046,149.2,165.1,54.9,2401.8500000000004,-11.365227999199998,85.0,3.1180000000000003,3.0040000000000005e-21,3.3616,4.9,0.40000000000000013,0.8300000000000001,2.0,4.0,139.0,261.0,95.0,1336.0,23.042646454,75.0,0.43000000000000016,3.3200000000000006e-21,2.271,2.0,0.01982222222222223,0.06628055555555558,0.6666666666666666,2.0110472222222224,2310.1388888888887,9050.25,982.4722222222221,233210.88888888888,55.01647349944065,781.25,0.027722222222222207,1.203613888888889e-42,0.7001909999999999,0.6666666666666666,25.0,540.0,"
    Formula: Cr1 Mo0.5 Nb1 Ta0.5 Ti1 Zr1
    avg_Atomic_Radius: 1.8820000000000001
    avg_Pauling_Electronegativity: 1.5920000000000003
    avg_number_of_valence_electrons: 4.9
    avg_Cohesive_energy_ev_atom: 6.046
    avg_Bulk_modulus_RT_Gpa: 149.2
    avg_Elastic_modulus_RT_Gpa: 165.1
    avg_Melting_point_(K): 2401.8500000000004
    avg_lattice_constant_A: 3.1180000000000003
    avg_BEC_percm3: 3.0040000000000005e-21
    avg_Av.Valence_bond_strength_ev: 3.3616
    avg_EngelZ_e/a: 4.9
    Temperature: 25.0
    "
Cr1 Nb1 Ti1 V1 Zr1,1.834,1.5520000000000003,4.8,5.6160000000000005,138.2,139.20000000000002,55.400000000000006,2218.55,-12.279897998,85.0,3.076,3.0720000000000007e-21,3.0138000000000003,4.8,0.40000000000000013,0.32999999999999985,2.0,3.4700000000000006,79.0,211.0,82.0,808.0,19.940353732000002,75.0,0.41999999999999993,3.3200000000000006e-21,1.6179999999999999,2.0,0.02470400000000001,0.013895999999999988,0.5599999999999999,1.4397440000000006,996.9599999999998,5289.36,911.4399999999999,74834.23999999999,50.88947813656942,900.0,0.026263999999999982,1.3572560000000004e-42,0.28222896,0.5599999999999999,25.0,482.0,"
    Formula: Cr1 Nb1 Ti1 V1 Zr1
    avg_Atomic_Radius: 1.834
    avg_Pauling_Electronegativity: 1.5520000000000003
    avg_number_of_valence_electrons: 4.8
    avg_Cohesive_energy_ev_atom: 5.6160000000000005
    avg_Bulk_modulus_RT_Gpa: 138.2
    avg_Elastic_modulus_RT_Gpa: 139.20000000000002
    avg_Melting_point_(K): 2218.55
    avg_lattice_constant_A: 3.076
    avg_BEC_percm3: 3.0720000000000007e-21
    avg_Av.Valence_bond_strength_ev: 3.0138000000000003
    avg_EngelZ_e/a: 4.8
    Temperature: 25.0
    "
Cr1 Nb1 Ti1 Zr1,1.8649999999999998,1.5325,4.75,5.6925,132.75,142.0,57.5,2232.4,-12.7473355725,81.25,3.09,2.9375000000000005e-21,3.0700000000000003,4.75,0.40000000000000013,0.32999999999999985,2.0,3.4700000000000006,79.0,211.0,82.0,808.0,19.940353732000002,75.0,0.41999999999999993,3.3200000000000006e-21,1.6179999999999999,2.0,0.02607500000000001,0.01546874999999999,0.6875,1.7704187500000006,1097.6875,6572.5,1117.25,92583.6875,62.51935824043956,1054.6875,0.031849999999999976,1.6061187500000006e-42,0.3369939999999999,0.6875,25.0,418.0,"
    Formula: Cr1 Nb1 Ti1 Zr1
    avg_Atomic_Radius: 1.8649999999999998
    avg_Pauling_Electronegativity: 1.5325
    avg_number_of_valence_electrons: 4.75
    avg_Cohesive_energy_ev_atom: 5.6925
    avg_Bulk_modulus_RT_Gpa: 132.75
    avg_Elastic_modulus_RT_Gpa: 142.0
    avg_Melting_point_(K): 2232.4
    avg_lattice_constant_A: 3.09
    avg_BEC_percm3: 2.9375000000000005e-21
    avg_Av.Valence_bond_strength_ev: 3.0700000000000003
    avg_EngelZ_e/a: 4.75
    Temperature: 25.0
    "
Nb0.5 Ti0.5 V1 Zr0.5,1.8439999999999999,1.5460000000000003,4.6,5.8580000000000005,138.2,109.0,41.800000000000004,2225.1500000000005,-9.157831732,100.0,3.104,2.7860000000000003e-21,3.1008000000000004,4.6,0.3500000000000001,0.2999999999999998,1.0,2.7200000000000006,79.0,60.0,14.0,808.0,5.317475142,0.0,0.34999999999999964,1.8900000000000004e-21,1.1829999999999998,1.0,0.021418750000000007,0.013724999999999992,0.25,1.0814750000000006,1097.6875,504.1875,29.25,91100.75,4.610732952912336,0.0,0.020824999999999965,4.8625000000000016e-43,0.21674368749999992,0.25,25.0,304.0,"
    Formula: Nb0.5 Ti0.5 V1 Zr0.5
    avg_Atomic_Radius: 1.8439999999999999
    avg_Pauling_Electronegativity: 1.5460000000000003
    avg_number_of_valence_electrons: 4.6
    avg_Cohesive_energy_ev_atom: 5.8580000000000005
    avg_Bulk_modulus_RT_Gpa: 138.2
    avg_Elastic_modulus_RT_Gpa: 109.0
    avg_Melting_point_(K): 2225.1500000000005
    avg_lattice_constant_A: 3.104
    avg_BEC_percm3: 2.7860000000000003e-21
    avg_Av.Valence_bond_strength_ev: 3.1008000000000004
    avg_EngelZ_e/a: 4.6
    Temperature: 25.0
    "
Nb1 Ti1 V1 Zr1,1.8775,1.525,4.5,5.995,132.75,104.25,40.5,2240.65,-8.84475274,100.0,3.125,2.5800000000000004e-21,3.17875,4.5,0.3500000000000001,0.2999999999999998,1.0,2.7200000000000006,79.0,60.0,14.0,808.0,5.317475142,0.0,0.34999999999999964,1.8900000000000004e-21,1.1829999999999998,1.0,0.021418750000000007,0.013724999999999992,0.25,1.0814750000000006,1097.6875,504.1875,29.25,91100.75,4.610732952912336,0.0,0.020824999999999965,4.8625000000000016e-43,0.21674368749999992,0.25,25.0,335.0,"
    Formula: Nb1 Ti1 V1 Zr1
    avg_Atomic_Radius: 1.8775
    avg_Pauling_Electronegativity: 1.525
    avg_number_of_valence_electrons: 4.5
    avg_Cohesive_energy_ev_atom: 5.995
    avg_Bulk_modulus_RT_Gpa: 132.75
    avg_Elastic_modulus_RT_Gpa: 104.25
    avg_Melting_point_(K): 2240.65
    avg_lattice_constant_A: 3.125
    avg_BEC_percm3: 2.5800000000000004e-21
    avg_Av.Valence_bond_strength_ev: 3.17875
    avg_EngelZ_e/a: 4.5
    Temperature: 25.0
    "
Hf1 Mo0.25 Nb1 Ta1 Ti1 Zr1,1.9723809523809526,1.4876190476190478,4.476190476190476,6.65047619047619,140.66666666666666,120.99999999999999,41.71428571428571,2531.6738095238093,-7.590892868380953,100.00000000000001,3.1957142857142857,2.3199999999999998e-21,3.701666666666666,4.476190476190476,0.32000000000000006,0.8600000000000001,2.0,3.25,139.0,261.0,49.0,1336.0,8.419767864,0.0,0.3599999999999999,2.12e-21,1.6949999999999998,2.0,0.01165555555555556,0.08088055555555558,0.5555555555555555,1.0698472222222224,2660.138888888889,8062.0,234.0,204782.55555555553,6.983737446392413,0.0,0.01456666666666665,5.082666666666666e-43,0.4112938055555555,0.5555555555555555,25.0,395.0,"
    Formula: Hf1 Mo0.25 Nb1 Ta1 Ti1 Zr1
    avg_Atomic_Radius: 1.9723809523809526
    avg_Pauling_Electronegativity: 1.4876190476190478
    avg_number_of_valence_electrons: 4.476190476190476
    avg_Cohesive_energy_ev_atom: 6.65047619047619
    avg_Bulk_modulus_RT_Gpa: 140.66666666666666
    avg_Elastic_modulus_RT_Gpa: 120.99999999999999
    avg_Melting_point_(K): 2531.6738095238093
    avg_lattice_constant_A: 3.1957142857142857
    avg_BEC_percm3: 2.3199999999999998e-21
    avg_Av.Valence_bond_strength_ev: 3.701666666666666
    avg_EngelZ_e/a: 4.476190476190476
    Temperature: 25.0
    "
Hf1 Mo0.5 Nb1 Ta1 Ti1 Zr1,1.9690909090909092,1.5181818181818183,4.545454545454546,6.658181818181819,144.72727272727275,130.45454545454547,40.72727272727273,2547.968181818182,-7.381208309636364,100.00000000000001,3.193636363636364,2.3890909090909093e-21,3.734818181818182,4.545454545454546,0.32000000000000006,0.8600000000000001,2.0,3.25,139.0,261.0,49.0,1336.0,8.419767864,0.0,0.3599999999999999,2.12e-21,1.6949999999999998,2.0,0.01165555555555556,0.08088055555555558,0.5555555555555555,1.0698472222222224,2660.138888888889,8062.0,234.0,204782.55555555553,6.983737446392413,0.0,0.01456666666666665,5.082666666666666e-43,0.4112938055555555,0.5555555555555555,25.0,480.0,"
    Formula: Hf1 Mo0.5 Nb1 Ta1 Ti1 Zr1
    avg_Atomic_Radius: 1.9690909090909092
    avg_Pauling_Electronegativity: 1.5181818181818183
    avg_number_of_valence_electrons: 4.545454545454546
    avg_Cohesive_energy_ev_atom: 6.658181818181819
    avg_Bulk_modulus_RT_Gpa: 144.72727272727275
    avg_Elastic_modulus_RT_Gpa: 130.45454545454547
    avg_Melting_point_(K): 2547.968181818182
    avg_lattice_constant_A: 3.193636363636364
    avg_BEC_percm3: 2.3890909090909093e-21
    avg_Av.Valence_bond_strength_ev: 3.734818181818182
    avg_EngelZ_e/a: 4.545454545454546
    Temperature: 25.0
    "
Hf1 Mo0.75 Nb1 Ta1 Ti1 Zr1,1.9660869565217391,1.5460869565217392,4.608695652173912,6.665217391304347,148.43478260869566,139.08695652173913,39.82608695652174,2562.845652173913,-7.1897571907826086,100.0,3.1917391304347826,2.452173913043478e-21,3.7650869565217393,4.608695652173912,0.32000000000000006,0.8600000000000001,2.0,3.25,139.0,261.0,49.0,1336.0,8.419767864,0.0,0.3599999999999999,2.12e-21,1.6949999999999998,2.0,0.01165555555555556,0.08088055555555558,0.5555555555555555,1.0698472222222224,2660.138888888889,8062.0,234.0,204782.55555555553,6.983737446392413,0.0,0.01456666666666665,5.082666666666666e-43,0.4112938055555555,0.5555555555555555,25.0,492.0,"
    Formula: Hf1 Mo0.75 Nb1 Ta1 Ti1 Zr1
    avg_Atomic_Radius: 1.9660869565217391
    avg_Pauling_Electronegativity: 1.5460869565217392
    avg_number_of_valence_electrons: 4.608695652173912
    avg_Cohesive_energy_ev_atom: 6.665217391304347
    avg_Bulk_modulus_RT_Gpa: 148.43478260869566
    avg_Elastic_modulus_RT_Gpa: 139.08695652173913
    avg_Melting_point_(K): 2562.845652173913
    avg_lattice_constant_A: 3.1917391304347826
    avg_BEC_percm3: 2.452173913043478e-21
    avg_Av.Valence_bond_strength_ev: 3.7650869565217393
    avg_EngelZ_e/a: 4.608695652173912
    Temperature: 25.0
    "
Hf1 Mo1 Nb1 Ta1 Ti1 Zr1,1.9633333333333334,1.5716666666666665,4.666666666666666,6.671666666666667,151.83333333333331,147.0,39.0,2576.4833333333336,-7.014260331833333,99.99999999999997,3.1899999999999995,2.51e-21,3.792833333333333,4.666666666666666,0.32000000000000006,0.8600000000000001,2.0,3.25,139.0,261.0,49.0,1336.0,8.419767864,0.0,0.3599999999999999,2.12e-21,1.6949999999999998,2.0,0.01165555555555556,0.08088055555555558,0.5555555555555555,1.0698472222222224,2660.138888888889,8062.0,234.0,204782.55555555553,6.983737446392413,0.0,0.01456666666666665,5.082666666666666e-43,0.4112938055555555,0.5555555555555555,25.0,505.0,"
    Formula: Hf1 Mo1 Nb1 Ta1 Ti1 Zr1
    avg_Atomic_Radius: 1.9633333333333334
    avg_Pauling_Electronegativity: 1.5716666666666665
    avg_number_of_valence_electrons: 4.666666666666666
    avg_Cohesive_energy_ev_atom: 6.671666666666667
    avg_Bulk_modulus_RT_Gpa: 151.83333333333331
    avg_Elastic_modulus_RT_Gpa: 147.0
    avg_Melting_point_(K): 2576.4833333333336
    avg_lattice_constant_A: 3.1899999999999995
    avg_BEC_percm3: 2.51e-21
    avg_Av.Valence_bond_strength_ev: 3.792833333333333
    avg_EngelZ_e/a: 4.666666666666666
    Temperature: 25.0
    "
Hf1 Nb1 Ta1 Ti1 Zr1,1.9760000000000004,1.4540000000000002,4.3999999999999995,6.642,136.2,110.60000000000002,42.800000000000004,2513.7500000000005,-7.821545883,100.0,3.1980000000000004,2.2440000000000002e-21,3.6652000000000005,4.3999999999999995,0.32000000000000006,0.30000000000000004,1.0,3.25,109.0,118.0,39.0,1336.0,5.954497120999999,0.0,0.3599999999999999,1.0300000000000001e-21,1.6949999999999998,1.0,0.013024000000000004,0.013984,0.24000000000000005,1.2785360000000001,1725.7599999999998,1724.64,194.16000000000003,222126.24,4.470225168936082,0.0,0.01709599999999998,1.85384e-43,0.39581095999999993,0.24000000000000005,25.0,335.0,"
    Formula: Hf1 Nb1 Ta1 Ti1 Zr1
    avg_Atomic_Radius: 1.9760000000000004
    avg_Pauling_Electronegativity: 1.4540000000000002
    avg_number_of_valence_electrons: 4.3999999999999995
    avg_Cohesive_energy_ev_atom: 6.642
    avg_Bulk_modulus_RT_Gpa: 136.2
    avg_Elastic_modulus_RT_Gpa: 110.60000000000002
    avg_Melting_point_(K): 2513.7500000000005
    avg_lattice_constant_A: 3.1980000000000004
    avg_BEC_percm3: 2.2440000000000002e-21
    avg_Av.Valence_bond_strength_ev: 3.6652000000000005
    avg_EngelZ_e/a: 4.3999999999999995
    Temperature: 25.0
    "
Hf1 Mo1 Nb1 Ta1 Ti1 Zr1,1.9633333333333334,1.5716666666666665,4.666666666666666,6.671666666666667,151.83333333333331,147.0,39.0,2576.4833333333336,-7.014260331833333,99.99999999999997,3.1899999999999995,2.51e-21,3.792833333333333,4.666666666666666,0.32000000000000006,0.8600000000000001,2.0,3.25,139.0,261.0,49.0,1336.0,8.419767864,0.0,0.3599999999999999,2.12e-21,1.6949999999999998,2.0,0.01165555555555556,0.08088055555555558,0.5555555555555555,1.0698472222222224,2660.138888888889,8062.0,234.0,204782.55555555553,6.983737446392413,0.0,0.01456666666666665,5.082666666666666e-43,0.4112938055555555,0.5555555555555555,25.0,505.0,"
    Formula: Hf1 Mo1 Nb1 Ta1 Ti1 Zr1
    avg_Atomic_Radius: 1.9633333333333334
    avg_Pauling_Electronegativity: 1.5716666666666665
    avg_number_of_valence_electrons: 4.666666666666666
    avg_Cohesive_energy_ev_atom: 6.671666666666667
    avg_Bulk_modulus_RT_Gpa: 151.83333333333331
    avg_Elastic_modulus_RT_Gpa: 147.0
    avg_Melting_point_(K): 2576.4833333333336
    avg_lattice_constant_A: 3.1899999999999995
    avg_BEC_percm3: 2.51e-21
    avg_Av.Valence_bond_strength_ev: 3.792833333333333
    avg_EngelZ_e/a: 4.666666666666666
    Temperature: 25.0
    "
Hf1 Mo1 Ta1 Ti1 Zr1,1.9600000000000004,1.5660000000000003,4.6,6.492,148.2,155.4,39.2,2543.5500000000006,-7.2010873386,100.0,3.168,2.462e-21,3.7570000000000006,4.6,0.32000000000000006,0.8600000000000001,2.0,3.25,139.0,261.0,49.0,1336.0,8.419767864,0.0,0.3599999999999999,2.12e-21,1.6949999999999998,2.0,0.013920000000000007,0.09686400000000002,0.6399999999999999,1.090136,3112.96,9251.04,280.56,239231.44,8.171058952926542,0.0,0.014575999999999988,5.960959999999998e-43,0.4858483999999999,0.6399999999999999,25.0,542.0,"
    Formula: Hf1 Mo1 Ta1 Ti1 Zr1
    avg_Atomic_Radius: 1.9600000000000004
    avg_Pauling_Electronegativity: 1.5660000000000003
    avg_number_of_valence_electrons: 4.6
    avg_Cohesive_energy_ev_atom: 6.492
    avg_Bulk_modulus_RT_Gpa: 148.2
    avg_Elastic_modulus_RT_Gpa: 155.4
    avg_Melting_point_(K): 2543.5500000000006
    avg_lattice_constant_A: 3.168
    avg_BEC_percm3: 2.462e-21
    avg_Av.Valence_bond_strength_ev: 3.7570000000000006
    avg_EngelZ_e/a: 4.6
    Temperature: 25.0
    "
Hf1 Nb1 Si0.5 Ti1 V1,1.7966666666666664,1.5599999999999998,4.444444444444445,5.885555555555555,133.33333333333331,100.1111111111111,42.0,2262.038888888889,-9.506394834888887,89.27777777777777,3.3744444444444444,2.535555555555556e-21,3.335222222222222,4.444444444444445,0.97,0.5999999999999999,1.0,2.9400000000000004,70.0,81.0,30.0,1058.0,13.452496681000001,96.5,2.4799999999999995,1.8000000000000003e-21,1.1829999999999998,1.0,0.11413599999999999,0.03686399999999999,0.24,1.2092000000000005,840.0,844.5600000000001,99.36,144509.6,23.27848074308588,1489.9599999999998,0.8711599999999997,4.173360000000002e-43,0.22418695999999994,0.24,25.0,490.0,"
    Formula: Hf1 Nb1 Si0.5 Ti1 V1
    avg_Atomic_Radius: 1.7966666666666664
    avg_Pauling_Electronegativity: 1.5599999999999998
    avg_number_of_valence_electrons: 4.444444444444445
    avg_Cohesive_energy_ev_atom: 5.885555555555555
    avg_Bulk_modulus_RT_Gpa: 133.33333333333331
    avg_Elastic_modulus_RT_Gpa: 100.1111111111111
    avg_Melting_point_(K): 2262.038888888889
    avg_lattice_constant_A: 3.3744444444444444
    avg_BEC_percm3: 2.535555555555556e-21
    avg_Av.Valence_bond_strength_ev: 3.335222222222222
    avg_EngelZ_e/a: 4.444444444444445
    Temperature: 25.0
    "
Hf0.333 Nb0.333 Ta0.333 Ti1 Zr0.667,1.9324831207801951,1.4599812453113277,4.249812453113278,6.144553638409603,123.98237059264815,106.61402850712676,41.87246811702926,2319.806789197299,-8.674836204434733,100.0,3.1399624906226555,2.1773518379594898e-21,3.400931732933233,4.249812453113278,0.32000000000000006,0.30000000000000004,1.0,3.25,109.0,118.0,39.0,1336.0,5.954497120999999,0.0,0.3599999999999999,1.0300000000000001e-21,1.6949999999999998,1.0,0.013024000000000004,0.013984,0.24000000000000005,1.2785360000000001,1725.7599999999998,1724.64,194.16000000000003,222126.24,4.470225168936082,0.0,0.01709599999999998,1.85384e-43,0.39581095999999993,0.24000000000000005,25.0,301.0,"
    Formula: Hf0.333 Nb0.333 Ta0.333 Ti1 Zr0.667
    avg_Atomic_Radius: 1.9324831207801951
    avg_Pauling_Electronegativity: 1.4599812453113277
    avg_number_of_valence_electrons: 4.249812453113278
    avg_Cohesive_energy_ev_atom: 6.144553638409603
    avg_Bulk_modulus_RT_Gpa: 123.98237059264815
    avg_Elastic_modulus_RT_Gpa: 106.61402850712676
    avg_Melting_point_(K): 2319.806789197299
    avg_lattice_constant_A: 3.1399624906226555
    avg_BEC_percm3: 2.1773518379594898e-21
    avg_Av.Valence_bond_strength_ev: 3.400931732933233
    avg_EngelZ_e/a: 4.249812453113278
    Temperature: 25.0
    "
Mo1 Nb1 Ta1 V1,1.8975,1.7225,5.25,6.95,190.0,187.0,43.5,2765.9,-7.0409671025,100.0,3.195,3.2250000000000002e-21,3.95425,5.25,0.29000000000000004,0.6600000000000001,1.0,2.79,70.0,224.0,49.0,1106.0,7.432315124,0.0,0.29000000000000004,1.14e-21,1.8359999999999999,1.0,0.013118750000000002,0.06611875000000003,0.1875,1.1033500000000003,750.0,7592.5,311.25,158154.6875,7.880501492972863,0.0,0.014224999999999995,2.5692500000000005e-43,0.5088296874999999,0.1875,25.0,504.0,"
    Formula: Mo1 Nb1 Ta1 V1
    avg_Atomic_Radius: 1.8975
    avg_Pauling_Electronegativity: 1.7225
    avg_number_of_valence_electrons: 5.25
    avg_Cohesive_energy_ev_atom: 6.95
    avg_Bulk_modulus_RT_Gpa: 190.0
    avg_Elastic_modulus_RT_Gpa: 187.0
    avg_Melting_point_(K): 2765.9
    avg_lattice_constant_A: 3.195
    avg_BEC_percm3: 3.2250000000000002e-21
    avg_Av.Valence_bond_strength_ev: 3.95425
    avg_EngelZ_e/a: 5.25
    Temperature: 25.0
    "
Mo1 Nb1 Ta1 V1 W1,1.9040000000000004,1.85,5.4,7.340000000000001,214.0,231.8,67.0,2949.3500000000004,-9.089450679999999,100.0,3.188,3.3380000000000006e-21,4.192,5.4,0.29000000000000004,0.8599999999999999,1.0,3.5900000000000007,150.0,306.0,141.0,1520.0,14.305552413999997,0.0,0.29000000000000004,1.14e-21,2.3539999999999996,1.0,0.010664000000000003,0.11791999999999998,0.24,1.4910800000000002,2904.0,14102.16,2458.0,261139.36000000002,23.089541063527083,0.0,0.011575999999999994,2.566160000000001e-43,0.6331639999999998,0.24,25.0,536.0,"
    Formula: Mo1 Nb1 Ta1 V1 W1
    avg_Atomic_Radius: 1.9040000000000004
    avg_Pauling_Electronegativity: 1.85
    avg_number_of_valence_electrons: 5.4
    avg_Cohesive_energy_ev_atom: 7.340000000000001
    avg_Bulk_modulus_RT_Gpa: 214.0
    avg_Elastic_modulus_RT_Gpa: 231.8
    avg_Melting_point_(K): 2949.3500000000004
    avg_lattice_constant_A: 3.188
    avg_BEC_percm3: 3.3380000000000006e-21
    avg_Av.Valence_bond_strength_ev: 4.192
    avg_EngelZ_e/a: 5.4
    Temperature: 25.0
    "
Mo1 Nb1 Ta1 W1,1.9525,1.9049999999999998,5.5,7.8475,227.5,257.75,72.0,3145.9,-8.759276425,100.0,3.23,3.27e-21,4.54275,5.5,0.10000000000000009,0.8599999999999999,1.0,2.08,140.0,306.0,141.0,942.0,14.305552413999997,0.0,0.16000000000000014,1.14e-21,1.1709999999999998,1.0,0.0015687500000000029,0.13227499999999998,0.25,0.5760687499999999,2718.75,14260.6875,2947.5,133264.6875,28.31685113608482,0.0,0.0056499999999999944,2.9765000000000007e-43,0.17632718749999995,0.25,25.0,454.0,"
    Formula: Mo1 Nb1 Ta1 W1
    avg_Atomic_Radius: 1.9525
    avg_Pauling_Electronegativity: 1.9049999999999998
    avg_number_of_valence_electrons: 5.5
    avg_Cohesive_energy_ev_atom: 7.8475
    avg_Bulk_modulus_RT_Gpa: 227.5
    avg_Elastic_modulus_RT_Gpa: 257.75
    avg_Melting_point_(K): 3145.9
    avg_lattice_constant_A: 3.23
    avg_BEC_percm3: 3.27e-21
    avg_Av.Valence_bond_strength_ev: 4.54275
    avg_EngelZ_e/a: 5.5
    Temperature: 25.0
    "
Co1 Fe1 Mo0.2 Ni1 V1,1.5857142857142856,1.829047619047619,7.904761904761904,4.71047619047619,175.23809523809524,193.76190476190476,67.61904761904762,1915.15,-18.91832280361905,33.19047619047619,2.988095238095238,4.78047619047619e-21,2.3957619047619048,5.714285714285714,0.4099999999999999,0.5300000000000002,5.0,2.54,70.0,201.0,62.0,1164.0,20.355102284,95.0,1.0100000000000002,1.83e-21,2.58,1.4000000000000004,0.023143999999999987,0.028856000000000027,3.44,0.9202160000000001,584.0,4168.24,546.8,191845.6,68.10645239358183,2101.7256,0.10986400000000003,5.932800000000001e-43,0.82046264,0.24640000000000004,25.0,267.0,"
    Formula: Co1 Fe1 Mo0.2 Ni1 V1
    avg_Atomic_Radius: 1.5857142857142856
    avg_Pauling_Electronegativity: 1.829047619047619
    avg_number_of_valence_electrons: 7.904761904761904
    avg_Cohesive_energy_ev_atom: 4.71047619047619
    avg_Bulk_modulus_RT_Gpa: 175.23809523809524
    avg_Elastic_modulus_RT_Gpa: 193.76190476190476
    avg_Melting_point_(K): 1915.15
    avg_lattice_constant_A: 2.988095238095238
    avg_BEC_percm3: 4.78047619047619e-21
    avg_Av.Valence_bond_strength_ev: 2.3957619047619048
    avg_EngelZ_e/a: 5.714285714285714
    Temperature: 25.0
    "
Co1 Fe1 Mo0.4 Ni1 V1,1.6,1.844090909090909,7.818181818181817,4.806363636363637,177.7272727272727,199.9090909090909,65.45454545454545,1959.4681818181818,-18.193755065999998,36.22727272727273,2.9954545454545456,4.737727272727273e-21,2.488272727272727,5.727272727272727,0.4099999999999999,0.5300000000000002,5.0,2.54,70.0,201.0,62.0,1164.0,20.355102284,95.0,1.0100000000000002,1.83e-21,2.58,1.4000000000000004,0.023143999999999987,0.028856000000000027,3.44,0.9202160000000001,584.0,4168.24,546.8,191845.6,68.10645239358183,2101.7256,0.10986400000000003,5.932800000000001e-43,0.82046264,0.24640000000000004,25.0,402.0,"
    Formula: Co1 Fe1 Mo0.4 Ni1 V1
    avg_Atomic_Radius: 1.6
    avg_Pauling_Electronegativity: 1.844090909090909
    avg_number_of_valence_electrons: 7.818181818181817
    avg_Cohesive_energy_ev_atom: 4.806363636363637
    avg_Bulk_modulus_RT_Gpa: 177.7272727272727
    avg_Elastic_modulus_RT_Gpa: 199.9090909090909
    avg_Melting_point_(K): 1959.4681818181818
    avg_lattice_constant_A: 2.9954545454545456
    avg_BEC_percm3: 4.737727272727273e-21
    avg_Av.Valence_bond_strength_ev: 2.488272727272727
    avg_EngelZ_e/a: 5.727272727272727
    Temperature: 25.0
    "
Co1 Fe1 Mo0.6 Ni1 V1,1.6130434782608696,1.857826086956522,7.739130434782609,4.893913043478261,180.00000000000003,205.5217391304348,63.47826086956523,1999.932608695652,-17.532193218608697,39.0,3.0021739130434786,4.698695652173914e-21,2.572739130434783,5.739130434782609,0.4099999999999999,0.5300000000000002,5.0,2.54,70.0,201.0,62.0,1164.0,20.355102284,95.0,1.0100000000000002,1.83e-21,2.58,1.4000000000000004,0.023143999999999987,0.028856000000000027,3.44,0.9202160000000001,584.0,4168.24,546.8,191845.6,68.10645239358183,2101.7256,0.10986400000000003,5.932800000000001e-43,0.82046264,0.24640000000000004,25.0,557.0,"
    Formula: Co1 Fe1 Mo0.6 Ni1 V1
    avg_Atomic_Radius: 1.6130434782608696
    avg_Pauling_Electronegativity: 1.857826086956522
    avg_number_of_valence_electrons: 7.739130434782609
    avg_Cohesive_energy_ev_atom: 4.893913043478261
    avg_Bulk_modulus_RT_Gpa: 180.00000000000003
    avg_Elastic_modulus_RT_Gpa: 205.5217391304348
    avg_Melting_point_(K): 1999.932608695652
    avg_lattice_constant_A: 3.0021739130434786
    avg_BEC_percm3: 4.698695652173914e-21
    avg_Av.Valence_bond_strength_ev: 2.572739130434783
    avg_EngelZ_e/a: 5.739130434782609
    Temperature: 25.0
    "
Co1 Fe1 Mo0.8 Ni1 V1,1.6250000000000002,1.8704166666666668,7.666666666666667,4.974166666666667,182.08333333333334,210.66666666666666,61.66666666666667,2037.025,-16.925761525166667,41.54166666666667,3.0083333333333337,4.662916666666667e-21,2.6501666666666663,5.750000000000001,0.4099999999999999,0.5300000000000002,5.0,2.54,70.0,201.0,62.0,1164.0,20.355102284,95.0,1.0100000000000002,1.83e-21,2.58,1.4000000000000004,0.023143999999999987,0.028856000000000027,3.44,0.9202160000000001,584.0,4168.24,546.8,191845.6,68.10645239358183,2101.7256,0.10986400000000003,5.932800000000001e-43,0.82046264,0.24640000000000004,25.0,606.0,"
    Formula: Co1 Fe1 Mo0.8 Ni1 V1
    avg_Atomic_Radius: 1.6250000000000002
    avg_Pauling_Electronegativity: 1.8704166666666668
    avg_number_of_valence_electrons: 7.666666666666667
    avg_Cohesive_energy_ev_atom: 4.974166666666667
    avg_Bulk_modulus_RT_Gpa: 182.08333333333334
    avg_Elastic_modulus_RT_Gpa: 210.66666666666666
    avg_Melting_point_(K): 2037.025
    avg_lattice_constant_A: 3.0083333333333337
    avg_BEC_percm3: 4.662916666666667e-21
    avg_Av.Valence_bond_strength_ev: 2.6501666666666663
    avg_EngelZ_e/a: 5.750000000000001
    Temperature: 25.0
    "
Co0.833 Fe0.833 Mo0.833 Ni1 V0.833,1.630371652816251,1.883079409048938,7.692520775623269,5.024561403508772,183.84579870729456,214.806325023084,60.61680517082179,2057.8501385041554,-16.62707623023269,42.381163434903044,3.0335064635272393,4.638866574330563e-21,2.7060801015697136,5.746121883656509,0.4099999999999999,0.5300000000000002,5.0,2.54,70.0,201.0,62.0,1164.0,20.355102284,95.0,1.0100000000000002,1.83e-21,2.58,1.4000000000000004,0.023143999999999987,0.028856000000000027,3.44,0.9202160000000001,584.0,4168.24,546.8,191845.6,68.10645239358183,2101.7256,0.10986400000000003,5.932800000000001e-43,0.82046264,0.24640000000000004,25.0,602.0,"
    Formula: Co0.833 Fe0.833 Mo0.833 Ni1 V0.833
    avg_Atomic_Radius: 1.630371652816251
    avg_Pauling_Electronegativity: 1.883079409048938
    avg_number_of_valence_electrons: 7.692520775623269
    avg_Cohesive_energy_ev_atom: 5.024561403508772
    avg_Bulk_modulus_RT_Gpa: 183.84579870729456
    avg_Elastic_modulus_RT_Gpa: 214.806325023084
    avg_Melting_point_(K): 2057.8501385041554
    avg_lattice_constant_A: 3.0335064635272393
    avg_BEC_percm3: 4.638866574330563e-21
    avg_Av.Valence_bond_strength_ev: 2.7060801015697136
    avg_EngelZ_e/a: 5.746121883656509
    Temperature: 25.0
    "
Co0.714 Fe0.714 Mo0.714 Ni1 V0.714,1.6251711618257263,1.8840767634854774,7.778008298755187,5.002904564315353,183.7033195020747,214.25778008298755,61.18672199170125,2045.561307053942,-16.86660178260996,40.99626556016598,3.0515300829875516,4.647059128630706e-21,2.691924792531121,5.733298755186722,0.4099999999999999,0.5300000000000002,5.0,2.54,70.0,201.0,62.0,1164.0,20.355102284,95.0,1.0100000000000002,1.83e-21,2.58,1.4000000000000004,0.023143999999999987,0.028856000000000027,3.44,0.9202160000000001,584.0,4168.24,546.8,191845.6,68.10645239358183,2101.7256,0.10986400000000003,5.932800000000001e-43,0.82046264,0.24640000000000004,25.0,538.0,"
    Formula: Co0.714 Fe0.714 Mo0.714 Ni1 V0.714
    avg_Atomic_Radius: 1.6251711618257263
    avg_Pauling_Electronegativity: 1.8840767634854774
    avg_number_of_valence_electrons: 7.778008298755187
    avg_Cohesive_energy_ev_atom: 5.002904564315353
    avg_Bulk_modulus_RT_Gpa: 183.7033195020747
    avg_Elastic_modulus_RT_Gpa: 214.25778008298755
    avg_Melting_point_(K): 2045.561307053942
    avg_lattice_constant_A: 3.0515300829875516
    avg_BEC_percm3: 4.647059128630706e-21
    avg_Av.Valence_bond_strength_ev: 2.691924792531121
    avg_EngelZ_e/a: 5.733298755186722
    Temperature: 25.0
    "
Co0.625 Fe0.625 Mo0.625 Ni1 V0.625,1.6203571428571428,1.8850000000000002,7.857142857142857,4.982857142857144,183.57142857142858,213.75,61.71428571428571,2034.1857142857143,-17.088327107142856,39.714285714285715,3.068214285714286,4.654642857142857e-21,2.6788214285714287,5.7214285714285715,0.4099999999999999,0.5300000000000002,5.0,2.54,70.0,201.0,62.0,1164.0,20.355102284,95.0,1.0100000000000002,1.83e-21,2.58,1.4000000000000004,0.023143999999999987,0.028856000000000027,3.44,0.9202160000000001,584.0,4168.24,546.8,191845.6,68.10645239358183,2101.7256,0.10986400000000003,5.932800000000001e-43,0.82046264,0.24640000000000004,25.0,520.0,"
    Formula: Co0.625 Fe0.625 Mo0.625 Ni1 V0.625
    avg_Atomic_Radius: 1.6203571428571428
    avg_Pauling_Electronegativity: 1.8850000000000002
    avg_number_of_valence_electrons: 7.857142857142857
    avg_Cohesive_energy_ev_atom: 4.982857142857144
    avg_Bulk_modulus_RT_Gpa: 183.57142857142858
    avg_Elastic_modulus_RT_Gpa: 213.75
    avg_Melting_point_(K): 2034.1857142857143
    avg_lattice_constant_A: 3.068214285714286
    avg_BEC_percm3: 4.654642857142857e-21
    avg_Av.Valence_bond_strength_ev: 2.6788214285714287
    avg_EngelZ_e/a: 5.7214285714285715
    Temperature: 25.0
    "
Co0.556 Fe0.556 Mo0.556 Ni1 V0.556,1.6158933002481388,1.8858560794044665,7.930521091811414,4.9642679900744415,183.44913151364764,213.27915632754343,62.203473945409435,2023.6375930521094,-17.29392391878908,38.52555831265509,3.0836848635235734,4.661674937965261e-21,2.6666712158808936,5.710421836228289,0.4099999999999999,0.5300000000000002,5.0,2.54,70.0,201.0,62.0,1164.0,20.355102284,95.0,1.0100000000000002,1.83e-21,2.58,1.4000000000000004,0.023143999999999987,0.028856000000000027,3.44,0.9202160000000001,584.0,4168.24,546.8,191845.6,68.10645239358183,2101.7256,0.10986400000000003,5.932800000000001e-43,0.82046264,0.24640000000000004,25.0,510.0,"
    Formula: Co0.556 Fe0.556 Mo0.556 Ni1 V0.556
    avg_Atomic_Radius: 1.6158933002481388
    avg_Pauling_Electronegativity: 1.8858560794044665
    avg_number_of_valence_electrons: 7.930521091811414
    avg_Cohesive_energy_ev_atom: 4.9642679900744415
    avg_Bulk_modulus_RT_Gpa: 183.44913151364764
    avg_Elastic_modulus_RT_Gpa: 213.27915632754343
    avg_Melting_point_(K): 2023.6375930521094
    avg_lattice_constant_A: 3.0836848635235734
    avg_BEC_percm3: 4.661674937965261e-21
    avg_Av.Valence_bond_strength_ev: 2.6666712158808936
    avg_EngelZ_e/a: 5.710421836228289
    Temperature: 25.0
    "
Co0.5 Fe0.5 Mo0.5 Ni1 V0.5,1.6116666666666666,1.8866666666666663,7.999999999999999,4.946666666666666,183.33333333333331,212.83333333333334,62.666666666666664,2013.65,-17.488595296,37.39999999999999,3.098333333333333,4.668333333333333e-21,2.6551666666666667,5.699999999999999,0.4099999999999999,0.5300000000000002,5.0,2.54,70.0,201.0,62.0,1164.0,20.355102284,95.0,1.0100000000000002,1.83e-21,2.58,1.4000000000000004,0.023143999999999987,0.028856000000000027,3.44,0.9202160000000001,584.0,4168.24,546.8,191845.6,68.10645239358183,2101.7256,0.10986400000000003,5.932800000000001e-43,0.82046264,0.24640000000000004,25.0,382.0,"
    Formula: Co0.5 Fe0.5 Mo0.5 Ni1 V0.5
    avg_Atomic_Radius: 1.6116666666666666
    avg_Pauling_Electronegativity: 1.8866666666666663
    avg_number_of_valence_electrons: 7.999999999999999
    avg_Cohesive_energy_ev_atom: 4.946666666666666
    avg_Bulk_modulus_RT_Gpa: 183.33333333333331
    avg_Elastic_modulus_RT_Gpa: 212.83333333333334
    avg_Melting_point_(K): 2013.65
    avg_lattice_constant_A: 3.098333333333333
    avg_BEC_percm3: 4.668333333333333e-21
    avg_Av.Valence_bond_strength_ev: 2.6551666666666667
    avg_EngelZ_e/a: 5.699999999999999
    Temperature: 25.0
    "
Co1 Fe1 Mo1 Ni1 V1,1.6360000000000001,1.8820000000000001,7.6000000000000005,5.048,184.0,215.4,60.00000000000001,2071.15,-16.3678443672,43.879999999999995,3.0140000000000002,4.630000000000001e-21,2.7214,5.760000000000001,0.4099999999999999,0.5300000000000002,5.0,2.54,70.0,201.0,62.0,1164.0,20.355102284,95.0,1.0100000000000002,1.83e-21,2.58,1.4000000000000004,0.023143999999999987,0.028856000000000027,3.44,0.9202160000000001,584.0,4168.24,546.8,191845.6,68.10645239358183,2101.7256,0.10986400000000003,5.932800000000001e-43,0.82046264,0.24640000000000004,25.0,625.0,"
    Formula: Co1 Fe1 Mo1 Ni1 V1
    avg_Atomic_Radius: 1.6360000000000001
    avg_Pauling_Electronegativity: 1.8820000000000001
    avg_number_of_valence_electrons: 7.6000000000000005
    avg_Cohesive_energy_ev_atom: 5.048
    avg_Bulk_modulus_RT_Gpa: 184.0
    avg_Elastic_modulus_RT_Gpa: 215.4
    avg_Melting_point_(K): 2071.15
    avg_lattice_constant_A: 3.0140000000000002
    avg_BEC_percm3: 4.630000000000001e-21
    avg_Av.Valence_bond_strength_ev: 2.7214
    avg_EngelZ_e/a: 5.760000000000001
    Temperature: 25.0
    "
Co1 Fe1 Ni1 V1,1.57,1.8125,8.0,4.6049999999999995,172.5,187.0,70.0,1866.4,-19.715347315,29.85,2.98,4.8275000000000005e-21,2.294,5.7,0.21999999999999997,0.28,5.0,1.0299999999999994,20.0,83.0,35.0,437.0,12.922787160000002,95.0,1.0100000000000002,1.83e-21,0.9380000000000002,1.4000000000000004,0.007149999999999997,0.011918750000000002,3.5,0.16902499999999981,68.75,1177.5,183.5,30194.1875,29.104185564328844,1642.9525000000003,0.13155000000000006,5.465687499999999e-43,0.11222450000000003,0.2900000000000001,25.0,238.0,"
    Formula: Co1 Fe1 Ni1 V1
    avg_Atomic_Radius: 1.57
    avg_Pauling_Electronegativity: 1.8125
    avg_number_of_valence_electrons: 8.0
    avg_Cohesive_energy_ev_atom: 4.6049999999999995
    avg_Bulk_modulus_RT_Gpa: 172.5
    avg_Elastic_modulus_RT_Gpa: 187.0
    avg_Melting_point_(K): 1866.4
    avg_lattice_constant_A: 2.98
    avg_BEC_percm3: 4.8275000000000005e-21
    avg_Av.Valence_bond_strength_ev: 2.294
    avg_EngelZ_e/a: 5.7
    Temperature: 25.0
    "
Cu1 Mn1 Ni1 Zn0.333,1.507008700870087,1.7730123012301229,9.5997599759976,3.3902040204020407,139.00690069006902,169.2061206120612,68.20093363101279,1449.1856435643565,-21.28872344,20.72727272727273,5.072241224122411,4.316300630063007e-21,2.094221122112211,5.09030903090309,0.19000000000000017,0.3599999999999999,5.0,3.0900000000000003,110.0,92.0,89.0,1033.4,8.737094040000002,20.0,6.23,4.2500000000000004e-21,1.486,4.8,0.005218750000000009,0.024518749999999985,3.5,1.25815,1568.75,1661.0,774.888888888889,149634.53000000003,11.484732370025231,65.21225,6.0736500000000015,2.6233250000000006e-42,0.2834556875,3.121875,25.0,147.0,"
    Formula: Cu1 Mn1 Ni1 Zn0.333
    avg_Atomic_Radius: 1.507008700870087
    avg_Pauling_Electronegativity: 1.7730123012301229
    avg_number_of_valence_electrons: 9.5997599759976
    avg_Cohesive_energy_ev_atom: 3.3902040204020407
    avg_Bulk_modulus_RT_Gpa: 139.00690069006902
    avg_Elastic_modulus_RT_Gpa: 169.2061206120612
    avg_Melting_point_(K): 1449.1856435643565
    avg_lattice_constant_A: 5.072241224122411
    avg_BEC_percm3: 4.316300630063007e-21
    avg_Av.Valence_bond_strength_ev: 2.094221122112211
    avg_EngelZ_e/a: 5.09030903090309
    Temperature: 25.0
    "
Cu1 Mn1 Ni1 Zn0.25,1.5092307692307694,1.7761538461538462,9.53846153846154,3.4423076923076925,140.76923076923077,170.7692307692308,68.20093363101279,1468.503846153846,-21.28872344,20.72727272727273,5.133846153846154,4.3930769230769235e-21,2.074076923076923,5.1692307692307695,0.19000000000000017,0.3599999999999999,5.0,3.0900000000000003,110.0,92.0,89.0,1033.4,8.737094040000002,20.0,6.23,4.2500000000000004e-21,1.486,4.8,0.005218750000000009,0.024518749999999985,3.5,1.25815,1568.75,1661.0,774.888888888889,149634.53000000003,11.484732370025231,65.21225,6.0736500000000015,2.6233250000000006e-42,0.2834556875,3.121875,25.0,109.0,"
    Formula: Cu1 Mn1 Ni1 Zn0.25
    avg_Atomic_Radius: 1.5092307692307694
    avg_Pauling_Electronegativity: 1.7761538461538462
    avg_number_of_valence_electrons: 9.53846153846154
    avg_Cohesive_energy_ev_atom: 3.4423076923076925
    avg_Bulk_modulus_RT_Gpa: 140.76923076923077
    avg_Elastic_modulus_RT_Gpa: 170.7692307692308
    avg_Melting_point_(K): 1468.503846153846
    avg_lattice_constant_A: 5.133846153846154
    avg_BEC_percm3: 4.3930769230769235e-21
    avg_Av.Valence_bond_strength_ev: 2.074076923076923
    avg_EngelZ_e/a: 5.1692307692307695
    Temperature: 25.0
    "
Al0.111 Cu1 Mn1 Ni1,1.5046544519447123,1.7803632272581167,9.107360977177757,3.6085792349726784,144.14529090324655,172.21793635486983,68.20093363101279,1511.7420925747351,-21.28872344,20.72727272727273,5.293972999035681,4.548669238187079e-21,2.0240546448087438,5.34651237544198,0.43000000000000016,0.3599999999999999,8.0,1.5200000000000005,104.0,130.0,89.0,793.0000000000001,8.737094040000002,20.0,5.370000000000001,3.75e-21,1.0970000000000002,3.8,0.024718750000000015,0.026868749999999973,9.6875,0.3044500000000002,1403.0,2900.75,774.888888888889,84708.50000000003,11.484732370025231,65.21225,5.038968750000001,2.0439500000000006e-42,0.18399325,2.021875,25.0,241.0,"
    Formula: Al0.111 Cu1 Mn1 Ni1
    avg_Atomic_Radius: 1.5046544519447123
    avg_Pauling_Electronegativity: 1.7803632272581167
    avg_number_of_valence_electrons: 9.107360977177757
    avg_Cohesive_energy_ev_atom: 3.6085792349726784
    avg_Bulk_modulus_RT_Gpa: 144.14529090324655
    avg_Elastic_modulus_RT_Gpa: 172.21793635486983
    avg_Melting_point_(K): 1511.7420925747351
    avg_lattice_constant_A: 5.293972999035681
    avg_BEC_percm3: 4.548669238187079e-21
    avg_Av.Valence_bond_strength_ev: 2.0240546448087438
    avg_EngelZ_e/a: 5.34651237544198
    Temperature: 25.0
    "
Cu1 Mn1 Ni1 Sn0.111,1.5142880102860816,1.7928511732561876,9.143040822886531,3.5996592735454835,143.5030536804886,171.50433944069428,68.20093363101279,1496.471118611379,-21.28872344,20.72727272727273,5.357126325940212,4.536894889103183e-21,2.011816457730633,5.28888888888889,0.16000000000000014,0.4099999999999999,7.0,1.5200000000000005,122.0,150.0,89.0,1221.0,8.737094040000002,20.0,5.370000000000001,4.08e-21,0.9269999999999998,3.4000000000000004,0.004300000000000008,0.026649999999999983,7.5,0.3374187500000002,1940.75,3770.75,774.888888888889,215355.50000000006,11.484732370025231,65.21225,4.770150000000001,2.4158187500000003e-42,0.14336918749999994,1.280987654320988,25.0,318.0,"
    Formula: Cu1 Mn1 Ni1 Sn0.111
    avg_Atomic_Radius: 1.5142880102860816
    avg_Pauling_Electronegativity: 1.7928511732561876
    avg_number_of_valence_electrons: 9.143040822886531
    avg_Cohesive_energy_ev_atom: 3.5996592735454835
    avg_Bulk_modulus_RT_Gpa: 143.5030536804886
    avg_Elastic_modulus_RT_Gpa: 171.50433944069428
    avg_Melting_point_(K): 1496.471118611379
    avg_lattice_constant_A: 5.357126325940212
    avg_BEC_percm3: 4.536894889103183e-21
    avg_Av.Valence_bond_strength_ev: 2.011816457730633
    avg_EngelZ_e/a: 5.28888888888889
    Temperature: 25.0
    "
Al0.053 Cu1 Mn1 Ni1,1.510822142155257,1.7835997379626596,9.223386832623648,3.6127317392728466,145.43989518506385,174.1598427775958,68.20093363101279,1522.7340157222404,-21.28872344,20.72727272727273,5.317605633802817,4.6006976744186044e-21,2.01512676056338,5.391090730429086,0.43000000000000016,0.3599999999999999,8.0,1.5200000000000005,104.0,130.0,89.0,793.0000000000001,8.737094040000002,20.0,5.370000000000001,3.75e-21,1.0970000000000002,3.8,0.024718750000000015,0.026868749999999973,9.6875,0.3044500000000002,1403.0,2900.75,774.888888888889,84708.50000000003,11.484732370025231,65.21225,5.038968750000001,2.0439500000000006e-42,0.18399325,2.021875,25.0,166.0,"
    Formula: Al0.053 Cu1 Mn1 Ni1
    avg_Atomic_Radius: 1.510822142155257
    avg_Pauling_Electronegativity: 1.7835997379626596
    avg_number_of_valence_electrons: 9.223386832623648
    avg_Cohesive_energy_ev_atom: 3.6127317392728466
    avg_Bulk_modulus_RT_Gpa: 145.43989518506385
    avg_Elastic_modulus_RT_Gpa: 174.1598427775958
    avg_Melting_point_(K): 1522.7340157222404
    avg_lattice_constant_A: 5.317605633802817
    avg_BEC_percm3: 4.6006976744186044e-21
    avg_Av.Valence_bond_strength_ev: 2.01512676056338
    avg_EngelZ_e/a: 5.391090730429086
    Temperature: 25.0
    "
Cu1 Mn1 Ni1 Sn0.053,1.5155093350802487,1.7896757287913527,9.240746806419914,3.6083917458237793,145.12741565673107,173.8126433016705,68.20093363101279,1515.3039469374385,-21.28872344,20.72727272727273,5.348332787422208,4.594968883065837e-21,2.0091722895512607,5.28888888888889,0.16000000000000014,0.4099999999999999,7.0,1.5200000000000005,122.0,150.0,89.0,1221.0,8.737094040000002,20.0,5.370000000000001,4.08e-21,0.9269999999999998,3.4000000000000004,0.004300000000000008,0.026649999999999983,7.5,0.3374187500000002,1940.75,3770.75,774.888888888889,215355.50000000006,11.484732370025231,65.21225,4.770150000000001,2.4158187500000003e-42,0.14336918749999994,1.280987654320988,25.0,205.0,"
    Formula: Cu1 Mn1 Ni1 Sn0.053
    avg_Atomic_Radius: 1.5155093350802487
    avg_Pauling_Electronegativity: 1.7896757287913527
    avg_number_of_valence_electrons: 9.240746806419914
    avg_Cohesive_energy_ev_atom: 3.6083917458237793
    avg_Bulk_modulus_RT_Gpa: 145.12741565673107
    avg_Elastic_modulus_RT_Gpa: 173.8126433016705
    avg_Melting_point_(K): 1515.3039469374385
    avg_lattice_constant_A: 5.348332787422208
    avg_BEC_percm3: 4.594968883065837e-21
    avg_Av.Valence_bond_strength_ev: 2.0091722895512607
    avg_EngelZ_e/a: 5.28888888888889
    Temperature: 25.0
    "
Cr1 Ta1 Ti0.17 V1 W1,1.8223501199040768,1.777410071942446,5.438848920863309,6.5310551558753,203.5251798561151,245.49640287769785,95.79856115107914,2775.5960431654676,-15.431023172853717,82.01438848920864,3.0866906474820146,3.7220143884892086e-21,3.6952278177458036,5.438848920863309,0.3400000000000001,0.8599999999999999,2.0,4.800000000000001,200.0,295.0,117.0,1750.0,17.324716194,75.0,0.43000000000000016,2.8000000000000004e-21,2.7889999999999997,2.0,0.017096000000000007,0.10009599999999996,0.5599999999999999,3.582216000000001,4536.0,12063.6,2006.56,494174.24000000005,40.033553425771224,900.0,0.023704000000000013,9.385040000000004e-43,1.2171109599999999,0.5599999999999999,25.0,715.0,"
    Formula: Cr1 Ta1 Ti0.17 V1 W1
    avg_Atomic_Radius: 1.8223501199040768
    avg_Pauling_Electronegativity: 1.777410071942446
    avg_number_of_valence_electrons: 5.438848920863309
    avg_Cohesive_energy_ev_atom: 6.5310551558753
    avg_Bulk_modulus_RT_Gpa: 203.5251798561151
    avg_Elastic_modulus_RT_Gpa: 245.49640287769785
    avg_Melting_point_(K): 2775.5960431654676
    avg_lattice_constant_A: 3.0866906474820146
    avg_BEC_percm3: 3.7220143884892086e-21
    avg_Av.Valence_bond_strength_ev: 3.6952278177458036
    avg_EngelZ_e/a: 5.438848920863309
    Temperature: 25.0
    "
Cr1 Ta1 Ti0.3 V1 W1,1.8204651162790697,1.7702325581395348,5.395348837209302,6.480232558139535,200.69767441860466,241.5813953488372,94.23255813953489,2750.1267441860464,-15.309082485581396,82.55813953488371,3.082558139534884,3.677209302325582e-21,3.6720930232558144,5.395348837209302,0.3400000000000001,0.8599999999999999,2.0,4.800000000000001,200.0,295.0,117.0,1750.0,17.324716194,75.0,0.43000000000000016,2.8000000000000004e-21,2.7889999999999997,2.0,0.017096000000000007,0.10009599999999996,0.5599999999999999,3.582216000000001,4536.0,12063.6,2006.56,494174.24000000005,40.033553425771224,900.0,0.023704000000000013,9.385040000000004e-43,1.2171109599999999,0.5599999999999999,25.0,780.0,"
    Formula: Cr1 Ta1 Ti0.3 V1 W1
    avg_Atomic_Radius: 1.8204651162790697
    avg_Pauling_Electronegativity: 1.7702325581395348
    avg_number_of_valence_electrons: 5.395348837209302
    avg_Cohesive_energy_ev_atom: 6.480232558139535
    avg_Bulk_modulus_RT_Gpa: 200.69767441860466
    avg_Elastic_modulus_RT_Gpa: 241.5813953488372
    avg_Melting_point_(K): 2750.1267441860464
    avg_lattice_constant_A: 3.082558139534884
    avg_BEC_percm3: 3.677209302325582e-21
    avg_Av.Valence_bond_strength_ev: 3.6720930232558144
    avg_EngelZ_e/a: 5.395348837209302
    Temperature: 25.0
    "
Cr1 Ta1 V1 W1,1.825,1.7875,5.5,6.602499999999999,207.5,251.0,98.0,2811.4,-15.602443639,81.25,3.0925,3.785e-21,3.7277500000000003,5.5,0.3400000000000001,0.8599999999999999,1.0,4.800000000000001,150.0,283.0,114.0,1553.0,17.324716194,75.0,0.43000000000000016,2.3400000000000006e-21,2.7889999999999997,1.0,0.020525000000000005,0.11286874999999998,0.25,3.863518750000001,3768.75,11434.5,1925.0,463453.1875,46.50580051657871,1054.6875,0.025568750000000015,6.957250000000003e-43,1.3941076874999996,0.25,25.0,715.0,"
    Formula: Cr1 Ta1 V1 W1
    avg_Atomic_Radius: 1.825
    avg_Pauling_Electronegativity: 1.7875
    avg_number_of_valence_electrons: 5.5
    avg_Cohesive_energy_ev_atom: 6.602499999999999
    avg_Bulk_modulus_RT_Gpa: 207.5
    avg_Elastic_modulus_RT_Gpa: 251.0
    avg_Melting_point_(K): 2811.4
    avg_lattice_constant_A: 3.0925
    avg_BEC_percm3: 3.785e-21
    avg_Av.Valence_bond_strength_ev: 3.7277500000000003
    avg_EngelZ_e/a: 5.5
    Temperature: 25.0
    "
Hf0.5 Mo0.5 Nb1 Si0.1 Ti1 Zr1,1.9270731707317075,1.558536585365854,4.487804878048781,6.283658536585366,134.39024390243904,121.26829268292684,35.609756097560975,2356.808536585366,-7.5777783432926835,97.64634146341464,3.219024390243903,2.3743902439024393e-21,3.4969512195121957,4.487804878048781,0.97,0.8600000000000001,2.0,2.9400000000000004,139.0,282.0,40.0,1207.0,15.917767424,96.5,2.4799999999999995,2.12e-21,1.501,2.0,0.11079166666666666,0.09354722222222223,0.5833333333333334,1.0900888888888896,2443.472222222222,8938.472222222223,155.25,187953.33333333334,27.15029332586121,1293.3680555555557,0.7235888888888887,5.319888888888888e-43,0.3135038055555555,0.5833333333333334,25.0,442.0,"
    Formula: Hf0.5 Mo0.5 Nb1 Si0.1 Ti1 Zr1
    avg_Atomic_Radius: 1.9270731707317075
    avg_Pauling_Electronegativity: 1.558536585365854
    avg_number_of_valence_electrons: 4.487804878048781
    avg_Cohesive_energy_ev_atom: 6.283658536585366
    avg_Bulk_modulus_RT_Gpa: 134.39024390243904
    avg_Elastic_modulus_RT_Gpa: 121.26829268292684
    avg_Melting_point_(K): 2356.808536585366
    avg_lattice_constant_A: 3.219024390243903
    avg_BEC_percm3: 2.3743902439024393e-21
    avg_Av.Valence_bond_strength_ev: 3.4969512195121957
    avg_EngelZ_e/a: 4.487804878048781
    Temperature: 25.0
    "
Hf0.5 Mo0.5 Nb1 Si0.3 Ti1 Zr1,1.8890697674418606,1.5744186046511628,4.465116279069767,6.206744186046512,132.7906976744186,117.81395348837209,36.74418604651163,2325.475581395349,-8.104188652906977,93.26744186046511,3.321860465116279,2.356976744186047e-21,3.4777906976744184,4.465116279069767,0.97,0.8600000000000001,2.0,2.9400000000000004,139.0,282.0,40.0,1207.0,15.917767424,96.5,2.4799999999999995,2.12e-21,1.501,2.0,0.11079166666666666,0.09354722222222223,0.5833333333333334,1.0900888888888896,2443.472222222222,8938.472222222223,155.25,187953.33333333334,27.15029332586121,1293.3680555555557,0.7235888888888887,5.319888888888888e-43,0.3135038055555555,0.5833333333333334,25.0,494.0,"
    Formula: Hf0.5 Mo0.5 Nb1 Si0.3 Ti1 Zr1
    avg_Atomic_Radius: 1.8890697674418606
    avg_Pauling_Electronegativity: 1.5744186046511628
    avg_number_of_valence_electrons: 4.465116279069767
    avg_Cohesive_energy_ev_atom: 6.206744186046512
    avg_Bulk_modulus_RT_Gpa: 132.7906976744186
    avg_Elastic_modulus_RT_Gpa: 117.81395348837209
    avg_Melting_point_(K): 2325.475581395349
    avg_lattice_constant_A: 3.321860465116279
    avg_BEC_percm3: 2.356976744186047e-21
    avg_Av.Valence_bond_strength_ev: 3.4777906976744184
    avg_EngelZ_e/a: 4.465116279069767
    Temperature: 25.0
    "
Hf0.5 Mo0.5 Nb1 Si0.5 Ti1 Zr1,1.8544444444444443,1.5888888888888888,4.444444444444445,6.136666666666667,131.33333333333331,114.66666666666666,37.77777777777778,2296.927777777778,-8.583806934999998,89.27777777777777,3.415555555555555,2.341111111111111e-21,3.460333333333333,4.444444444444445,0.97,0.8600000000000001,2.0,2.9400000000000004,139.0,282.0,40.0,1207.0,15.917767424,96.5,2.4799999999999995,2.12e-21,1.501,2.0,0.11079166666666666,0.09354722222222223,0.5833333333333334,1.0900888888888896,2443.472222222222,8938.472222222223,155.25,187953.33333333334,27.15029332586121,1293.3680555555557,0.7235888888888887,5.319888888888888e-43,0.3135038055555555,0.5833333333333334,25.0,524.0,"
    Formula: Hf0.5 Mo0.5 Nb1 Si0.5 Ti1 Zr1
    avg_Atomic_Radius: 1.8544444444444443
    avg_Pauling_Electronegativity: 1.5888888888888888
    avg_number_of_valence_electrons: 4.444444444444445
    avg_Cohesive_energy_ev_atom: 6.136666666666667
    avg_Bulk_modulus_RT_Gpa: 131.33333333333331
    avg_Elastic_modulus_RT_Gpa: 114.66666666666666
    avg_Melting_point_(K): 2296.927777777778
    avg_lattice_constant_A: 3.415555555555555
    avg_BEC_percm3: 2.341111111111111e-21
    avg_Av.Valence_bond_strength_ev: 3.460333333333333
    avg_EngelZ_e/a: 4.444444444444445
    Temperature: 25.0
    "
Hf0.5 Mo0.5 Nb1 Si0.7 Ti1 Zr1,1.8227659574468085,1.602127659574468,4.425531914893617,6.072553191489361,130.0,111.7872340425532,38.72340425531915,2270.809574468085,-9.022606639893617,85.62765957446808,3.501276595744681,2.326595744680851e-21,3.4443617021276594,4.425531914893617,0.97,0.8600000000000001,2.0,2.9400000000000004,139.0,282.0,40.0,1207.0,15.917767424,96.5,2.4799999999999995,2.12e-21,1.501,2.0,0.11079166666666666,0.09354722222222223,0.5833333333333334,1.0900888888888896,2443.472222222222,8938.472222222223,155.25,187953.33333333334,27.15029332586121,1293.3680555555557,0.7235888888888887,5.319888888888888e-43,0.3135038055555555,0.5833333333333334,25.0,580.0,"
    Formula: Hf0.5 Mo0.5 Nb1 Si0.7 Ti1 Zr1
    avg_Atomic_Radius: 1.8227659574468085
    avg_Pauling_Electronegativity: 1.602127659574468
    avg_number_of_valence_electrons: 4.425531914893617
    avg_Cohesive_energy_ev_atom: 6.072553191489361
    avg_Bulk_modulus_RT_Gpa: 130.0
    avg_Elastic_modulus_RT_Gpa: 111.7872340425532
    avg_Melting_point_(K): 2270.809574468085
    avg_lattice_constant_A: 3.501276595744681
    avg_BEC_percm3: 2.326595744680851e-21
    avg_Av.Valence_bond_strength_ev: 3.4443617021276594
    avg_EngelZ_e/a: 4.425531914893617
    Temperature: 25.0
    "
Hf0.5 Mo0.5 Nb1 Si0.9 Ti1 Zr1,1.7936734693877547,1.614285714285714,4.408163265306122,6.013673469387754,128.77551020408163,109.14285714285714,39.59183673469387,2246.823469387755,-9.425585960714285,82.27551020408161,3.579999999999999,2.3132653061224484e-21,3.4296938775510197,4.408163265306122,0.97,0.8600000000000001,2.0,2.9400000000000004,139.0,282.0,40.0,1207.0,15.917767424,96.5,2.4799999999999995,2.12e-21,1.501,2.0,0.11079166666666666,0.09354722222222223,0.5833333333333334,1.0900888888888896,2443.472222222222,8938.472222222223,155.25,187953.33333333334,27.15029332586121,1293.3680555555557,0.7235888888888887,5.319888888888888e-43,0.3135038055555555,0.5833333333333334,25.0,640.0,"
    Formula: Hf0.5 Mo0.5 Nb1 Si0.9 Ti1 Zr1
    avg_Atomic_Radius: 1.7936734693877547
    avg_Pauling_Electronegativity: 1.614285714285714
    avg_number_of_valence_electrons: 4.408163265306122
    avg_Cohesive_energy_ev_atom: 6.013673469387754
    avg_Bulk_modulus_RT_Gpa: 128.77551020408163
    avg_Elastic_modulus_RT_Gpa: 109.14285714285714
    avg_Melting_point_(K): 2246.823469387755
    avg_lattice_constant_A: 3.579999999999999
    avg_BEC_percm3: 2.3132653061224484e-21
    avg_Av.Valence_bond_strength_ev: 3.4296938775510197
    avg_EngelZ_e/a: 4.408163265306122
    Temperature: 25.0
    "
Hf0.5 Mo0.5 Nb1 Ti1 Zr1,1.9474999999999998,1.55,4.5,6.325,135.25,123.125,35.0,2373.65,-7.294832801874999,100.0,3.1637500000000003,2.3837500000000002e-21,3.50725,4.5,0.32000000000000006,0.8600000000000001,2.0,2.7200000000000006,139.0,261.0,24.0,957.0,8.419767864,0.0,0.34999999999999964,2.12e-21,1.501,2.0,0.013664000000000006,0.09582400000000002,0.6399999999999999,0.7941840000000003,2635.3599999999997,9309.359999999997,64.8,130590.16,7.70189677450639,0.0,0.014023999999999976,6.012559999999999e-43,0.32735223999999996,0.6399999999999999,25.0,400.0,"
    Formula: Hf0.5 Mo0.5 Nb1 Ti1 Zr1
    avg_Atomic_Radius: 1.9474999999999998
    avg_Pauling_Electronegativity: 1.55
    avg_number_of_valence_electrons: 4.5
    avg_Cohesive_energy_ev_atom: 6.325
    avg_Bulk_modulus_RT_Gpa: 135.25
    avg_Elastic_modulus_RT_Gpa: 123.125
    avg_Melting_point_(K): 2373.65
    avg_lattice_constant_A: 3.1637500000000003
    avg_BEC_percm3: 2.3837500000000002e-21
    avg_Av.Valence_bond_strength_ev: 3.50725
    avg_EngelZ_e/a: 4.5
    Temperature: 25.0
    "
Hf1 Nb1 Ta1 Ti1 Zr1,1.9760000000000004,1.4540000000000002,4.3999999999999995,6.642,136.2,110.60000000000002,42.800000000000004,2513.7500000000005,-7.821545883,100.0,3.1980000000000004,2.2440000000000002e-21,3.6652000000000005,4.3999999999999995,0.32000000000000006,0.30000000000000004,1.0,3.25,109.0,118.0,39.0,1336.0,5.954497120999999,0.0,0.3599999999999999,1.0300000000000001e-21,1.6949999999999998,1.0,0.013024000000000004,0.013984,0.24000000000000005,1.2785360000000001,1725.7599999999998,1724.64,194.16000000000003,222126.24,4.470225168936082,0.0,0.01709599999999998,1.85384e-43,0.39581095999999993,0.24000000000000005,25.0,420.0,"
    Formula: Hf1 Nb1 Ta1 Ti1 Zr1
    avg_Atomic_Radius: 1.9760000000000004
    avg_Pauling_Electronegativity: 1.4540000000000002
    avg_number_of_valence_electrons: 4.3999999999999995
    avg_Cohesive_energy_ev_atom: 6.642
    avg_Bulk_modulus_RT_Gpa: 136.2
    avg_Elastic_modulus_RT_Gpa: 110.60000000000002
    avg_Melting_point_(K): 2513.7500000000005
    avg_lattice_constant_A: 3.1980000000000004
    avg_BEC_percm3: 2.2440000000000002e-21
    avg_Av.Valence_bond_strength_ev: 3.6652000000000005
    avg_EngelZ_e/a: 4.3999999999999995
    Temperature: 25.0
    "
Hf1 Nb1 Ta1 Ti1 Zr1,1.9760000000000004,1.4540000000000002,4.3999999999999995,6.642,136.2,110.60000000000002,42.800000000000004,2513.7500000000005,-7.821545883,100.0,3.1980000000000004,2.2440000000000002e-21,3.6652000000000005,4.3999999999999995,0.32000000000000006,0.30000000000000004,1.0,3.25,109.0,118.0,39.0,1336.0,5.954497120999999,0.0,0.3599999999999999,1.0300000000000001e-21,1.6949999999999998,1.0,0.013024000000000004,0.013984,0.24000000000000005,1.2785360000000001,1725.7599999999998,1724.64,194.16000000000003,222126.24,4.470225168936082,0.0,0.01709599999999998,1.85384e-43,0.39581095999999993,0.24000000000000005,25.0,530.0,"
    Formula: Hf1 Nb1 Ta1 Ti1 Zr1
    avg_Atomic_Radius: 1.9760000000000004
    avg_Pauling_Electronegativity: 1.4540000000000002
    avg_number_of_valence_electrons: 4.3999999999999995
    avg_Cohesive_energy_ev_atom: 6.642
    avg_Bulk_modulus_RT_Gpa: 136.2
    avg_Elastic_modulus_RT_Gpa: 110.60000000000002
    avg_Melting_point_(K): 2513.7500000000005
    avg_lattice_constant_A: 3.1980000000000004
    avg_BEC_percm3: 2.2440000000000002e-21
    avg_Av.Valence_bond_strength_ev: 3.6652000000000005
    avg_EngelZ_e/a: 4.3999999999999995
    Temperature: 25.0
    "
Hf1 Nb1 Ta1 Ti1 Zr1,1.9760000000000004,1.4540000000000002,4.3999999999999995,6.642,136.2,110.60000000000002,42.800000000000004,2513.7500000000005,-7.821545883,100.0,3.1980000000000004,2.2440000000000002e-21,3.6652000000000005,4.3999999999999995,0.32000000000000006,0.30000000000000004,1.0,3.25,109.0,118.0,39.0,1336.0,5.954497120999999,0.0,0.3599999999999999,1.0300000000000001e-21,1.6949999999999998,1.0,0.013024000000000004,0.013984,0.24000000000000005,1.2785360000000001,1725.7599999999998,1724.64,194.16000000000003,222126.24,4.470225168936082,0.0,0.01709599999999998,1.85384e-43,0.39581095999999993,0.24000000000000005,25.0,340.0,"
    Formula: Hf1 Nb1 Ta1 Ti1 Zr1
    avg_Atomic_Radius: 1.9760000000000004
    avg_Pauling_Electronegativity: 1.4540000000000002
    avg_number_of_valence_electrons: 4.3999999999999995
    avg_Cohesive_energy_ev_atom: 6.642
    avg_Bulk_modulus_RT_Gpa: 136.2
    avg_Elastic_modulus_RT_Gpa: 110.60000000000002
    avg_Melting_point_(K): 2513.7500000000005
    avg_lattice_constant_A: 3.1980000000000004
    avg_BEC_percm3: 2.2440000000000002e-21
    avg_Av.Valence_bond_strength_ev: 3.6652000000000005
    avg_EngelZ_e/a: 4.3999999999999995
    Temperature: 25.0
    "
Hf1 Nb1 Ta1 Ti1 Zr1,1.9760000000000004,1.4540000000000002,4.3999999999999995,6.642,136.2,110.60000000000002,42.800000000000004,2513.7500000000005,-7.821545883,100.0,3.1980000000000004,2.2440000000000002e-21,3.6652000000000005,4.3999999999999995,0.32000000000000006,0.30000000000000004,1.0,3.25,109.0,118.0,39.0,1336.0,5.954497120999999,0.0,0.3599999999999999,1.0300000000000001e-21,1.6949999999999998,1.0,0.013024000000000004,0.013984,0.24000000000000005,1.2785360000000001,1725.7599999999998,1724.64,194.16000000000003,222126.24,4.470225168936082,0.0,0.01709599999999998,1.85384e-43,0.39581095999999993,0.24000000000000005,25.0,309.0,"
    Formula: Hf1 Nb1 Ta1 Ti1 Zr1
    avg_Atomic_Radius: 1.9760000000000004
    avg_Pauling_Electronegativity: 1.4540000000000002
    avg_number_of_valence_electrons: 4.3999999999999995
    avg_Cohesive_energy_ev_atom: 6.642
    avg_Bulk_modulus_RT_Gpa: 136.2
    avg_Elastic_modulus_RT_Gpa: 110.60000000000002
    avg_Melting_point_(K): 2513.7500000000005
    avg_lattice_constant_A: 3.1980000000000004
    avg_BEC_percm3: 2.2440000000000002e-21
    avg_Av.Valence_bond_strength_ev: 3.6652000000000005
    avg_EngelZ_e/a: 4.3999999999999995
    Temperature: 25.0
    "
Hf1 Nb1 Ta1 Ti1 Zr1,1.9760000000000004,1.4540000000000002,4.3999999999999995,6.642,136.2,110.60000000000002,42.800000000000004,2513.7500000000005,-7.821545883,100.0,3.1980000000000004,2.2440000000000002e-21,3.6652000000000005,4.3999999999999995,0.32000000000000006,0.30000000000000004,1.0,3.25,109.0,118.0,39.0,1336.0,5.954497120999999,0.0,0.3599999999999999,1.0300000000000001e-21,1.6949999999999998,1.0,0.013024000000000004,0.013984,0.24000000000000005,1.2785360000000001,1725.7599999999998,1724.64,194.16000000000003,222126.24,4.470225168936082,0.0,0.01709599999999998,1.85384e-43,0.39581095999999993,0.24000000000000005,25.0,366.0,"
    Formula: Hf1 Nb1 Ta1 Ti1 Zr1
    avg_Atomic_Radius: 1.9760000000000004
    avg_Pauling_Electronegativity: 1.4540000000000002
    avg_number_of_valence_electrons: 4.3999999999999995
    avg_Cohesive_energy_ev_atom: 6.642
    avg_Bulk_modulus_RT_Gpa: 136.2
    avg_Elastic_modulus_RT_Gpa: 110.60000000000002
    avg_Melting_point_(K): 2513.7500000000005
    avg_lattice_constant_A: 3.1980000000000004
    avg_BEC_percm3: 2.2440000000000002e-21
    avg_Av.Valence_bond_strength_ev: 3.6652000000000005
    avg_EngelZ_e/a: 4.3999999999999995
    Temperature: 25.0
    "
Hf1 Nb1 Ta1 Ti1 Zr1,1.9760000000000004,1.4540000000000002,4.3999999999999995,6.642,136.2,110.60000000000002,42.800000000000004,2513.7500000000005,-7.821545883,100.0,3.1980000000000004,2.2440000000000002e-21,3.6652000000000005,4.3999999999999995,0.32000000000000006,0.30000000000000004,1.0,3.25,109.0,118.0,39.0,1336.0,5.954497120999999,0.0,0.3599999999999999,1.0300000000000001e-21,1.6949999999999998,1.0,0.013024000000000004,0.013984,0.24000000000000005,1.2785360000000001,1725.7599999999998,1724.64,194.16000000000003,222126.24,4.470225168936082,0.0,0.01709599999999998,1.85384e-43,0.39581095999999993,0.24000000000000005,25.0,351.0,"
    Formula: Hf1 Nb1 Ta1 Ti1 Zr1
    avg_Atomic_Radius: 1.9760000000000004
    avg_Pauling_Electronegativity: 1.4540000000000002
    avg_number_of_valence_electrons: 4.3999999999999995
    avg_Cohesive_energy_ev_atom: 6.642
    avg_Bulk_modulus_RT_Gpa: 136.2
    avg_Elastic_modulus_RT_Gpa: 110.60000000000002
    avg_Melting_point_(K): 2513.7500000000005
    avg_lattice_constant_A: 3.1980000000000004
    avg_BEC_percm3: 2.2440000000000002e-21
    avg_Av.Valence_bond_strength_ev: 3.6652000000000005
    avg_EngelZ_e/a: 4.3999999999999995
    Temperature: 25.0
    "
Hf1 Nb1 Ta1 Zr1,2.0300000000000002,1.4325,4.5,7.09,142.75,109.25,42.5,2658.9,-6.92753224375,100.0,3.2600000000000002,2.2450000000000003e-21,3.849,4.5,0.10000000000000009,0.30000000000000004,1.0,1.8499999999999996,109.0,118.0,39.0,1144.0,3.2526595169999997,0.0,0.10999999999999988,1.0300000000000001e-21,1.601,1.0,0.001700000000000003,0.015168750000000002,0.25,0.5946499999999997,1942.6875,2146.6875,242.25,172315.1875,1.5914795253449574,0.0,0.0021499999999999926,2.3172500000000002e-43,0.32585149999999996,0.25,25.0,571.0,"
    Formula: Hf1 Nb1 Ta1 Zr1
    avg_Atomic_Radius: 2.0300000000000002
    avg_Pauling_Electronegativity: 1.4325
    avg_number_of_valence_electrons: 4.5
    avg_Cohesive_energy_ev_atom: 7.09
    avg_Bulk_modulus_RT_Gpa: 142.75
    avg_Elastic_modulus_RT_Gpa: 109.25
    avg_Melting_point_(K): 2658.9
    avg_lattice_constant_A: 3.2600000000000002
    avg_BEC_percm3: 2.2450000000000003e-21
    avg_Av.Valence_bond_strength_ev: 3.849
    avg_EngelZ_e/a: 4.5
    Temperature: 25.0
    "
Hf1 Nb1 Ta1 Zr1,2.0300000000000002,1.4325,4.5,7.09,142.75,109.25,42.5,2658.9,-6.92753224375,100.0,3.2600000000000002,2.2450000000000003e-21,3.849,4.5,0.10000000000000009,0.30000000000000004,1.0,1.8499999999999996,109.0,118.0,39.0,1144.0,3.2526595169999997,0.0,0.10999999999999988,1.0300000000000001e-21,1.601,1.0,0.001700000000000003,0.015168750000000002,0.25,0.5946499999999997,1942.6875,2146.6875,242.25,172315.1875,1.5914795253449574,0.0,0.0021499999999999926,2.3172500000000002e-43,0.32585149999999996,0.25,25.0,536.0,"
    Formula: Hf1 Nb1 Ta1 Zr1
    avg_Atomic_Radius: 2.0300000000000002
    avg_Pauling_Electronegativity: 1.4325
    avg_number_of_valence_electrons: 4.5
    avg_Cohesive_energy_ev_atom: 7.09
    avg_Bulk_modulus_RT_Gpa: 142.75
    avg_Elastic_modulus_RT_Gpa: 109.25
    avg_Melting_point_(K): 2658.9
    avg_lattice_constant_A: 3.2600000000000002
    avg_BEC_percm3: 2.2450000000000003e-21
    avg_Av.Valence_bond_strength_ev: 3.849
    avg_EngelZ_e/a: 4.5
    Temperature: 25.0
    "
Hf1 Nb1 Ta1 Zr1,2.0300000000000002,1.4325,4.5,7.09,142.75,109.25,42.5,2658.9,-6.92753224375,100.0,3.2600000000000002,2.2450000000000003e-21,3.849,4.5,0.10000000000000009,0.30000000000000004,1.0,1.8499999999999996,109.0,118.0,39.0,1144.0,3.2526595169999997,0.0,0.10999999999999988,1.0300000000000001e-21,1.601,1.0,0.001700000000000003,0.015168750000000002,0.25,0.5946499999999997,1942.6875,2146.6875,242.25,172315.1875,1.5914795253449574,0.0,0.0021499999999999926,2.3172500000000002e-43,0.32585149999999996,0.25,25.0,550.0,"
    Formula: Hf1 Nb1 Ta1 Zr1
    avg_Atomic_Radius: 2.0300000000000002
    avg_Pauling_Electronegativity: 1.4325
    avg_number_of_valence_electrons: 4.5
    avg_Cohesive_energy_ev_atom: 7.09
    avg_Bulk_modulus_RT_Gpa: 142.75
    avg_Elastic_modulus_RT_Gpa: 109.25
    avg_Melting_point_(K): 2658.9
    avg_lattice_constant_A: 3.2600000000000002
    avg_BEC_percm3: 2.2450000000000003e-21
    avg_Av.Valence_bond_strength_ev: 3.849
    avg_EngelZ_e/a: 4.5
    Temperature: 25.0
    "
Hf1 Nb1 Ta1 Zr1,2.0300000000000002,1.4325,4.5,7.09,142.75,109.25,42.5,2658.9,-6.92753224375,100.0,3.2600000000000002,2.2450000000000003e-21,3.849,4.5,0.10000000000000009,0.30000000000000004,1.0,1.8499999999999996,109.0,118.0,39.0,1144.0,3.2526595169999997,0.0,0.10999999999999988,1.0300000000000001e-21,1.601,1.0,0.001700000000000003,0.015168750000000002,0.25,0.5946499999999997,1942.6875,2146.6875,242.25,172315.1875,1.5914795253449574,0.0,0.0021499999999999926,2.3172500000000002e-43,0.32585149999999996,0.25,25.0,365.0,"
    Formula: Hf1 Nb1 Ta1 Zr1
    avg_Atomic_Radius: 2.0300000000000002
    avg_Pauling_Electronegativity: 1.4325
    avg_number_of_valence_electrons: 4.5
    avg_Cohesive_energy_ev_atom: 7.09
    avg_Bulk_modulus_RT_Gpa: 142.75
    avg_Elastic_modulus_RT_Gpa: 109.25
    avg_Melting_point_(K): 2658.9
    avg_lattice_constant_A: 3.2600000000000002
    avg_BEC_percm3: 2.2450000000000003e-21
    avg_Av.Valence_bond_strength_ev: 3.849
    avg_EngelZ_e/a: 4.5
    Temperature: 25.0
    "
Mo1 Nb1 Ta1 Ti0.25 W1,1.941176470588235,1.8835294117647061,5.411764705882353,7.671176470588234,220.58823529411765,249.41176470588232,70.35294117647058,3074.561764705882,-8.914471955294118,99.99999999999999,3.2135294117647057,3.2094117647058824e-21,4.447882352941176,5.411764705882353,0.24,0.8599999999999999,2.0,4.050000000000001,200.0,306.0,141.0,1750.0,14.305552413999997,0.0,0.3599999999999999,1.5999999999999997e-21,2.2129999999999996,2.0,0.0071839999999999985,0.12713599999999997,0.5599999999999999,1.8984560000000006,4384.0,14623.439999999999,2483.4399999999996,341933.76,23.767201486167977,0.0,0.017063999999999975,4.0786400000000005e-43,0.5572157599999998,0.5599999999999999,25.0,478.3,"
    Formula: Mo1 Nb1 Ta1 Ti0.25 W1
    avg_Atomic_Radius: 1.941176470588235
    avg_Pauling_Electronegativity: 1.8835294117647061
    avg_number_of_valence_electrons: 5.411764705882353
    avg_Cohesive_energy_ev_atom: 7.671176470588234
    avg_Bulk_modulus_RT_Gpa: 220.58823529411765
    avg_Elastic_modulus_RT_Gpa: 249.41176470588232
    avg_Melting_point_(K): 3074.561764705882
    avg_lattice_constant_A: 3.2135294117647057
    avg_BEC_percm3: 3.2094117647058824e-21
    avg_Av.Valence_bond_strength_ev: 4.447882352941176
    avg_EngelZ_e/a: 5.411764705882353
    Temperature: 25.0
    "
Mo1 Nb1 Ta1 Ti0.5 W1,1.931111111111111,1.8644444444444441,5.333333333333333,7.514444444444444,214.44444444444443,242.0,68.88888888888889,3011.1499999999996,-9.052423537777777,100.0,3.198888888888889,3.1555555555555557e-21,4.363555555555555,5.333333333333333,0.24,0.8599999999999999,2.0,4.050000000000001,200.0,306.0,141.0,1750.0,14.305552413999997,0.0,0.3599999999999999,1.5999999999999997e-21,2.2129999999999996,2.0,0.0071839999999999985,0.12713599999999997,0.5599999999999999,1.8984560000000006,4384.0,14623.439999999999,2483.4399999999996,341933.76,23.767201486167977,0.0,0.017063999999999975,4.0786400000000005e-43,0.5572157599999998,0.5599999999999999,25.0,481.2,"
    Formula: Mo1 Nb1 Ta1 Ti0.5 W1
    avg_Atomic_Radius: 1.931111111111111
    avg_Pauling_Electronegativity: 1.8644444444444441
    avg_number_of_valence_electrons: 5.333333333333333
    avg_Cohesive_energy_ev_atom: 7.514444444444444
    avg_Bulk_modulus_RT_Gpa: 214.44444444444443
    avg_Elastic_modulus_RT_Gpa: 242.0
    avg_Melting_point_(K): 3011.1499999999996
    avg_lattice_constant_A: 3.198888888888889
    avg_BEC_percm3: 3.1555555555555557e-21
    avg_Av.Valence_bond_strength_ev: 4.363555555555555
    avg_EngelZ_e/a: 5.333333333333333
    Temperature: 25.0
    "
Mo1 Nb1 Ta1 Ti0.75 W1,1.9221052631578945,1.8473684210526313,5.2631578947368425,7.374210526315789,208.94736842105266,235.36842105263156,67.57894736842104,2954.4131578947367,-9.17585390105263,99.99999999999999,3.1857894736842103,3.1073684210526315e-21,4.2881052631578935,5.2631578947368425,0.24,0.8599999999999999,2.0,4.050000000000001,200.0,306.0,141.0,1750.0,14.305552413999997,0.0,0.3599999999999999,1.5999999999999997e-21,2.2129999999999996,2.0,0.0071839999999999985,0.12713599999999997,0.5599999999999999,1.8984560000000006,4384.0,14623.439999999999,2483.4399999999996,341933.76,23.767201486167977,0.0,0.017063999999999975,4.0786400000000005e-43,0.5572157599999998,0.5599999999999999,25.0,495.6,"
    Formula: Mo1 Nb1 Ta1 Ti0.75 W1
    avg_Atomic_Radius: 1.9221052631578945
    avg_Pauling_Electronegativity: 1.8473684210526313
    avg_number_of_valence_electrons: 5.2631578947368425
    avg_Cohesive_energy_ev_atom: 7.374210526315789
    avg_Bulk_modulus_RT_Gpa: 208.94736842105266
    avg_Elastic_modulus_RT_Gpa: 235.36842105263156
    avg_Melting_point_(K): 2954.4131578947367
    avg_lattice_constant_A: 3.1857894736842103
    avg_BEC_percm3: 3.1073684210526315e-21
    avg_Av.Valence_bond_strength_ev: 4.2881052631578935
    avg_EngelZ_e/a: 5.2631578947368425
    Temperature: 25.0
    "
Mo1 Nb1 Ta1 Ti1 W1,1.9140000000000001,1.832,5.2,7.248,204.0,229.39999999999998,66.4,2903.3500000000004,-9.286941228,100.0,3.174,3.0640000000000006e-21,4.2202,5.2,0.24,0.8599999999999999,2.0,4.050000000000001,200.0,306.0,141.0,1750.0,14.305552413999997,0.0,0.3599999999999999,1.5999999999999997e-21,2.2129999999999996,2.0,0.0071839999999999985,0.12713599999999997,0.5599999999999999,1.8984560000000006,4384.0,14623.439999999999,2483.4399999999996,341933.76,23.767201486167977,0.0,0.017063999999999975,4.0786400000000005e-43,0.5572157599999998,0.5599999999999999,25.0,507.5,"
    Formula: Mo1 Nb1 Ta1 Ti1 W1
    avg_Atomic_Radius: 1.9140000000000001
    avg_Pauling_Electronegativity: 1.832
    avg_number_of_valence_electrons: 5.2
    avg_Cohesive_energy_ev_atom: 7.248
    avg_Bulk_modulus_RT_Gpa: 204.0
    avg_Elastic_modulus_RT_Gpa: 229.39999999999998
    avg_Melting_point_(K): 2903.3500000000004
    avg_lattice_constant_A: 3.174
    avg_BEC_percm3: 3.0640000000000006e-21
    avg_Av.Valence_bond_strength_ev: 4.2202
    avg_EngelZ_e/a: 5.2
    Temperature: 25.0
    "
Al0.242 Co0.515 Cr0.515 Cu0.242 Fe0.515 Ni1,1.5079432155827006,1.8240244305051174,8.330472103004293,4.186698580389568,163.3945196434467,200.8534169692968,77.24925718058765,1723.0050676791022,-22.988632892178934,10.362958071970947,3.178481346979201,4.731092769891054e-21,2.2412218553978214,5.478441729943876,0.48,0.2999999999999998,8.0,1.0500000000000003,104.0,209.0,89.0,1197.0,6.253642030000002,20.0,1.54,3.63e-21,0.6430000000000002,3.4000000000000004,0.021888888888888892,0.014180555555555545,7.138888888888888,0.17749166666666663,1311.6666666666667,4423.805555555556,774.888888888889,145041.47222222228,4.094897329975828,61.51,0.27846666666666664,1.691788888888889e-42,0.03978022222222224,1.4658333333333335,25.0,168.0,"
    Formula: Al0.242 Co0.515 Cr0.515 Cu0.242 Fe0.515 Ni1
    avg_Atomic_Radius: 1.5079432155827006
    avg_Pauling_Electronegativity: 1.8240244305051174
    avg_number_of_valence_electrons: 8.330472103004293
    avg_Cohesive_energy_ev_atom: 4.186698580389568
    avg_Bulk_modulus_RT_Gpa: 163.3945196434467
    avg_Elastic_modulus_RT_Gpa: 200.8534169692968
    avg_Melting_point_(K): 1723.0050676791022
    avg_lattice_constant_A: 3.178481346979201
    avg_BEC_percm3: 4.731092769891054e-21
    avg_Av.Valence_bond_strength_ev: 2.2412218553978214
    avg_EngelZ_e/a: 5.478441729943876
    Temperature: 25.0
    "
Al0.242 Co0.515 Cr0.515 Cu0.242 Fe0.515 Ni1,1.5079432155827006,1.8240244305051174,8.330472103004293,4.186698580389568,163.3945196434467,200.8534169692968,77.24925718058765,1723.0050676791022,-22.988632892178934,10.362958071970947,3.178481346979201,4.731092769891054e-21,2.2412218553978214,5.478441729943876,0.48,0.2999999999999998,8.0,1.0500000000000003,104.0,209.0,89.0,1197.0,6.253642030000002,20.0,1.54,3.63e-21,0.6430000000000002,3.4000000000000004,0.021888888888888892,0.014180555555555545,7.138888888888888,0.17749166666666663,1311.6666666666667,4423.805555555556,774.888888888889,145041.47222222228,4.094897329975828,61.51,0.27846666666666664,1.691788888888889e-42,0.03978022222222224,1.4658333333333335,25.0,328.0,"
    Formula: Al0.242 Co0.515 Cr0.515 Cu0.242 Fe0.515 Ni1
    avg_Atomic_Radius: 1.5079432155827006
    avg_Pauling_Electronegativity: 1.8240244305051174
    avg_number_of_valence_electrons: 8.330472103004293
    avg_Cohesive_energy_ev_atom: 4.186698580389568
    avg_Bulk_modulus_RT_Gpa: 163.3945196434467
    avg_Elastic_modulus_RT_Gpa: 200.8534169692968
    avg_Melting_point_(K): 1723.0050676791022
    avg_lattice_constant_A: 3.178481346979201
    avg_BEC_percm3: 4.731092769891054e-21
    avg_Av.Valence_bond_strength_ev: 2.2412218553978214
    avg_EngelZ_e/a: 5.478441729943876
    Temperature: 25.0
    "
Al0.242 Co0.515 Cr0.515 Cu0.242 Fe0.515 Ni1,1.5079432155827006,1.8240244305051174,8.330472103004293,4.186698580389568,163.3945196434467,200.8534169692968,77.24925718058765,1723.0050676791022,-22.988632892178934,10.362958071970947,3.178481346979201,4.731092769891054e-21,2.2412218553978214,5.478441729943876,0.48,0.2999999999999998,8.0,1.0500000000000003,104.0,209.0,89.0,1197.0,6.253642030000002,20.0,1.54,3.63e-21,0.6430000000000002,3.4000000000000004,0.021888888888888892,0.014180555555555545,7.138888888888888,0.17749166666666663,1311.6666666666667,4423.805555555556,774.888888888889,145041.47222222228,4.094897329975828,61.51,0.27846666666666664,1.691788888888889e-42,0.03978022222222224,1.4658333333333335,25.0,206.0,"
    Formula: Al0.242 Co0.515 Cr0.515 Cu0.242 Fe0.515 Ni1
    avg_Atomic_Radius: 1.5079432155827006
    avg_Pauling_Electronegativity: 1.8240244305051174
    avg_number_of_valence_electrons: 8.330472103004293
    avg_Cohesive_energy_ev_atom: 4.186698580389568
    avg_Bulk_modulus_RT_Gpa: 163.3945196434467
    avg_Elastic_modulus_RT_Gpa: 200.8534169692968
    avg_Melting_point_(K): 1723.0050676791022
    avg_lattice_constant_A: 3.178481346979201
    avg_BEC_percm3: 4.731092769891054e-21
    avg_Av.Valence_bond_strength_ev: 2.2412218553978214
    avg_EngelZ_e/a: 5.478441729943876
    Temperature: 25.0
    "
Al0.229 Co0.486 Cr0.4 Cu0.229 Fe0.486 Mo0.003 Ni1 Ti0.029 W0.003,1.5063455497382199,1.8286457242582896,8.38394415357766,4.208359511343804,163.48132635253052,197.9420593368237,75.7650959860384,1715.9939790575916,-22.754190810627573,10.914205933682373,3.192076788830715,4.696317626527051e-21,2.2518349040139607,5.446527050610819,0.75,0.8199999999999998,8.0,5.51,234.0,341.0,141.0,2750.0,23.042646454,95.0,1.54,3.63e-21,3.292,3.4000000000000004,0.049646913580246914,0.06099506172839505,6.444444444444445,2.8242617283950624,4084.543209876543,10421.283950617284,1786.0987654320988,595471.2839506173,45.83418759781231,1777.5755555555556,0.1939876543209876,1.5598691358024693e-42,1.122795209876543,1.280987654320988,25.0,231.0,"
    Formula: Al0.229 Co0.486 Cr0.4 Cu0.229 Fe0.486 Mo0.003 Ni1 Ti0.029 W0.003
    avg_Atomic_Radius: 1.5063455497382199
    avg_Pauling_Electronegativity: 1.8286457242582896
    avg_number_of_valence_electrons: 8.38394415357766
    avg_Cohesive_energy_ev_atom: 4.208359511343804
    avg_Bulk_modulus_RT_Gpa: 163.48132635253052
    avg_Elastic_modulus_RT_Gpa: 197.9420593368237
    avg_Melting_point_(K): 1715.9939790575916
    avg_lattice_constant_A: 3.192076788830715
    avg_BEC_percm3: 4.696317626527051e-21
    avg_Av.Valence_bond_strength_ev: 2.2518349040139607
    avg_EngelZ_e/a: 5.446527050610819
    Temperature: 25.0
    "
Al0.229 Co0.486 Cr0.4 Cu0.229 Fe0.486 Mo0.003 Ni1 Ti0.029 W0.003,1.5063455497382199,1.8286457242582896,8.38394415357766,4.208359511343804,163.48132635253052,197.9420593368237,75.7650959860384,1715.9939790575916,-22.754190810627573,10.914205933682373,3.192076788830715,4.696317626527051e-21,2.2518349040139607,5.446527050610819,0.75,0.8199999999999998,8.0,5.51,234.0,341.0,141.0,2750.0,23.042646454,95.0,1.54,3.63e-21,3.292,3.4000000000000004,0.049646913580246914,0.06099506172839505,6.444444444444445,2.8242617283950624,4084.543209876543,10421.283950617284,1786.0987654320988,595471.2839506173,45.83418759781231,1777.5755555555556,0.1939876543209876,1.5598691358024693e-42,1.122795209876543,1.280987654320988,25.0,178.0,"
    Formula: Al0.229 Co0.486 Cr0.4 Cu0.229 Fe0.486 Mo0.003 Ni1 Ti0.029 W0.003
    avg_Atomic_Radius: 1.5063455497382199
    avg_Pauling_Electronegativity: 1.8286457242582896
    avg_number_of_valence_electrons: 8.38394415357766
    avg_Cohesive_energy_ev_atom: 4.208359511343804
    avg_Bulk_modulus_RT_Gpa: 163.48132635253052
    avg_Elastic_modulus_RT_Gpa: 197.9420593368237
    avg_Melting_point_(K): 1715.9939790575916
    avg_lattice_constant_A: 3.192076788830715
    avg_BEC_percm3: 4.696317626527051e-21
    avg_Av.Valence_bond_strength_ev: 2.2518349040139607
    avg_EngelZ_e/a: 5.446527050610819
    Temperature: 25.0
    "
Al0.229 Co0.486 Cr0.4 Cu0.229 Fe0.486 Mo0.003 Ni1 Ti0.029 W0.003,1.5063455497382199,1.8286457242582896,8.38394415357766,4.208359511343804,163.48132635253052,197.9420593368237,75.7650959860384,1715.9939790575916,-22.754190810627573,10.914205933682373,3.192076788830715,4.696317626527051e-21,2.2518349040139607,5.446527050610819,0.75,0.8199999999999998,8.0,5.51,234.0,341.0,141.0,2750.0,23.042646454,95.0,1.54,3.63e-21,3.292,3.4000000000000004,0.049646913580246914,0.06099506172839505,6.444444444444445,2.8242617283950624,4084.543209876543,10421.283950617284,1786.0987654320988,595471.2839506173,45.83418759781231,1777.5755555555556,0.1939876543209876,1.5598691358024693e-42,1.122795209876543,1.280987654320988,25.0,343.0,"
    Formula: Al0.229 Co0.486 Cr0.4 Cu0.229 Fe0.486 Mo0.003 Ni1 Ti0.029 W0.003
    avg_Atomic_Radius: 1.5063455497382199
    avg_Pauling_Electronegativity: 1.8286457242582896
    avg_number_of_valence_electrons: 8.38394415357766
    avg_Cohesive_energy_ev_atom: 4.208359511343804
    avg_Bulk_modulus_RT_Gpa: 163.48132635253052
    avg_Elastic_modulus_RT_Gpa: 197.9420593368237
    avg_Melting_point_(K): 1715.9939790575916
    avg_lattice_constant_A: 3.192076788830715
    avg_BEC_percm3: 4.696317626527051e-21
    avg_Av.Valence_bond_strength_ev: 2.2518349040139607
    avg_EngelZ_e/a: 5.446527050610819
    Temperature: 25.0
    "
Al0.229 Co0.486 Cr0.4 Cu0.229 Fe0.486 Mo0.003 Ni1 Ti0.029 W0.003,1.5063455497382199,1.8286457242582896,8.38394415357766,4.208359511343804,163.48132635253052,197.9420593368237,75.7650959860384,1715.9939790575916,-22.754190810627573,10.914205933682373,3.192076788830715,4.696317626527051e-21,2.2518349040139607,5.446527050610819,0.75,0.8199999999999998,8.0,5.51,234.0,341.0,141.0,2750.0,23.042646454,95.0,1.54,3.63e-21,3.292,3.4000000000000004,0.049646913580246914,0.06099506172839505,6.444444444444445,2.8242617283950624,4084.543209876543,10421.283950617284,1786.0987654320988,595471.2839506173,45.83418759781231,1777.5755555555556,0.1939876543209876,1.5598691358024693e-42,1.122795209876543,1.280987654320988,25.0,171.0,"
    Formula: Al0.229 Co0.486 Cr0.4 Cu0.229 Fe0.486 Mo0.003 Ni1 Ti0.029 W0.003
    avg_Atomic_Radius: 1.5063455497382199
    avg_Pauling_Electronegativity: 1.8286457242582896
    avg_number_of_valence_electrons: 8.38394415357766
    avg_Cohesive_energy_ev_atom: 4.208359511343804
    avg_Bulk_modulus_RT_Gpa: 163.48132635253052
    avg_Elastic_modulus_RT_Gpa: 197.9420593368237
    avg_Melting_point_(K): 1715.9939790575916
    avg_lattice_constant_A: 3.192076788830715
    avg_BEC_percm3: 4.696317626527051e-21
    avg_Av.Valence_bond_strength_ev: 2.2518349040139607
    avg_EngelZ_e/a: 5.446527050610819
    Temperature: 25.0
    "
Al0.278 Co0.694 Cr0.222 Fe0.417 Ni1 Ti0.167,1.506796256299496,1.8182541396688265,8.069114470842333,4.295892728581714,162.28509719222464,192.15370770338373,72.8401727861771,1714.3231461483083,-22.060231847444204,14.460655147588195,3.1377393808495326,4.6336285097192235e-21,2.280858531317495,5.4236141108711315,0.5800000000000001,0.3699999999999999,7.0,1.4599999999999995,104.0,209.0,89.0,1197.0,14.622878590000001,95.0,1.54,3.63e-21,1.0790000000000002,3.4000000000000004,0.03248055555555556,0.019980555555555543,6.555555555555556,0.19638055555555547,1546.6666666666667,4699.13888888889,806.888888888889,140473.5555555556,21.630502515735937,1110.398888888889,0.25756666666666667,2.274080555555556e-42,0.1041948055555556,1.5022222222222226,25.0,343.0,"
    Formula: Al0.278 Co0.694 Cr0.222 Fe0.417 Ni1 Ti0.167
    avg_Atomic_Radius: 1.506796256299496
    avg_Pauling_Electronegativity: 1.8182541396688265
    avg_number_of_valence_electrons: 8.069114470842333
    avg_Cohesive_energy_ev_atom: 4.295892728581714
    avg_Bulk_modulus_RT_Gpa: 162.28509719222464
    avg_Elastic_modulus_RT_Gpa: 192.15370770338373
    avg_Melting_point_(K): 1714.3231461483083
    avg_lattice_constant_A: 3.1377393808495326
    avg_BEC_percm3: 4.6336285097192235e-21
    avg_Av.Valence_bond_strength_ev: 2.280858531317495
    avg_EngelZ_e/a: 5.4236141108711315
    Temperature: 25.0
    "
Al0.278 Co0.694 Cr0.222 Fe0.417 Ni1 Ti0.167,1.506796256299496,1.8182541396688265,8.069114470842333,4.295892728581714,162.28509719222464,192.15370770338373,72.8401727861771,1714.3231461483083,-22.060231847444204,14.460655147588195,3.1377393808495326,4.6336285097192235e-21,2.280858531317495,5.4236141108711315,0.5800000000000001,0.3699999999999999,7.0,1.4599999999999995,104.0,209.0,89.0,1197.0,14.622878590000001,95.0,1.54,3.63e-21,1.0790000000000002,3.4000000000000004,0.03248055555555556,0.019980555555555543,6.555555555555556,0.19638055555555547,1546.6666666666667,4699.13888888889,806.888888888889,140473.5555555556,21.630502515735937,1110.398888888889,0.25756666666666667,2.274080555555556e-42,0.1041948055555556,1.5022222222222226,25.0,341.0,"
    Formula: Al0.278 Co0.694 Cr0.222 Fe0.417 Ni1 Ti0.167
    avg_Atomic_Radius: 1.506796256299496
    avg_Pauling_Electronegativity: 1.8182541396688265
    avg_number_of_valence_electrons: 8.069114470842333
    avg_Cohesive_energy_ev_atom: 4.295892728581714
    avg_Bulk_modulus_RT_Gpa: 162.28509719222464
    avg_Elastic_modulus_RT_Gpa: 192.15370770338373
    avg_Melting_point_(K): 1714.3231461483083
    avg_lattice_constant_A: 3.1377393808495326
    avg_BEC_percm3: 4.6336285097192235e-21
    avg_Av.Valence_bond_strength_ev: 2.280858531317495
    avg_EngelZ_e/a: 5.4236141108711315
    Temperature: 25.0
    "
Al0.278 Co0.694 Cr0.222 Fe0.417 Ni1 Ti0.167,1.506796256299496,1.8182541396688265,8.069114470842333,4.295892728581714,162.28509719222464,192.15370770338373,72.8401727861771,1714.3231461483083,-22.060231847444204,14.460655147588195,3.1377393808495326,4.6336285097192235e-21,2.280858531317495,5.4236141108711315,0.5800000000000001,0.3699999999999999,7.0,1.4599999999999995,104.0,209.0,89.0,1197.0,14.622878590000001,95.0,1.54,3.63e-21,1.0790000000000002,3.4000000000000004,0.03248055555555556,0.019980555555555543,6.555555555555556,0.19638055555555547,1546.6666666666667,4699.13888888889,806.888888888889,140473.5555555556,21.630502515735937,1110.398888888889,0.25756666666666667,2.274080555555556e-42,0.1041948055555556,1.5022222222222226,25.0,345.0,"
    Formula: Al0.278 Co0.694 Cr0.222 Fe0.417 Ni1 Ti0.167
    avg_Atomic_Radius: 1.506796256299496
    avg_Pauling_Electronegativity: 1.8182541396688265
    avg_number_of_valence_electrons: 8.069114470842333
    avg_Cohesive_energy_ev_atom: 4.295892728581714
    avg_Bulk_modulus_RT_Gpa: 162.28509719222464
    avg_Elastic_modulus_RT_Gpa: 192.15370770338373
    avg_Melting_point_(K): 1714.3231461483083
    avg_lattice_constant_A: 3.1377393808495326
    avg_BEC_percm3: 4.6336285097192235e-21
    avg_Av.Valence_bond_strength_ev: 2.280858531317495
    avg_EngelZ_e/a: 5.4236141108711315
    Temperature: 25.0
    "
Al0.278 Co0.694 Cr0.222 Fe0.417 Ni1 Ti0.167,1.506796256299496,1.8182541396688265,8.069114470842333,4.295892728581714,162.28509719222464,192.15370770338373,72.8401727861771,1714.3231461483083,-22.060231847444204,14.460655147588195,3.1377393808495326,4.6336285097192235e-21,2.280858531317495,5.4236141108711315,0.5800000000000001,0.3699999999999999,7.0,1.4599999999999995,104.0,209.0,89.0,1197.0,14.622878590000001,95.0,1.54,3.63e-21,1.0790000000000002,3.4000000000000004,0.03248055555555556,0.019980555555555543,6.555555555555556,0.19638055555555547,1546.6666666666667,4699.13888888889,806.888888888889,140473.5555555556,21.630502515735937,1110.398888888889,0.25756666666666667,2.274080555555556e-42,0.1041948055555556,1.5022222222222226,25.0,345.0,"
    Formula: Al0.278 Co0.694 Cr0.222 Fe0.417 Ni1 Ti0.167
    avg_Atomic_Radius: 1.506796256299496
    avg_Pauling_Electronegativity: 1.8182541396688265
    avg_number_of_valence_electrons: 8.069114470842333
    avg_Cohesive_energy_ev_atom: 4.295892728581714
    avg_Bulk_modulus_RT_Gpa: 162.28509719222464
    avg_Elastic_modulus_RT_Gpa: 192.15370770338373
    avg_Melting_point_(K): 1714.3231461483083
    avg_lattice_constant_A: 3.1377393808495326
    avg_BEC_percm3: 4.6336285097192235e-21
    avg_Av.Valence_bond_strength_ev: 2.280858531317495
    avg_EngelZ_e/a: 5.4236141108711315
    Temperature: 25.0
    "
Al0.278 Co0.694 Cr0.222 Fe0.417 Ni1 Ti0.167,1.506796256299496,1.8182541396688265,8.069114470842333,4.295892728581714,162.28509719222464,192.15370770338373,72.8401727861771,1714.3231461483083,-22.060231847444204,14.460655147588195,3.1377393808495326,4.6336285097192235e-21,2.280858531317495,5.4236141108711315,0.5800000000000001,0.3699999999999999,7.0,1.4599999999999995,104.0,209.0,89.0,1197.0,14.622878590000001,95.0,1.54,3.63e-21,1.0790000000000002,3.4000000000000004,0.03248055555555556,0.019980555555555543,6.555555555555556,0.19638055555555547,1546.6666666666667,4699.13888888889,806.888888888889,140473.5555555556,21.630502515735937,1110.398888888889,0.25756666666666667,2.274080555555556e-42,0.1041948055555556,1.5022222222222226,700.0,345.0,"
    Formula: Al0.278 Co0.694 Cr0.222 Fe0.417 Ni1 Ti0.167
    avg_Atomic_Radius: 1.506796256299496
    avg_Pauling_Electronegativity: 1.8182541396688265
    avg_number_of_valence_electrons: 8.069114470842333
    avg_Cohesive_energy_ev_atom: 4.295892728581714
    avg_Bulk_modulus_RT_Gpa: 162.28509719222464
    avg_Elastic_modulus_RT_Gpa: 192.15370770338373
    avg_Melting_point_(K): 1714.3231461483083
    avg_lattice_constant_A: 3.1377393808495326
    avg_BEC_percm3: 4.6336285097192235e-21
    avg_Av.Valence_bond_strength_ev: 2.280858531317495
    avg_EngelZ_e/a: 5.4236141108711315
    Temperature: 700.0
    "
Al0.278 Co0.694 Cr0.222 Fe0.417 Ni1 Ti0.167,1.506796256299496,1.8182541396688265,8.069114470842333,4.295892728581714,162.28509719222464,192.15370770338373,72.8401727861771,1714.3231461483083,-22.060231847444204,14.460655147588195,3.1377393808495326,4.6336285097192235e-21,2.280858531317495,5.4236141108711315,0.5800000000000001,0.3699999999999999,7.0,1.4599999999999995,104.0,209.0,89.0,1197.0,14.622878590000001,95.0,1.54,3.63e-21,1.0790000000000002,3.4000000000000004,0.03248055555555556,0.019980555555555543,6.555555555555556,0.19638055555555547,1546.6666666666667,4699.13888888889,806.888888888889,140473.5555555556,21.630502515735937,1110.398888888889,0.25756666666666667,2.274080555555556e-42,0.1041948055555556,1.5022222222222226,700.0,345.0,"
    Formula: Al0.278 Co0.694 Cr0.222 Fe0.417 Ni1 Ti0.167
    avg_Atomic_Radius: 1.506796256299496
    avg_Pauling_Electronegativity: 1.8182541396688265
    avg_number_of_valence_electrons: 8.069114470842333
    avg_Cohesive_energy_ev_atom: 4.295892728581714
    avg_Bulk_modulus_RT_Gpa: 162.28509719222464
    avg_Elastic_modulus_RT_Gpa: 192.15370770338373
    avg_Melting_point_(K): 1714.3231461483083
    avg_lattice_constant_A: 3.1377393808495326
    avg_BEC_percm3: 4.6336285097192235e-21
    avg_Av.Valence_bond_strength_ev: 2.280858531317495
    avg_EngelZ_e/a: 5.4236141108711315
    Temperature: 700.0
    "
Co1 Cr1 Ni1,1.5566666666666664,1.8166666666666664,8.333333333333332,4.31,173.33333333333331,229.33333333333331,88.66666666666666,1874.8166666666666,-23.712928576666666,11.766666666666664,2.9699999999999998,5.100000000000001e-21,2.296666666666667,5.8,0.16999999999999993,0.25,4.0,0.34000000000000075,20.0,79.0,40.0,404.0,3.994522270000001,20.0,1.0100000000000002,5.399999999999996e-22,0.1419999999999999,0.5999999999999996,0.005488888888888883,0.012422222222222222,2.8888888888888893,0.022466666666666732,88.88888888888887,1246.888888888889,346.8888888888889,32891.555555555555,2.8519269497311903,87.57555555555557,0.17406666666666673,5.039999999999992e-44,0.003734222222222212,0.0799999999999999,25.0,468.0,"
    Formula: Co1 Cr1 Ni1
    avg_Atomic_Radius: 1.5566666666666664
    avg_Pauling_Electronegativity: 1.8166666666666664
    avg_number_of_valence_electrons: 8.333333333333332
    avg_Cohesive_energy_ev_atom: 4.31
    avg_Bulk_modulus_RT_Gpa: 173.33333333333331
    avg_Elastic_modulus_RT_Gpa: 229.33333333333331
    avg_Melting_point_(K): 1874.8166666666666
    avg_lattice_constant_A: 2.9699999999999998
    avg_BEC_percm3: 5.100000000000001e-21
    avg_Av.Valence_bond_strength_ev: 2.296666666666667
    avg_EngelZ_e/a: 5.8
    Temperature: 25.0
    "
Co1 Cr1 Ni1,1.5566666666666664,1.8166666666666664,8.333333333333332,4.31,173.33333333333331,229.33333333333331,88.66666666666666,1874.8166666666666,-23.712928576666666,11.766666666666664,2.9699999999999998,5.100000000000001e-21,2.296666666666667,5.8,0.16999999999999993,0.25,4.0,0.34000000000000075,20.0,79.0,40.0,404.0,3.994522270000001,20.0,1.0100000000000002,5.399999999999996e-22,0.1419999999999999,0.5999999999999996,0.005488888888888883,0.012422222222222222,2.8888888888888893,0.022466666666666732,88.88888888888887,1246.888888888889,346.8888888888889,32891.555555555555,2.8519269497311903,87.57555555555557,0.17406666666666673,5.039999999999992e-44,0.003734222222222212,0.0799999999999999,25.0,326.0,"
    Formula: Co1 Cr1 Ni1
    avg_Atomic_Radius: 1.5566666666666664
    avg_Pauling_Electronegativity: 1.8166666666666664
    avg_number_of_valence_electrons: 8.333333333333332
    avg_Cohesive_energy_ev_atom: 4.31
    avg_Bulk_modulus_RT_Gpa: 173.33333333333331
    avg_Elastic_modulus_RT_Gpa: 229.33333333333331
    avg_Melting_point_(K): 1874.8166666666666
    avg_lattice_constant_A: 2.9699999999999998
    avg_BEC_percm3: 5.100000000000001e-21
    avg_Av.Valence_bond_strength_ev: 2.296666666666667
    avg_EngelZ_e/a: 5.8
    Temperature: 25.0
    "
Co1 Cr1 Ni1,1.5566666666666664,1.8166666666666664,8.333333333333332,4.31,173.33333333333331,229.33333333333331,88.66666666666666,1874.8166666666666,-23.712928576666666,11.766666666666664,2.9699999999999998,5.100000000000001e-21,2.296666666666667,5.8,0.16999999999999993,0.25,4.0,0.34000000000000075,20.0,79.0,40.0,404.0,3.994522270000001,20.0,1.0100000000000002,5.399999999999996e-22,0.1419999999999999,0.5999999999999996,0.005488888888888883,0.012422222222222222,2.8888888888888893,0.022466666666666732,88.88888888888887,1246.888888888889,346.8888888888889,32891.555555555555,2.8519269497311903,87.57555555555557,0.17406666666666673,5.039999999999992e-44,0.003734222222222212,0.0799999999999999,25.0,223.0,"
    Formula: Co1 Cr1 Ni1
    avg_Atomic_Radius: 1.5566666666666664
    avg_Pauling_Electronegativity: 1.8166666666666664
    avg_number_of_valence_electrons: 8.333333333333332
    avg_Cohesive_energy_ev_atom: 4.31
    avg_Bulk_modulus_RT_Gpa: 173.33333333333331
    avg_Elastic_modulus_RT_Gpa: 229.33333333333331
    avg_Melting_point_(K): 1874.8166666666666
    avg_lattice_constant_A: 2.9699999999999998
    avg_BEC_percm3: 5.100000000000001e-21
    avg_Av.Valence_bond_strength_ev: 2.296666666666667
    avg_EngelZ_e/a: 5.8
    Temperature: 25.0
    "
Co1 Cr1 Fe1 Mn1 Ni1,1.5680000000000003,1.766,8.0,4.026000000000001,162.0,219.4,68.20093363101279,1789.9500000000003,-21.28872344,20.72727272727273,4.134,5.260000000000002e-21,2.0276,6.120000000000001,0.16999999999999993,0.3599999999999999,4.0,1.5200000000000005,60.0,81.0,89.0,613.0,8.737094040000002,20.0,6.380000000000001,6.999999999999999e-22,0.9570000000000001,1.3999999999999995,0.0037359999999999984,0.019143999999999994,2.0,0.31942400000000004,496.0,913.0400000000002,774.888888888889,39006.56000000001,11.484732370025231,65.21225,5.760824000000001,7.007999999999996e-44,0.13144744000000003,0.21759999999999988,25.0,130.2,"
    Formula: Co1 Cr1 Fe1 Mn1 Ni1
    avg_Atomic_Radius: 1.5680000000000003
    avg_Pauling_Electronegativity: 1.766
    avg_number_of_valence_electrons: 8.0
    avg_Cohesive_energy_ev_atom: 4.026000000000001
    avg_Bulk_modulus_RT_Gpa: 162.0
    avg_Elastic_modulus_RT_Gpa: 219.4
    avg_Melting_point_(K): 1789.9500000000003
    avg_lattice_constant_A: 4.134
    avg_BEC_percm3: 5.260000000000002e-21
    avg_Av.Valence_bond_strength_ev: 2.0276
    avg_EngelZ_e/a: 6.120000000000001
    Temperature: 25.0
    "
Co1 Cr1 Fe1 Mn1 Ni1,1.5680000000000003,1.766,8.0,4.026000000000001,162.0,219.4,68.20093363101279,1789.9500000000003,-21.28872344,20.72727272727273,4.134,5.260000000000002e-21,2.0276,6.120000000000001,0.16999999999999993,0.3599999999999999,4.0,1.5200000000000005,60.0,81.0,89.0,613.0,8.737094040000002,20.0,6.380000000000001,6.999999999999999e-22,0.9570000000000001,1.3999999999999995,0.0037359999999999984,0.019143999999999994,2.0,0.31942400000000004,496.0,913.0400000000002,774.888888888889,39006.56000000001,11.484732370025231,65.21225,5.760824000000001,7.007999999999996e-44,0.13144744000000003,0.21759999999999988,25.0,394.1,"
    Formula: Co1 Cr1 Fe1 Mn1 Ni1
    avg_Atomic_Radius: 1.5680000000000003
    avg_Pauling_Electronegativity: 1.766
    avg_number_of_valence_electrons: 8.0
    avg_Cohesive_energy_ev_atom: 4.026000000000001
    avg_Bulk_modulus_RT_Gpa: 162.0
    avg_Elastic_modulus_RT_Gpa: 219.4
    avg_Melting_point_(K): 1789.9500000000003
    avg_lattice_constant_A: 4.134
    avg_BEC_percm3: 5.260000000000002e-21
    avg_Av.Valence_bond_strength_ev: 2.0276
    avg_EngelZ_e/a: 6.120000000000001
    Temperature: 25.0
    "
Co1 Cr1 Fe1 Mn1 Ni1,1.5680000000000003,1.766,8.0,4.026000000000001,162.0,219.4,68.20093363101279,1789.9500000000003,-21.28872344,20.72727272727273,4.134,5.260000000000002e-21,2.0276,6.120000000000001,0.16999999999999993,0.3599999999999999,4.0,1.5200000000000005,60.0,81.0,89.0,613.0,8.737094040000002,20.0,6.380000000000001,6.999999999999999e-22,0.9570000000000001,1.3999999999999995,0.0037359999999999984,0.019143999999999994,2.0,0.31942400000000004,496.0,913.0400000000002,774.888888888889,39006.56000000001,11.484732370025231,65.21225,5.760824000000001,7.007999999999996e-44,0.13144744000000003,0.21759999999999988,25.0,430.7,"
    Formula: Co1 Cr1 Fe1 Mn1 Ni1
    avg_Atomic_Radius: 1.5680000000000003
    avg_Pauling_Electronegativity: 1.766
    avg_number_of_valence_electrons: 8.0
    avg_Cohesive_energy_ev_atom: 4.026000000000001
    avg_Bulk_modulus_RT_Gpa: 162.0
    avg_Elastic_modulus_RT_Gpa: 219.4
    avg_Melting_point_(K): 1789.9500000000003
    avg_lattice_constant_A: 4.134
    avg_BEC_percm3: 5.260000000000002e-21
    avg_Av.Valence_bond_strength_ev: 2.0276
    avg_EngelZ_e/a: 6.120000000000001
    Temperature: 25.0
    "
Nb1 Ta1 Ti1 V1,1.8625,1.5675000000000001,4.75,6.4575,160.0,133.75,49.5,2526.65,-9.1459090685,100.0,3.1449999999999996,2.8250000000000005e-21,3.5789999999999997,4.75,0.29000000000000004,0.1299999999999999,1.0,3.25,90.0,81.0,31.0,1336.0,5.317475142,0.0,0.3599999999999999,1.3700000000000002e-21,1.8359999999999999,1.0,0.01661875,0.0025687499999999977,0.1875,1.9590687500000004,1050.0,976.1875,137.25,270422.75,4.067518776989921,0.0,0.026224999999999974,2.449250000000001e-43,0.5734664999999999,0.1875,25.0,427.9,"
    Formula: Nb1 Ta1 Ti1 V1
    avg_Atomic_Radius: 1.8625
    avg_Pauling_Electronegativity: 1.5675000000000001
    avg_number_of_valence_electrons: 4.75
    avg_Cohesive_energy_ev_atom: 6.4575
    avg_Bulk_modulus_RT_Gpa: 160.0
    avg_Elastic_modulus_RT_Gpa: 133.75
    avg_Melting_point_(K): 2526.65
    avg_lattice_constant_A: 3.1449999999999996
    avg_BEC_percm3: 2.8250000000000005e-21
    avg_Av.Valence_bond_strength_ev: 3.5789999999999997
    avg_EngelZ_e/a: 4.75
    Temperature: 25.0
    "
Nb1 Ta1 Ti1 V1,1.8625,1.5675000000000001,4.75,6.4575,160.0,133.75,49.5,2526.65,-9.1459090685,100.0,3.1449999999999996,2.8250000000000005e-21,3.5789999999999997,4.75,0.29000000000000004,0.1299999999999999,1.0,3.25,90.0,81.0,31.0,1336.0,5.317475142,0.0,0.3599999999999999,1.3700000000000002e-21,1.8359999999999999,1.0,0.01661875,0.0025687499999999977,0.1875,1.9590687500000004,1050.0,976.1875,137.25,270422.75,4.067518776989921,0.0,0.026224999999999974,2.449250000000001e-43,0.5734664999999999,0.1875,25.0,444.3,"
    Formula: Nb1 Ta1 Ti1 V1
    avg_Atomic_Radius: 1.8625
    avg_Pauling_Electronegativity: 1.5675000000000001
    avg_number_of_valence_electrons: 4.75
    avg_Cohesive_energy_ev_atom: 6.4575
    avg_Bulk_modulus_RT_Gpa: 160.0
    avg_Elastic_modulus_RT_Gpa: 133.75
    avg_Melting_point_(K): 2526.65
    avg_lattice_constant_A: 3.1449999999999996
    avg_BEC_percm3: 2.8250000000000005e-21
    avg_Av.Valence_bond_strength_ev: 3.5789999999999997
    avg_EngelZ_e/a: 4.75
    Temperature: 25.0
    "
Nb1 Ta1 Ti1 V1,1.8625,1.5675000000000001,4.75,6.4575,160.0,133.75,49.5,2526.65,-9.1459090685,100.0,3.1449999999999996,2.8250000000000005e-21,3.5789999999999997,4.75,0.29000000000000004,0.1299999999999999,1.0,3.25,90.0,81.0,31.0,1336.0,5.317475142,0.0,0.3599999999999999,1.3700000000000002e-21,1.8359999999999999,1.0,0.01661875,0.0025687499999999977,0.1875,1.9590687500000004,1050.0,976.1875,137.25,270422.75,4.067518776989921,0.0,0.026224999999999974,2.449250000000001e-43,0.5734664999999999,0.1875,25.0,510.9,"
    Formula: Nb1 Ta1 Ti1 V1
    avg_Atomic_Radius: 1.8625
    avg_Pauling_Electronegativity: 1.5675000000000001
    avg_number_of_valence_electrons: 4.75
    avg_Cohesive_energy_ev_atom: 6.4575
    avg_Bulk_modulus_RT_Gpa: 160.0
    avg_Elastic_modulus_RT_Gpa: 133.75
    avg_Melting_point_(K): 2526.65
    avg_lattice_constant_A: 3.1449999999999996
    avg_BEC_percm3: 2.8250000000000005e-21
    avg_Av.Valence_bond_strength_ev: 3.5789999999999997
    avg_EngelZ_e/a: 4.75
    Temperature: 25.0
    "
Co1 Cr1 Fe1 Mn1 Ni1,1.5680000000000003,1.766,8.0,4.026000000000001,162.0,219.4,68.20093363101279,1789.9500000000003,-21.28872344,20.72727272727273,4.134,5.260000000000002e-21,2.0276,6.120000000000001,0.16999999999999993,0.3599999999999999,4.0,1.5200000000000005,60.0,81.0,89.0,613.0,8.737094040000002,20.0,6.380000000000001,6.999999999999999e-22,0.9570000000000001,1.3999999999999995,0.0037359999999999984,0.019143999999999994,2.0,0.31942400000000004,496.0,913.0400000000002,774.888888888889,39006.56000000001,11.484732370025231,65.21225,5.760824000000001,7.007999999999996e-44,0.13144744000000003,0.21759999999999988,25.0,415.0,"
    Formula: Co1 Cr1 Fe1 Mn1 Ni1
    avg_Atomic_Radius: 1.5680000000000003
    avg_Pauling_Electronegativity: 1.766
    avg_number_of_valence_electrons: 8.0
    avg_Cohesive_energy_ev_atom: 4.026000000000001
    avg_Bulk_modulus_RT_Gpa: 162.0
    avg_Elastic_modulus_RT_Gpa: 219.4
    avg_Melting_point_(K): 1789.9500000000003
    avg_lattice_constant_A: 4.134
    avg_BEC_percm3: 5.260000000000002e-21
    avg_Av.Valence_bond_strength_ev: 2.0276
    avg_EngelZ_e/a: 6.120000000000001
    Temperature: 25.0
    "
Al0.1 Co1 Cr1 Fe1 Mn1 Ni1,1.5603921568627452,1.7629411764705882,7.901960784313727,4.013529411764707,160.31372549019608,216.47058823529412,68.20093363101279,1773.15,-21.28872344,20.72727272727273,4.132352941176471,5.192352941176471e-21,2.036745098039216,6.0588235294117645,0.48,0.3599999999999999,7.0,1.5200000000000005,104.0,209.0,89.0,1197.0,8.737094040000002,20.0,6.380000000000001,3.75e-21,1.0970000000000002,3.8,0.024022222222222226,0.019333333333333317,5.138888888888889,0.3223666666666667,1440.5555555555557,3860.9166666666665,774.888888888889,134464.66666666672,11.484732370025231,65.21225,4.801666666666668,1.7115250000000002e-42,0.13975188888888893,1.5333333333333332,25.0,432.0,"
    Formula: Al0.1 Co1 Cr1 Fe1 Mn1 Ni1
    avg_Atomic_Radius: 1.5603921568627452
    avg_Pauling_Electronegativity: 1.7629411764705882
    avg_number_of_valence_electrons: 7.901960784313727
    avg_Cohesive_energy_ev_atom: 4.013529411764707
    avg_Bulk_modulus_RT_Gpa: 160.31372549019608
    avg_Elastic_modulus_RT_Gpa: 216.47058823529412
    avg_Melting_point_(K): 1773.15
    avg_lattice_constant_A: 4.132352941176471
    avg_BEC_percm3: 5.192352941176471e-21
    avg_Av.Valence_bond_strength_ev: 2.036745098039216
    avg_EngelZ_e/a: 6.0588235294117645
    Temperature: 25.0
    "
Al0.3 Co1 Cr1 Fe1 Mn1 Ni1,1.546037735849057,1.7571698113207548,7.716981132075471,3.99,157.13207547169813,210.9433962264151,68.20093363101279,1741.451886792453,-21.28872344,20.72727272727273,4.129245283018868,5.064716981132077e-21,2.0540000000000003,5.9433962264150955,0.48,0.3599999999999999,7.0,1.5200000000000005,104.0,209.0,89.0,1197.0,8.737094040000002,20.0,6.380000000000001,3.75e-21,1.0970000000000002,3.8,0.024022222222222226,0.019333333333333317,5.138888888888889,0.3223666666666667,1440.5555555555557,3860.9166666666665,774.888888888889,134464.66666666672,11.484732370025231,65.21225,4.801666666666668,1.7115250000000002e-42,0.13975188888888893,1.5333333333333332,25.0,511.0,"
    Formula: Al0.3 Co1 Cr1 Fe1 Mn1 Ni1
    avg_Atomic_Radius: 1.546037735849057
    avg_Pauling_Electronegativity: 1.7571698113207548
    avg_number_of_valence_electrons: 7.716981132075471
    avg_Cohesive_energy_ev_atom: 3.99
    avg_Bulk_modulus_RT_Gpa: 157.13207547169813
    avg_Elastic_modulus_RT_Gpa: 210.9433962264151
    avg_Melting_point_(K): 1741.451886792453
    avg_lattice_constant_A: 4.129245283018868
    avg_BEC_percm3: 5.064716981132077e-21
    avg_Av.Valence_bond_strength_ev: 2.0540000000000003
    avg_EngelZ_e/a: 5.9433962264150955
    Temperature: 25.0
    "
Al0.5 Co1 Cr1 Fe1 Mn1 Ni1,1.532727272727273,1.751818181818182,7.545454545454546,3.968181818181818,154.18181818181816,205.81818181818184,68.20093363101279,1712.059090909091,-21.28872344,20.72727272727273,4.126363636363636,4.9463636363636365e-21,2.07,5.836363636363636,0.48,0.3599999999999999,7.0,1.5200000000000005,104.0,209.0,89.0,1197.0,8.737094040000002,20.0,6.380000000000001,3.75e-21,1.0970000000000002,3.8,0.024022222222222226,0.019333333333333317,5.138888888888889,0.3223666666666667,1440.5555555555557,3860.9166666666665,774.888888888889,134464.66666666672,11.484732370025231,65.21225,4.801666666666668,1.7115250000000002e-42,0.13975188888888893,1.5333333333333332,25.0,553.0,"
    Formula: Al0.5 Co1 Cr1 Fe1 Mn1 Ni1
    avg_Atomic_Radius: 1.532727272727273
    avg_Pauling_Electronegativity: 1.751818181818182
    avg_number_of_valence_electrons: 7.545454545454546
    avg_Cohesive_energy_ev_atom: 3.968181818181818
    avg_Bulk_modulus_RT_Gpa: 154.18181818181816
    avg_Elastic_modulus_RT_Gpa: 205.81818181818184
    avg_Melting_point_(K): 1712.059090909091
    avg_lattice_constant_A: 4.126363636363636
    avg_BEC_percm3: 4.9463636363636365e-21
    avg_Av.Valence_bond_strength_ev: 2.07
    avg_EngelZ_e/a: 5.836363636363636
    Temperature: 25.0
    "
Al0.7 Co1 Cr1 Fe1 Mn1 Ni1,1.5203508771929823,1.7468421052631575,7.385964912280702,3.9478947368421053,151.43859649122805,201.05263157894734,68.20093363101279,1684.7289473684211,-21.28872344,20.72727272727273,4.123684210526315,4.836315789473685e-21,2.0848771929824563,5.736842105263158,0.48,0.3599999999999999,7.0,1.5200000000000005,104.0,209.0,89.0,1197.0,8.737094040000002,20.0,6.380000000000001,3.75e-21,1.0970000000000002,3.8,0.024022222222222226,0.019333333333333317,5.138888888888889,0.3223666666666667,1440.5555555555557,3860.9166666666665,774.888888888889,134464.66666666672,11.484732370025231,65.21225,4.801666666666668,1.7115250000000002e-42,0.13975188888888893,1.5333333333333332,25.0,622.0,"
    Formula: Al0.7 Co1 Cr1 Fe1 Mn1 Ni1
    avg_Atomic_Radius: 1.5203508771929823
    avg_Pauling_Electronegativity: 1.7468421052631575
    avg_number_of_valence_electrons: 7.385964912280702
    avg_Cohesive_energy_ev_atom: 3.9478947368421053
    avg_Bulk_modulus_RT_Gpa: 151.43859649122805
    avg_Elastic_modulus_RT_Gpa: 201.05263157894734
    avg_Melting_point_(K): 1684.7289473684211
    avg_lattice_constant_A: 4.123684210526315
    avg_BEC_percm3: 4.836315789473685e-21
    avg_Av.Valence_bond_strength_ev: 2.0848771929824563
    avg_EngelZ_e/a: 5.736842105263158
    Temperature: 25.0
    "
Al1 Co1 Cr1 Fe1 Mn1 Ni1,1.5033333333333332,1.7399999999999998,7.166666666666666,3.92,147.66666666666666,194.5,68.20093363101279,1647.1499999999999,-21.28872344,20.72727272727273,4.12,4.685e-21,2.1053333333333333,5.6,0.48,0.3599999999999999,7.0,1.5200000000000005,104.0,209.0,89.0,1197.0,8.737094040000002,20.0,6.380000000000001,3.75e-21,1.0970000000000002,3.8,0.024022222222222226,0.019333333333333317,5.138888888888889,0.3223666666666667,1440.5555555555557,3860.9166666666665,774.888888888889,134464.66666666672,11.484732370025231,65.21225,4.801666666666668,1.7115250000000002e-42,0.13975188888888893,1.5333333333333332,25.0,684.0,"
    Formula: Al1 Co1 Cr1 Fe1 Mn1 Ni1
    avg_Atomic_Radius: 1.5033333333333332
    avg_Pauling_Electronegativity: 1.7399999999999998
    avg_number_of_valence_electrons: 7.166666666666666
    avg_Cohesive_energy_ev_atom: 3.92
    avg_Bulk_modulus_RT_Gpa: 147.66666666666666
    avg_Elastic_modulus_RT_Gpa: 194.5
    avg_Melting_point_(K): 1647.1499999999999
    avg_lattice_constant_A: 4.12
    avg_BEC_percm3: 4.685e-21
    avg_Av.Valence_bond_strength_ev: 2.1053333333333333
    avg_EngelZ_e/a: 5.6
    Temperature: 25.0
    "
Co1 Cr1 Fe1 Ni1,1.5575,1.82,8.25,4.3025,172.5,224.75,87.0,1858.15,-23.617930147499997,11.1,2.945,5.185000000000001e-21,2.18525,5.949999999999999,0.16999999999999993,0.25,4.0,0.34000000000000075,20.0,79.0,40.0,404.0,3.994522270000001,20.0,1.0100000000000002,5.799999999999998e-22,0.5030000000000001,1.0,0.004118749999999996,0.00935,2.1875,0.017018750000000048,68.75,998.1875,268.5,25502.0,2.166019316930795,67.015,0.13242500000000007,5.947499999999993e-44,0.040041687500000006,0.12749999999999997,25.0,94.7,"
    Formula: Co1 Cr1 Fe1 Ni1
    avg_Atomic_Radius: 1.5575
    avg_Pauling_Electronegativity: 1.82
    avg_number_of_valence_electrons: 8.25
    avg_Cohesive_energy_ev_atom: 4.3025
    avg_Bulk_modulus_RT_Gpa: 172.5
    avg_Elastic_modulus_RT_Gpa: 224.75
    avg_Melting_point_(K): 1858.15
    avg_lattice_constant_A: 2.945
    avg_BEC_percm3: 5.185000000000001e-21
    avg_Av.Valence_bond_strength_ev: 2.18525
    avg_EngelZ_e/a: 5.949999999999999
    Temperature: 25.0
    "
Al0.3 Co1 Cr1 Fe1 Ni1,1.5311627906976746,1.805348837209302,7.883720930232558,4.238837209302325,165.7674418604651,213.95348837209303,82.74418604651163,1793.6151162790698,-23.34924923023256,11.693023255813953,3.022093023255814,4.94953488372093e-21,2.2067906976744185,5.7441860465116275,0.48,0.2999999999999998,7.0,1.0500000000000003,104.0,209.0,89.0,1197.0,6.253642030000002,20.0,1.54,3.63e-21,0.6430000000000002,3.4000000000000004,0.026096,0.01453599999999999,6.16,0.14684,1544.96,4630.16,810.16,157301.60000000003,4.105762402460071,65.172,0.301304,1.8700800000000003e-42,0.047285600000000025,1.4944000000000002,25.0,117.0,"
    Formula: Al0.3 Co1 Cr1 Fe1 Ni1
    avg_Atomic_Radius: 1.5311627906976746
    avg_Pauling_Electronegativity: 1.805348837209302
    avg_number_of_valence_electrons: 7.883720930232558
    avg_Cohesive_energy_ev_atom: 4.238837209302325
    avg_Bulk_modulus_RT_Gpa: 165.7674418604651
    avg_Elastic_modulus_RT_Gpa: 213.95348837209303
    avg_Melting_point_(K): 1793.6151162790698
    avg_lattice_constant_A: 3.022093023255814
    avg_BEC_percm3: 4.94953488372093e-21
    avg_Av.Valence_bond_strength_ev: 2.2067906976744185
    avg_EngelZ_e/a: 5.7441860465116275
    Temperature: 25.0
    "
Al0.6 Co1 Cr1 Fe1 Ni1,1.5082608695652175,1.792608695652174,7.5652173913043494,4.183478260869566,159.91304347826087,204.56521739130437,79.04347826086958,1737.4978260869566,-23.11561365,12.208695652173912,3.0891304347826085,4.744782608695653e-21,2.2255217391304347,5.565217391304348,0.48,0.2999999999999998,7.0,1.0500000000000003,104.0,209.0,89.0,1197.0,6.253642030000002,20.0,1.54,3.63e-21,0.6430000000000002,3.4000000000000004,0.026096,0.01453599999999999,6.16,0.14684,1544.96,4630.16,810.16,157301.60000000003,4.105762402460071,65.172,0.301304,1.8700800000000003e-42,0.047285600000000025,1.4944000000000002,25.0,228.0,"
    Formula: Al0.6 Co1 Cr1 Fe1 Ni1
    avg_Atomic_Radius: 1.5082608695652175
    avg_Pauling_Electronegativity: 1.792608695652174
    avg_number_of_valence_electrons: 7.5652173913043494
    avg_Cohesive_energy_ev_atom: 4.183478260869566
    avg_Bulk_modulus_RT_Gpa: 159.91304347826087
    avg_Elastic_modulus_RT_Gpa: 204.56521739130437
    avg_Melting_point_(K): 1737.4978260869566
    avg_lattice_constant_A: 3.0891304347826085
    avg_BEC_percm3: 4.744782608695653e-21
    avg_Av.Valence_bond_strength_ev: 2.2255217391304347
    avg_EngelZ_e/a: 5.565217391304348
    Temperature: 25.0
    "
Al0.9 Co1 Cr1 Fe1 Ni1,1.488163265306122,1.7814285714285714,7.285714285714285,4.1348979591836725,154.77551020408163,196.32653061224485,75.79591836734693,1688.2520408163266,-22.910586508163263,12.661224489795917,3.1479591836734686,4.565102040816326e-21,2.2419591836734694,5.408163265306122,0.48,0.2999999999999998,7.0,1.0500000000000003,104.0,209.0,89.0,1197.0,6.253642030000002,20.0,1.54,3.63e-21,0.6430000000000002,3.4000000000000004,0.026096,0.01453599999999999,6.16,0.14684,1544.96,4630.16,810.16,157301.60000000003,4.105762402460071,65.172,0.301304,1.8700800000000003e-42,0.047285600000000025,1.4944000000000002,25.0,511.0,"
    Formula: Al0.9 Co1 Cr1 Fe1 Ni1
    avg_Atomic_Radius: 1.488163265306122
    avg_Pauling_Electronegativity: 1.7814285714285714
    avg_number_of_valence_electrons: 7.285714285714285
    avg_Cohesive_energy_ev_atom: 4.1348979591836725
    avg_Bulk_modulus_RT_Gpa: 154.77551020408163
    avg_Elastic_modulus_RT_Gpa: 196.32653061224485
    avg_Melting_point_(K): 1688.2520408163266
    avg_lattice_constant_A: 3.1479591836734686
    avg_BEC_percm3: 4.565102040816326e-21
    avg_Av.Valence_bond_strength_ev: 2.2419591836734694
    avg_EngelZ_e/a: 5.408163265306122
    Temperature: 25.0
    "
Al0.9 Co1 Cr1 Fe1 Ni1 Ti0.5,1.5133333333333332,1.7590740740740738,6.981481481481481,4.2011111111111115,150.62962962962962,188.88888888888889,72.85185185185185,1710.927777777778,-21.844569279629628,20.748148148148147,3.129629629629629,4.349814814814815e-21,2.3056666666666668,5.277777777777778,0.5800000000000001,0.3699999999999999,7.0,1.4599999999999995,104.0,209.0,89.0,1197.0,14.622878590000001,95.0,1.54,3.63e-21,1.0790000000000002,3.4000000000000004,0.03248055555555556,0.019980555555555543,6.555555555555556,0.19638055555555547,1546.6666666666667,4699.13888888889,806.888888888889,140473.5555555556,21.630502515735937,1110.398888888889,0.25756666666666667,2.274080555555556e-42,0.1041948055555556,1.5022222222222226,25.0,623.0,"
    Formula: Al0.9 Co1 Cr1 Fe1 Ni1 Ti0.5
    avg_Atomic_Radius: 1.5133333333333332
    avg_Pauling_Electronegativity: 1.7590740740740738
    avg_number_of_valence_electrons: 6.981481481481481
    avg_Cohesive_energy_ev_atom: 4.2011111111111115
    avg_Bulk_modulus_RT_Gpa: 150.62962962962962
    avg_Elastic_modulus_RT_Gpa: 188.88888888888889
    avg_Melting_point_(K): 1710.927777777778
    avg_lattice_constant_A: 3.129629629629629
    avg_BEC_percm3: 4.349814814814815e-21
    avg_Av.Valence_bond_strength_ev: 2.3056666666666668
    avg_EngelZ_e/a: 5.277777777777778
    Temperature: 25.0
    "
Al1 Co1 Cr1 Ni1,1.4625000000000001,1.7650000000000001,7.0,4.08,149.0,189.5,73.0,1639.4,-22.7264056825,13.725000000000001,3.2399999999999998,4.2775e-21,2.346,5.1,0.48,0.2999999999999998,7.0,1.0500000000000003,104.0,209.0,89.0,1197.0,6.253642030000002,20.0,1.54,3.59e-21,0.28200000000000003,3.0,0.030718749999999996,0.017324999999999986,7.5,0.17554999999999998,1843.0,5695.25,996.5,190931.68750000006,5.058627474443323,77.186875,0.34925000000000006,2.0673187500000004e-42,0.010102000000000005,1.53,25.0,1183.0,"
    Formula: Al1 Co1 Cr1 Ni1
    avg_Atomic_Radius: 1.4625000000000001
    avg_Pauling_Electronegativity: 1.7650000000000001
    avg_number_of_valence_electrons: 7.0
    avg_Cohesive_energy_ev_atom: 4.08
    avg_Bulk_modulus_RT_Gpa: 149.0
    avg_Elastic_modulus_RT_Gpa: 189.5
    avg_Melting_point_(K): 1639.4
    avg_lattice_constant_A: 3.2399999999999998
    avg_BEC_percm3: 4.2775e-21
    avg_Av.Valence_bond_strength_ev: 2.346
    avg_EngelZ_e/a: 5.1
    Temperature: 25.0
    "
Cr1 Mo1 Nb1 Ta1 V1 W1,1.8633333333333333,1.8183333333333331,5.499999999999999,6.8,204.99999999999997,239.66666666666666,75.0,2812.8166666666666,-11.911288738333333,87.49999999999997,3.1366666666666667,3.6216666666666664e-21,3.8856666666666664,5.499999999999999,0.3400000000000001,0.8599999999999999,1.0,4.800000000000001,150.0,306.0,141.0,1553.0,23.042646454,75.0,0.43000000000000016,2.3400000000000006e-21,2.7889999999999997,1.0,0.01715555555555556,0.10328055555555556,0.25,2.700566666666667,2825.0,12061.22222222222,2368.3333333333335,310822.8888888889,59.055134356898094,781.25,0.022822222222222226,6.1618055555555574e-43,0.996837222222222,0.25,25.0,1072.0,"
    Formula: Cr1 Mo1 Nb1 Ta1 V1 W1
    avg_Atomic_Radius: 1.8633333333333333
    avg_Pauling_Electronegativity: 1.8183333333333331
    avg_number_of_valence_electrons: 5.499999999999999
    avg_Cohesive_energy_ev_atom: 6.8
    avg_Bulk_modulus_RT_Gpa: 204.99999999999997
    avg_Elastic_modulus_RT_Gpa: 239.66666666666666
    avg_Melting_point_(K): 2812.8166666666666
    avg_lattice_constant_A: 3.1366666666666667
    avg_BEC_percm3: 3.6216666666666664e-21
    avg_Av.Valence_bond_strength_ev: 3.8856666666666664
    avg_EngelZ_e/a: 5.499999999999999
    Temperature: 25.0
    "
Cr1 Mo1 Nb1 Ta1 V1 W1,1.8633333333333333,1.8183333333333331,5.499999999999999,6.8,204.99999999999997,239.66666666666666,75.0,2812.8166666666666,-11.911288738333333,87.49999999999997,3.1366666666666667,3.6216666666666664e-21,3.8856666666666664,5.499999999999999,0.3400000000000001,0.8599999999999999,1.0,4.800000000000001,150.0,306.0,141.0,1553.0,23.042646454,75.0,0.43000000000000016,2.3400000000000006e-21,2.7889999999999997,1.0,0.01715555555555556,0.10328055555555556,0.25,2.700566666666667,2825.0,12061.22222222222,2368.3333333333335,310822.8888888889,59.055134356898094,781.25,0.022822222222222226,6.1618055555555574e-43,0.996837222222222,0.25,25.0,1010.0,"
    Formula: Cr1 Mo1 Nb1 Ta1 V1 W1
    avg_Atomic_Radius: 1.8633333333333333
    avg_Pauling_Electronegativity: 1.8183333333333331
    avg_number_of_valence_electrons: 5.499999999999999
    avg_Cohesive_energy_ev_atom: 6.8
    avg_Bulk_modulus_RT_Gpa: 204.99999999999997
    avg_Elastic_modulus_RT_Gpa: 239.66666666666666
    avg_Melting_point_(K): 2812.8166666666666
    avg_lattice_constant_A: 3.1366666666666667
    avg_BEC_percm3: 3.6216666666666664e-21
    avg_Av.Valence_bond_strength_ev: 3.8856666666666664
    avg_EngelZ_e/a: 5.499999999999999
    Temperature: 25.0
    "
Cr1 Mo1 Nb1 Ta1 V1 W1,1.8633333333333333,1.8183333333333331,5.499999999999999,6.8,204.99999999999997,239.66666666666666,75.0,2812.8166666666666,-11.911288738333333,87.49999999999997,3.1366666666666667,3.6216666666666664e-21,3.8856666666666664,5.499999999999999,0.3400000000000001,0.8599999999999999,1.0,4.800000000000001,150.0,306.0,141.0,1553.0,23.042646454,75.0,0.43000000000000016,2.3400000000000006e-21,2.7889999999999997,1.0,0.01715555555555556,0.10328055555555556,0.25,2.700566666666667,2825.0,12061.22222222222,2368.3333333333335,310822.8888888889,59.055134356898094,781.25,0.022822222222222226,6.1618055555555574e-43,0.996837222222222,0.25,25.0,991.3,"
    Formula: Cr1 Mo1 Nb1 Ta1 V1 W1
    avg_Atomic_Radius: 1.8633333333333333
    avg_Pauling_Electronegativity: 1.8183333333333331
    avg_number_of_valence_electrons: 5.499999999999999
    avg_Cohesive_energy_ev_atom: 6.8
    avg_Bulk_modulus_RT_Gpa: 204.99999999999997
    avg_Elastic_modulus_RT_Gpa: 239.66666666666666
    avg_Melting_point_(K): 2812.8166666666666
    avg_lattice_constant_A: 3.1366666666666667
    avg_BEC_percm3: 3.6216666666666664e-21
    avg_Av.Valence_bond_strength_ev: 3.8856666666666664
    avg_EngelZ_e/a: 5.499999999999999
    Temperature: 25.0
    "
Cr1 Mo1 Nb1 Ta1 V1 W1,1.8633333333333333,1.8183333333333331,5.499999999999999,6.8,204.99999999999997,239.66666666666666,75.0,2812.8166666666666,-11.911288738333333,87.49999999999997,3.1366666666666667,3.6216666666666664e-21,3.8856666666666664,5.499999999999999,0.3400000000000001,0.8599999999999999,1.0,4.800000000000001,150.0,306.0,141.0,1553.0,23.042646454,75.0,0.43000000000000016,2.3400000000000006e-21,2.7889999999999997,1.0,0.01715555555555556,0.10328055555555556,0.25,2.700566666666667,2825.0,12061.22222222222,2368.3333333333335,310822.8888888889,59.055134356898094,781.25,0.022822222222222226,6.1618055555555574e-43,0.996837222222222,0.25,25.0,988.3,"
    Formula: Cr1 Mo1 Nb1 Ta1 V1 W1
    avg_Atomic_Radius: 1.8633333333333333
    avg_Pauling_Electronegativity: 1.8183333333333331
    avg_number_of_valence_electrons: 5.499999999999999
    avg_Cohesive_energy_ev_atom: 6.8
    avg_Bulk_modulus_RT_Gpa: 204.99999999999997
    avg_Elastic_modulus_RT_Gpa: 239.66666666666666
    avg_Melting_point_(K): 2812.8166666666666
    avg_lattice_constant_A: 3.1366666666666667
    avg_BEC_percm3: 3.6216666666666664e-21
    avg_Av.Valence_bond_strength_ev: 3.8856666666666664
    avg_EngelZ_e/a: 5.499999999999999
    Temperature: 25.0
    "
Cr1 Mo1 Nb1 Ta1 V1 W1,1.8633333333333333,1.8183333333333331,5.499999999999999,6.8,204.99999999999997,239.66666666666666,75.0,2812.8166666666666,-11.911288738333333,87.49999999999997,3.1366666666666667,3.6216666666666664e-21,3.8856666666666664,5.499999999999999,0.3400000000000001,0.8599999999999999,1.0,4.800000000000001,150.0,306.0,141.0,1553.0,23.042646454,75.0,0.43000000000000016,2.3400000000000006e-21,2.7889999999999997,1.0,0.01715555555555556,0.10328055555555556,0.25,2.700566666666667,2825.0,12061.22222222222,2368.3333333333335,310822.8888888889,59.055134356898094,781.25,0.022822222222222226,6.1618055555555574e-43,0.996837222222222,0.25,25.0,704.6,"
    Formula: Cr1 Mo1 Nb1 Ta1 V1 W1
    avg_Atomic_Radius: 1.8633333333333333
    avg_Pauling_Electronegativity: 1.8183333333333331
    avg_number_of_valence_electrons: 5.499999999999999
    avg_Cohesive_energy_ev_atom: 6.8
    avg_Bulk_modulus_RT_Gpa: 204.99999999999997
    avg_Elastic_modulus_RT_Gpa: 239.66666666666666
    avg_Melting_point_(K): 2812.8166666666666
    avg_lattice_constant_A: 3.1366666666666667
    avg_BEC_percm3: 3.6216666666666664e-21
    avg_Av.Valence_bond_strength_ev: 3.8856666666666664
    avg_EngelZ_e/a: 5.499999999999999
    Temperature: 25.0
    "
Co1 Cr1 Cu1 Fe1 Ni1,1.5360000000000003,1.8360000000000003,8.8,4.14,166.0,205.8,79.2,1757.7500000000002,-23.023491764000003,10.0,3.078,4.854e-21,2.208,5.58,0.20999999999999996,0.25,5.0,0.9500000000000002,40.0,149.0,67.0,774.0,5.374740800000001,20.0,1.1,1.9100000000000005e-21,0.5030000000000001,2.3000000000000007,0.0051439999999999975,0.008503999999999998,2.96,0.11923999999999997,224.0,2234.9599999999996,458.16000000000014,60722.240000000005,3.146243420657009,58.452,0.17669600000000002,4.858240000000002e-43,0.0341036,0.6496000000000003,25.0,160.0,"
    Formula: Co1 Cr1 Cu1 Fe1 Ni1
    avg_Atomic_Radius: 1.5360000000000003
    avg_Pauling_Electronegativity: 1.8360000000000003
    avg_number_of_valence_electrons: 8.8
    avg_Cohesive_energy_ev_atom: 4.14
    avg_Bulk_modulus_RT_Gpa: 166.0
    avg_Elastic_modulus_RT_Gpa: 205.8
    avg_Melting_point_(K): 1757.7500000000002
    avg_lattice_constant_A: 3.078
    avg_BEC_percm3: 4.854e-21
    avg_Av.Valence_bond_strength_ev: 2.208
    avg_EngelZ_e/a: 5.58
    Temperature: 25.0
    "
Al0.5 Co1 Cr1 Cu1 Fe1 Ni1,1.5036363636363639,1.8154545454545454,8.272727272727273,4.071818181818182,157.8181818181818,193.45454545454547,74.36363636363636,1682.7863636363636,-22.727432240000002,10.872727272727271,3.1663636363636365,4.577272727272728e-21,2.234,5.345454545454546,0.48,0.2999999999999998,8.0,1.0500000000000003,104.0,209.0,89.0,1197.0,6.253642030000002,20.0,1.54,3.63e-21,0.6430000000000002,3.4000000000000004,0.021888888888888892,0.014180555555555545,7.138888888888888,0.17749166666666663,1311.6666666666667,4423.805555555556,774.888888888889,145041.47222222228,4.094897329975828,61.51,0.27846666666666664,1.691788888888889e-42,0.03978022222222224,1.4658333333333335,25.0,160.0,"
    Formula: Al0.5 Co1 Cr1 Cu1 Fe1 Ni1
    avg_Atomic_Radius: 1.5036363636363639
    avg_Pauling_Electronegativity: 1.8154545454545454
    avg_number_of_valence_electrons: 8.272727272727273
    avg_Cohesive_energy_ev_atom: 4.071818181818182
    avg_Bulk_modulus_RT_Gpa: 157.8181818181818
    avg_Elastic_modulus_RT_Gpa: 193.45454545454547
    avg_Melting_point_(K): 1682.7863636363636
    avg_lattice_constant_A: 3.1663636363636365
    avg_BEC_percm3: 4.577272727272728e-21
    avg_Av.Valence_bond_strength_ev: 2.234
    avg_EngelZ_e/a: 5.345454545454546
    Temperature: 25.0
    "
Al1 Co1 Cr1 Cu1 Fe1 Ni1,1.4766666666666666,1.7983333333333331,7.833333333333332,4.015,151.0,183.16666666666663,70.33333333333333,1620.3166666666666,-22.480715970000002,11.6,3.24,4.346666666666667e-21,2.2556666666666665,5.15,0.48,0.2999999999999998,8.0,1.0500000000000003,104.0,209.0,89.0,1197.0,6.253642030000002,20.0,1.54,3.63e-21,0.6430000000000002,3.4000000000000004,0.021888888888888892,0.014180555555555545,7.138888888888888,0.17749166666666663,1311.6666666666667,4423.805555555556,774.888888888889,145041.47222222228,4.094897329975828,61.51,0.27846666666666664,1.691788888888889e-42,0.03978022222222224,1.4658333333333335,25.0,458.0,"
    Formula: Al1 Co1 Cr1 Cu1 Fe1 Ni1
    avg_Atomic_Radius: 1.4766666666666666
    avg_Pauling_Electronegativity: 1.7983333333333331
    avg_number_of_valence_electrons: 7.833333333333332
    avg_Cohesive_energy_ev_atom: 4.015
    avg_Bulk_modulus_RT_Gpa: 151.0
    avg_Elastic_modulus_RT_Gpa: 183.16666666666663
    avg_Melting_point_(K): 1620.3166666666666
    avg_lattice_constant_A: 3.24
    avg_BEC_percm3: 4.346666666666667e-21
    avg_Av.Valence_bond_strength_ev: 2.2556666666666665
    avg_EngelZ_e/a: 5.15
    Temperature: 25.0
    "
Al1 Co0.667 Cr0.667 Cu0.667 Fe0.667 Ni0.667,1.4538777393310267,1.783866205305652,7.462053056516725,3.9669896193771628,145.23875432525952,174.4735870818916,66.92779700115342,1567.5308535178779,-22.27224499029758,12.214532871972319,3.302221453287198,4.1518085351787784e-21,2.2739746251441755,4.98484429065744,0.48,0.2999999999999998,8.0,1.0500000000000003,104.0,209.0,89.0,1197.0,6.253642030000002,20.0,1.54,3.63e-21,0.6430000000000002,3.4000000000000004,0.021888888888888892,0.014180555555555545,7.138888888888888,0.17749166666666663,1311.6666666666667,4423.805555555556,774.888888888889,145041.47222222228,4.094897329975828,61.51,0.27846666666666664,1.691788888888889e-42,0.03978022222222224,1.4658333333333335,25.0,498.0,"
    Formula: Al1 Co0.667 Cr0.667 Cu0.667 Fe0.667 Ni0.667
    avg_Atomic_Radius: 1.4538777393310267
    avg_Pauling_Electronegativity: 1.783866205305652
    avg_number_of_valence_electrons: 7.462053056516725
    avg_Cohesive_energy_ev_atom: 3.9669896193771628
    avg_Bulk_modulus_RT_Gpa: 145.23875432525952
    avg_Elastic_modulus_RT_Gpa: 174.4735870818916
    avg_Melting_point_(K): 1567.5308535178779
    avg_lattice_constant_A: 3.302221453287198
    avg_BEC_percm3: 4.1518085351787784e-21
    avg_Av.Valence_bond_strength_ev: 2.2739746251441755
    avg_EngelZ_e/a: 4.98484429065744
    Temperature: 25.0
    "
Al1 Co0.5 Cr0.5 Cu0.5 Fe0.5 Ni0.5,1.4342857142857142,1.7714285714285714,7.142857142857142,3.925714285714286,140.28571428571428,167.0,63.99999999999999,1522.15,-22.093018974285712,12.742857142857142,3.3557142857142854,3.984285714285714e-21,2.289714285714286,4.8428571428571425,0.48,0.2999999999999998,8.0,1.0500000000000003,104.0,209.0,89.0,1197.0,6.253642030000002,20.0,1.54,3.63e-21,0.6430000000000002,3.4000000000000004,0.021888888888888892,0.014180555555555545,7.138888888888888,0.17749166666666663,1311.6666666666667,4423.805555555556,774.888888888889,145041.47222222228,4.094897329975828,61.51,0.27846666666666664,1.691788888888889e-42,0.03978022222222224,1.4658333333333335,25.0,560.0,"
    Formula: Al1 Co0.5 Cr0.5 Cu0.5 Fe0.5 Ni0.5
    avg_Atomic_Radius: 1.4342857142857142
    avg_Pauling_Electronegativity: 1.7714285714285714
    avg_number_of_valence_electrons: 7.142857142857142
    avg_Cohesive_energy_ev_atom: 3.925714285714286
    avg_Bulk_modulus_RT_Gpa: 140.28571428571428
    avg_Elastic_modulus_RT_Gpa: 167.0
    avg_Melting_point_(K): 1522.15
    avg_lattice_constant_A: 3.3557142857142854
    avg_BEC_percm3: 3.984285714285714e-21
    avg_Av.Valence_bond_strength_ev: 2.289714285714286
    avg_EngelZ_e/a: 4.8428571428571425
    Temperature: 25.0
    "
Al1 Co0.5 Cr1 Fe0.147 Ni0.294,1.4509962597755863,1.7138898333900032,5.989799387963278,3.9508738524311457,137.33764025841552,184.7388643318599,72.3896633798028,1605.121098265896,-22.787958761230872,17.020639238354303,3.2783985039102346,4.004937096225774e-21,2.3493209792587555,4.939952397143829,0.48,0.2999999999999998,7.0,1.0500000000000003,104.0,209.0,89.0,1197.0,6.253642030000002,20.0,1.54,3.63e-21,0.6430000000000002,3.4000000000000004,0.026096,0.01453599999999999,6.16,0.14684,1544.96,4630.16,810.16,157301.60000000003,4.105762402460071,65.172,0.301304,1.8700800000000003e-42,0.047285600000000025,1.4944000000000002,25.0,699.0,"
    Formula: Al1 Co0.5 Cr1 Fe0.147 Ni0.294
    avg_Atomic_Radius: 1.4509962597755863
    avg_Pauling_Electronegativity: 1.7138898333900032
    avg_number_of_valence_electrons: 5.989799387963278
    avg_Cohesive_energy_ev_atom: 3.9508738524311457
    avg_Bulk_modulus_RT_Gpa: 137.33764025841552
    avg_Elastic_modulus_RT_Gpa: 184.7388643318599
    avg_Melting_point_(K): 1605.121098265896
    avg_lattice_constant_A: 3.2783985039102346
    avg_BEC_percm3: 4.004937096225774e-21
    avg_Av.Valence_bond_strength_ev: 2.3493209792587555
    avg_EngelZ_e/a: 4.939952397143829
    Temperature: 25.0
    "
Al1 Co0.298 Cr0.319 Cu0.106 Fe0.277 Ni0.128,1.381127819548872,1.7164332706766918,5.760338345864661,3.820460526315789,124.83552631578948,149.95770676691728,57.59633458646616,1412.1866541353381,-21.728663968970867,15.464614661654137,3.4515554511278195,3.53858082706767e-21,2.3298848684210527,4.51156015037594,0.48,0.2999999999999998,8.0,1.0500000000000003,104.0,209.0,89.0,1197.0,6.253642030000002,20.0,1.54,3.63e-21,0.6430000000000002,3.4000000000000004,0.021888888888888892,0.014180555555555545,7.138888888888888,0.17749166666666663,1311.6666666666667,4423.805555555556,774.888888888889,145041.47222222228,4.094897329975828,61.51,0.27846666666666664,1.691788888888889e-42,0.03978022222222224,1.4658333333333335,25.0,728.0,"
    Formula: Al1 Co0.298 Cr0.319 Cu0.106 Fe0.277 Ni0.128
    avg_Atomic_Radius: 1.381127819548872
    avg_Pauling_Electronegativity: 1.7164332706766918
    avg_number_of_valence_electrons: 5.760338345864661
    avg_Cohesive_energy_ev_atom: 3.820460526315789
    avg_Bulk_modulus_RT_Gpa: 124.83552631578948
    avg_Elastic_modulus_RT_Gpa: 149.95770676691728
    avg_Melting_point_(K): 1412.1866541353381
    avg_lattice_constant_A: 3.4515554511278195
    avg_BEC_percm3: 3.53858082706767e-21
    avg_Av.Valence_bond_strength_ev: 2.3298848684210527
    avg_EngelZ_e/a: 4.51156015037594
    Temperature: 25.0
    "
Al1 Co0.289 Cr0.158 Cu0.237 Fe0.816 Ni0.132,1.403818389057751,1.7520136778115505,6.460486322188451,3.8800151975683894,132.58358662613983,153.44566869300914,58.573328267477216,1445.827811550152,-21.741823399973406,13.105813069908816,3.378632218844985,3.831341185410335e-21,2.2291971884498483,4.7830167173252285,0.48,0.2999999999999998,8.0,1.0500000000000003,104.0,209.0,89.0,1197.0,6.253642030000002,20.0,1.54,3.63e-21,0.6430000000000002,3.4000000000000004,0.021888888888888892,0.014180555555555545,7.138888888888888,0.17749166666666663,1311.6666666666667,4423.805555555556,774.888888888889,145041.47222222228,4.094897329975828,61.51,0.27846666666666664,1.691788888888889e-42,0.03978022222222224,1.4658333333333335,25.0,604.0,"
    Formula: Al1 Co0.289 Cr0.158 Cu0.237 Fe0.816 Ni0.132
    avg_Atomic_Radius: 1.403818389057751
    avg_Pauling_Electronegativity: 1.7520136778115505
    avg_number_of_valence_electrons: 6.460486322188451
    avg_Cohesive_energy_ev_atom: 3.8800151975683894
    avg_Bulk_modulus_RT_Gpa: 132.58358662613983
    avg_Elastic_modulus_RT_Gpa: 153.44566869300914
    avg_Melting_point_(K): 1445.827811550152
    avg_lattice_constant_A: 3.378632218844985
    avg_BEC_percm3: 3.831341185410335e-21
    avg_Av.Valence_bond_strength_ev: 2.2291971884498483
    avg_EngelZ_e/a: 4.7830167173252285
    Temperature: 25.0
    "
Al1 Co0.278 Cr0.861 Cu0.167 Fe0.25 Ni0.222,1.4379949604031679,1.7137221022318214,6.020518358531318,3.880140388768898,133.05975521958243,175.37113030957522,68.84557235421167,1555.2464722822176,-22.57064762786177,16.889344852411803,3.3582685385169184,3.84415766738661e-21,2.33921562275018,4.793916486681065,0.48,0.2999999999999998,8.0,1.0500000000000003,104.0,209.0,89.0,1197.0,6.253642030000002,20.0,1.54,3.63e-21,0.6430000000000002,3.4000000000000004,0.021888888888888892,0.014180555555555545,7.138888888888888,0.17749166666666663,1311.6666666666667,4423.805555555556,774.888888888889,145041.47222222228,4.094897329975828,61.51,0.27846666666666664,1.691788888888889e-42,0.03978022222222224,1.4658333333333335,25.0,790.0,"
    Formula: Al1 Co0.278 Cr0.861 Cu0.167 Fe0.25 Ni0.222
    avg_Atomic_Radius: 1.4379949604031679
    avg_Pauling_Electronegativity: 1.7137221022318214
    avg_number_of_valence_electrons: 6.020518358531318
    avg_Cohesive_energy_ev_atom: 3.880140388768898
    avg_Bulk_modulus_RT_Gpa: 133.05975521958243
    avg_Elastic_modulus_RT_Gpa: 175.37113030957522
    avg_Melting_point_(K): 1555.2464722822176
    avg_lattice_constant_A: 3.3582685385169184
    avg_BEC_percm3: 3.84415766738661e-21
    avg_Av.Valence_bond_strength_ev: 2.33921562275018
    avg_EngelZ_e/a: 4.793916486681065
    Temperature: 25.0
    "
Al1 Co0.395 Cr0.349 Fe0.326 Ni0.256,1.39713671539123,1.7272055030094589,5.940240756663801,3.90665090283749,130.88564058469478,159.03353396388653,61.026655202063644,1464.4638435081688,-21.954606814561483,14.903310404127259,3.3892132416165097,3.7487360275150484e-21,2.316275150472915,4.700257953568359,0.48,0.2999999999999998,7.0,1.0500000000000003,104.0,209.0,89.0,1197.0,6.253642030000002,20.0,1.54,3.63e-21,0.6430000000000002,3.4000000000000004,0.026096,0.01453599999999999,6.16,0.14684,1544.96,4630.16,810.16,157301.60000000003,4.105762402460071,65.172,0.301304,1.8700800000000003e-42,0.047285600000000025,1.4944000000000002,25.0,806.0,"
    Formula: Al1 Co0.395 Cr0.349 Fe0.326 Ni0.256
    avg_Atomic_Radius: 1.39713671539123
    avg_Pauling_Electronegativity: 1.7272055030094589
    avg_number_of_valence_electrons: 5.940240756663801
    avg_Cohesive_energy_ev_atom: 3.90665090283749
    avg_Bulk_modulus_RT_Gpa: 130.88564058469478
    avg_Elastic_modulus_RT_Gpa: 159.03353396388653
    avg_Melting_point_(K): 1464.4638435081688
    avg_lattice_constant_A: 3.3892132416165097
    avg_BEC_percm3: 3.7487360275150484e-21
    avg_Av.Valence_bond_strength_ev: 2.316275150472915
    avg_EngelZ_e/a: 4.700257953568359
    Temperature: 25.0
    "
Al1 Co0.255 Cr0.255 Cu0.106 Fe0.277 Ni0.234,1.3753549600376116,1.7244710860366714,5.898918664786085,3.8314104372355433,125.4113775270334,147.37517630465445,56.434414668547255,1399.0338740009406,-21.66147589140104,14.86168312176775,3.491198871650212,3.521626704278327e-21,2.3312491772449464,4.48095909732017,0.48,0.2999999999999998,8.0,1.0500000000000003,104.0,209.0,89.0,1197.0,6.253642030000002,20.0,1.54,3.63e-21,0.6430000000000002,3.4000000000000004,0.021888888888888892,0.014180555555555545,7.138888888888888,0.17749166666666663,1311.6666666666667,4423.805555555556,774.888888888889,145041.47222222228,4.094897329975828,61.51,0.27846666666666664,1.691788888888889e-42,0.03978022222222224,1.4658333333333335,25.0,811.0,"
    Formula: Al1 Co0.255 Cr0.255 Cu0.106 Fe0.277 Ni0.234
    avg_Atomic_Radius: 1.3753549600376116
    avg_Pauling_Electronegativity: 1.7244710860366714
    avg_number_of_valence_electrons: 5.898918664786085
    avg_Cohesive_energy_ev_atom: 3.8314104372355433
    avg_Bulk_modulus_RT_Gpa: 125.4113775270334
    avg_Elastic_modulus_RT_Gpa: 147.37517630465445
    avg_Melting_point_(K): 1399.0338740009406
    avg_lattice_constant_A: 3.491198871650212
    avg_BEC_percm3: 3.521626704278327e-21
    avg_Av.Valence_bond_strength_ev: 2.3312491772449464
    avg_EngelZ_e/a: 4.48095909732017
    Temperature: 25.0
    "
Al1 Co0.442 Cr0.442 Fe0.256 Ni0.186,1.402433361994841,1.7190111779879624,5.820292347377474,3.8968615649183156,130.38693035253658,162.042992261393,62.38521066208084,1478.9978073946693,-22.04289339302666,15.585640584694758,3.362777300085985,3.749389509888221e-21,2.329446259673259,4.7062768701633715,0.48,0.2999999999999998,7.0,1.0500000000000003,104.0,209.0,89.0,1197.0,6.253642030000002,20.0,1.54,3.63e-21,0.6430000000000002,3.4000000000000004,0.026096,0.01453599999999999,6.16,0.14684,1544.96,4630.16,810.16,157301.60000000003,4.105762402460071,65.172,0.301304,1.8700800000000003e-42,0.047285600000000025,1.4944000000000002,25.0,855.0,"
    Formula: Al1 Co0.442 Cr0.442 Fe0.256 Ni0.186
    avg_Atomic_Radius: 1.402433361994841
    avg_Pauling_Electronegativity: 1.7190111779879624
    avg_number_of_valence_electrons: 5.820292347377474
    avg_Cohesive_energy_ev_atom: 3.8968615649183156
    avg_Bulk_modulus_RT_Gpa: 130.38693035253658
    avg_Elastic_modulus_RT_Gpa: 162.042992261393
    avg_Melting_point_(K): 1478.9978073946693
    avg_lattice_constant_A: 3.362777300085985
    avg_BEC_percm3: 3.749389509888221e-21
    avg_Av.Valence_bond_strength_ev: 2.329446259673259
    avg_EngelZ_e/a: 4.7062768701633715
    Temperature: 25.0
    "
Al1 Co0.256 Cr0.795 Cu0.128 Fe0.205 Ni0.179,1.4283769020678891,1.7055091689426451,5.818181818181818,3.8596254389387434,130.42138119391336,172.06554818571982,67.57042528287164,1534.336500195084,-22.493640085216544,17.287982832618027,3.379894654701521,3.7597268825595015e-21,2.349365977370269,4.72469761997659,0.48,0.2999999999999998,8.0,1.0500000000000003,104.0,209.0,89.0,1197.0,6.253642030000002,20.0,1.54,3.63e-21,0.6430000000000002,3.4000000000000004,0.021888888888888892,0.014180555555555545,7.138888888888888,0.17749166666666663,1311.6666666666667,4423.805555555556,774.888888888889,145041.47222222228,4.094897329975828,61.51,0.27846666666666664,1.691788888888889e-42,0.03978022222222224,1.4658333333333335,25.0,802.0,"
    Formula: Al1 Co0.256 Cr0.795 Cu0.128 Fe0.205 Ni0.179
    avg_Atomic_Radius: 1.4283769020678891
    avg_Pauling_Electronegativity: 1.7055091689426451
    avg_number_of_valence_electrons: 5.818181818181818
    avg_Cohesive_energy_ev_atom: 3.8596254389387434
    avg_Bulk_modulus_RT_Gpa: 130.42138119391336
    avg_Elastic_modulus_RT_Gpa: 172.06554818571982
    avg_Melting_point_(K): 1534.336500195084
    avg_lattice_constant_A: 3.379894654701521
    avg_BEC_percm3: 3.7597268825595015e-21
    avg_Av.Valence_bond_strength_ev: 2.349365977370269
    avg_EngelZ_e/a: 4.72469761997659
    Temperature: 25.0
    "
Al1 Co0.277 Cr0.277 Cu0.106 Fe0.255 Ni0.213,1.3767528195488716,1.7224906015037589,5.869830827067668,3.829318609022556,125.33364661654133,148.19595864661648,56.77443609022556,1402.950751879699,-21.678908314252812,15.024530075187968,3.4808740601503754,3.523703007518796e-21,2.3352880639097737,4.4834586466165405,0.48,0.2999999999999998,8.0,1.0500000000000003,104.0,209.0,89.0,1197.0,6.253642030000002,20.0,1.54,3.63e-21,0.6430000000000002,3.4000000000000004,0.021888888888888892,0.014180555555555545,7.138888888888888,0.17749166666666663,1311.6666666666667,4423.805555555556,774.888888888889,145041.47222222228,4.094897329975828,61.51,0.27846666666666664,1.691788888888889e-42,0.03978022222222224,1.4658333333333335,25.0,799.0,"
    Formula: Al1 Co0.277 Cr0.277 Cu0.106 Fe0.255 Ni0.213
    avg_Atomic_Radius: 1.3767528195488716
    avg_Pauling_Electronegativity: 1.7224906015037589
    avg_number_of_valence_electrons: 5.869830827067668
    avg_Cohesive_energy_ev_atom: 3.829318609022556
    avg_Bulk_modulus_RT_Gpa: 125.33364661654133
    avg_Elastic_modulus_RT_Gpa: 148.19595864661648
    avg_Melting_point_(K): 1402.950751879699
    avg_lattice_constant_A: 3.4808740601503754
    avg_BEC_percm3: 3.523703007518796e-21
    avg_Av.Valence_bond_strength_ev: 2.3352880639097737
    avg_EngelZ_e/a: 4.4834586466165405
    Temperature: 25.0
    "
Al1 Co0.465 Cr0.512 Fe0.186 Ni0.163,1.4057394668959586,1.7135984522785899,5.750214961306965,3.890950128976784,130.0859845227859,164.17841788478074,63.368443680137574,1489.1035683576956,-22.113229183551162,16.067110920034395,3.3530911435941526,3.7426913155632e-21,2.343476354256234,4.700171969045571,0.48,0.2999999999999998,7.0,1.0500000000000003,104.0,209.0,89.0,1197.0,6.253642030000002,20.0,1.54,3.63e-21,0.6430000000000002,3.4000000000000004,0.026096,0.01453599999999999,6.16,0.14684,1544.96,4630.16,810.16,157301.60000000003,4.105762402460071,65.172,0.301304,1.8700800000000003e-42,0.047285600000000025,1.4944000000000002,25.0,857.0,"
    Formula: Al1 Co0.465 Cr0.512 Fe0.186 Ni0.163
    avg_Atomic_Radius: 1.4057394668959586
    avg_Pauling_Electronegativity: 1.7135984522785899
    avg_number_of_valence_electrons: 5.750214961306965
    avg_Cohesive_energy_ev_atom: 3.890950128976784
    avg_Bulk_modulus_RT_Gpa: 130.0859845227859
    avg_Elastic_modulus_RT_Gpa: 164.17841788478074
    avg_Melting_point_(K): 1489.1035683576956
    avg_lattice_constant_A: 3.3530911435941526
    avg_BEC_percm3: 3.7426913155632e-21
    avg_Av.Valence_bond_strength_ev: 2.343476354256234
    avg_EngelZ_e/a: 4.700171969045571
    Temperature: 25.0
    "
Al1 Co0.298 Cr0.404 Cu0.106 Fe0.213 Ni0.106,1.385763986835919,1.7087588152327227,5.6586741889985905,3.8113963328631875,124.31123648330984,152.76022566995772,58.965679360601804,1425.7165256229434,-21.83779883112365,16.14541607898449,3.4455054066760704,3.527700987306066e-21,2.345318758815233,4.505030559473437,0.48,0.2999999999999998,8.0,1.0500000000000003,104.0,209.0,89.0,1197.0,6.253642030000002,20.0,1.54,3.63e-21,0.6430000000000002,3.4000000000000004,0.021888888888888892,0.014180555555555545,7.138888888888888,0.17749166666666663,1311.6666666666667,4423.805555555556,774.888888888889,145041.47222222228,4.094897329975828,61.51,0.27846666666666664,1.691788888888889e-42,0.03978022222222224,1.4658333333333335,25.0,855.0,"
    Formula: Al1 Co0.298 Cr0.404 Cu0.106 Fe0.213 Ni0.106
    avg_Atomic_Radius: 1.385763986835919
    avg_Pauling_Electronegativity: 1.7087588152327227
    avg_number_of_valence_electrons: 5.6586741889985905
    avg_Cohesive_energy_ev_atom: 3.8113963328631875
    avg_Bulk_modulus_RT_Gpa: 124.31123648330984
    avg_Elastic_modulus_RT_Gpa: 152.76022566995772
    avg_Melting_point_(K): 1425.7165256229434
    avg_lattice_constant_A: 3.4455054066760704
    avg_BEC_percm3: 3.527700987306066e-21
    avg_Av.Valence_bond_strength_ev: 2.345318758815233
    avg_EngelZ_e/a: 4.505030559473437
    Temperature: 25.0
    "
Al1 Co0.465 Cr0.442 Fe0.209 Ni0.209,1.4012774193548385,1.7202494623655913,5.849032258064515,3.8993677419354835,130.56774193548387,161.89333333333332,62.24817204301074,1477.6493548387095,-22.027029310907526,15.510279569892472,3.3658580645161282,3.7425290322580646e-21,2.3379023655913977,4.691698924731183,0.48,0.2999999999999998,7.0,1.0500000000000003,104.0,209.0,89.0,1197.0,6.253642030000002,20.0,1.54,3.63e-21,0.6430000000000002,3.4000000000000004,0.026096,0.01453599999999999,6.16,0.14684,1544.96,4630.16,810.16,157301.60000000003,4.105762402460071,65.172,0.301304,1.8700800000000003e-42,0.047285600000000025,1.4944000000000002,25.0,816.0,"
    Formula: Al1 Co0.465 Cr0.442 Fe0.209 Ni0.209
    avg_Atomic_Radius: 1.4012774193548385
    avg_Pauling_Electronegativity: 1.7202494623655913
    avg_number_of_valence_electrons: 5.849032258064515
    avg_Cohesive_energy_ev_atom: 3.8993677419354835
    avg_Bulk_modulus_RT_Gpa: 130.56774193548387
    avg_Elastic_modulus_RT_Gpa: 161.89333333333332
    avg_Melting_point_(K): 1477.6493548387095
    avg_lattice_constant_A: 3.3658580645161282
    avg_BEC_percm3: 3.7425290322580646e-21
    avg_Av.Valence_bond_strength_ev: 2.3379023655913977
    avg_EngelZ_e/a: 4.691698924731183
    Temperature: 25.0
    "
Al1 Co0.304 Cr0.5 Cu0.109 Fe0.152 Ni0.109,1.3935878564857405,1.7042180312787487,5.630634774609016,3.8130128794848206,124.85740570377186,156.88960441582338,60.84636614535419,1447.3560717571297,-21.981152290381786,16.674241030358786,3.4344296228150872,3.547833486660534e-21,2.3591108555657776,4.522677092916284,0.48,0.2999999999999998,8.0,1.0500000000000003,104.0,209.0,89.0,1197.0,6.253642030000002,20.0,1.54,3.63e-21,0.6430000000000002,3.4000000000000004,0.021888888888888892,0.014180555555555545,7.138888888888888,0.17749166666666663,1311.6666666666667,4423.805555555556,774.888888888889,145041.47222222228,4.094897329975828,61.51,0.27846666666666664,1.691788888888889e-42,0.03978022222222224,1.4658333333333335,25.0,811.0,"
    Formula: Al1 Co0.304 Cr0.5 Cu0.109 Fe0.152 Ni0.109
    avg_Atomic_Radius: 1.3935878564857405
    avg_Pauling_Electronegativity: 1.7042180312787487
    avg_number_of_valence_electrons: 5.630634774609016
    avg_Cohesive_energy_ev_atom: 3.8130128794848206
    avg_Bulk_modulus_RT_Gpa: 124.85740570377186
    avg_Elastic_modulus_RT_Gpa: 156.88960441582338
    avg_Melting_point_(K): 1447.3560717571297
    avg_lattice_constant_A: 3.4344296228150872
    avg_BEC_percm3: 3.547833486660534e-21
    avg_Av.Valence_bond_strength_ev: 2.3591108555657776
    avg_EngelZ_e/a: 4.522677092916284
    Temperature: 25.0
    "
Al1 Co0.318 Cr0.5 Cu0.114 Fe0.205 Ni0.136,1.3995160580730313,1.7111086669599649,5.770347558293005,3.834192696876374,126.93796744390671,158.92520897492298,61.57853057633084,1460.8556753189619,-22.02320992566652,16.26454025516938,3.4169775626924763,3.618908930928289e-21,2.3458077430708313,4.585041794984601,0.48,0.2999999999999998,8.0,1.0500000000000003,104.0,209.0,89.0,1197.0,6.253642030000002,20.0,1.54,3.63e-21,0.6430000000000002,3.4000000000000004,0.021888888888888892,0.014180555555555545,7.138888888888888,0.17749166666666663,1311.6666666666667,4423.805555555556,774.888888888889,145041.47222222228,4.094897329975828,61.51,0.27846666666666664,1.691788888888889e-42,0.03978022222222224,1.4658333333333335,25.0,790.0,"
    Formula: Al1 Co0.318 Cr0.5 Cu0.114 Fe0.205 Ni0.136
    avg_Atomic_Radius: 1.3995160580730313
    avg_Pauling_Electronegativity: 1.7111086669599649
    avg_number_of_valence_electrons: 5.770347558293005
    avg_Cohesive_energy_ev_atom: 3.834192696876374
    avg_Bulk_modulus_RT_Gpa: 126.93796744390671
    avg_Elastic_modulus_RT_Gpa: 158.92520897492298
    avg_Melting_point_(K): 1460.8556753189619
    avg_lattice_constant_A: 3.4169775626924763
    avg_BEC_percm3: 3.618908930928289e-21
    avg_Av.Valence_bond_strength_ev: 2.3458077430708313
    avg_EngelZ_e/a: 4.585041794984601
    Temperature: 25.0
    "
Al1 Co0.442 Cr0.558 Fe0.186 Ni0.14,1.4088048151332757,1.708950988822012,5.680997420464317,3.884720550300946,129.69045571797074,165.6517626827171,64.14961306964746,1496.6779449699052,-22.181681884015475,16.459673258813417,3.3504213241616507,3.740911435941532e-21,2.3451771281169393,4.706104901117799,0.48,0.2999999999999998,7.0,1.0500000000000003,104.0,209.0,89.0,1197.0,6.253642030000002,20.0,1.54,3.63e-21,0.6430000000000002,3.4000000000000004,0.026096,0.01453599999999999,6.16,0.14684,1544.96,4630.16,810.16,157301.60000000003,4.105762402460071,65.172,0.301304,1.8700800000000003e-42,0.047285600000000025,1.4944000000000002,25.0,855.0,"
    Formula: Al1 Co0.442 Cr0.558 Fe0.186 Ni0.14
    avg_Atomic_Radius: 1.4088048151332757
    avg_Pauling_Electronegativity: 1.708950988822012
    avg_number_of_valence_electrons: 5.680997420464317
    avg_Cohesive_energy_ev_atom: 3.884720550300946
    avg_Bulk_modulus_RT_Gpa: 129.69045571797074
    avg_Elastic_modulus_RT_Gpa: 165.6517626827171
    avg_Melting_point_(K): 1496.6779449699052
    avg_lattice_constant_A: 3.3504213241616507
    avg_BEC_percm3: 3.740911435941532e-21
    avg_Av.Valence_bond_strength_ev: 2.3451771281169393
    avg_EngelZ_e/a: 4.706104901117799
    Temperature: 25.0
    "
Al1 Co0.419 Cr0.558 Fe0.233 Ni0.116,1.4099226139294925,1.7076311263972483,5.650472914875323,3.881981943250215,129.48839208942388,165.78503869303526,64.28073946689597,1497.919561478934,-22.197087960705073,16.539552880481512,3.347274290627687,3.747291487532245e-21,2.3367269991401547,4.720378331900259,0.48,0.2999999999999998,7.0,1.0500000000000003,104.0,209.0,89.0,1197.0,6.253642030000002,20.0,1.54,3.63e-21,0.6430000000000002,3.4000000000000004,0.026096,0.01453599999999999,6.16,0.14684,1544.96,4630.16,810.16,157301.60000000003,4.105762402460071,65.172,0.301304,1.8700800000000003e-42,0.047285600000000025,1.4944000000000002,25.0,856.0,"
    Formula: Al1 Co0.419 Cr0.558 Fe0.233 Ni0.116
    avg_Atomic_Radius: 1.4099226139294925
    avg_Pauling_Electronegativity: 1.7076311263972483
    avg_number_of_valence_electrons: 5.650472914875323
    avg_Cohesive_energy_ev_atom: 3.881981943250215
    avg_Bulk_modulus_RT_Gpa: 129.48839208942388
    avg_Elastic_modulus_RT_Gpa: 165.78503869303526
    avg_Melting_point_(K): 1497.919561478934
    avg_lattice_constant_A: 3.347274290627687
    avg_BEC_percm3: 3.747291487532245e-21
    avg_Av.Valence_bond_strength_ev: 2.3367269991401547
    avg_EngelZ_e/a: 4.720378331900259
    Temperature: 25.0
    "
Al1 Co0.298 Cr0.426 Cu0.106 Fe0.191 Ni0.106,1.3867983074753172,1.7070004701457453,5.6379877762106245,3.809534555712271,124.20780441937002,153.46356370474848,59.30700517160321,1429.0470380818056,-21.8655966551669,16.309873060648805,3.44560883874001,3.523563704748473e-21,2.3505213916314056,4.500893276915844,0.48,0.2999999999999998,8.0,1.0500000000000003,104.0,209.0,89.0,1197.0,6.253642030000002,20.0,1.54,3.63e-21,0.6430000000000002,3.4000000000000004,0.021888888888888892,0.014180555555555545,7.138888888888888,0.17749166666666663,1311.6666666666667,4423.805555555556,774.888888888889,145041.47222222228,4.094897329975828,61.51,0.27846666666666664,1.691788888888889e-42,0.03978022222222224,1.4658333333333335,25.0,859.0,"
    Formula: Al1 Co0.298 Cr0.426 Cu0.106 Fe0.191 Ni0.106
    avg_Atomic_Radius: 1.3867983074753172
    avg_Pauling_Electronegativity: 1.7070004701457453
    avg_number_of_valence_electrons: 5.6379877762106245
    avg_Cohesive_energy_ev_atom: 3.809534555712271
    avg_Bulk_modulus_RT_Gpa: 124.20780441937002
    avg_Elastic_modulus_RT_Gpa: 153.46356370474848
    avg_Melting_point_(K): 1429.0470380818056
    avg_lattice_constant_A: 3.44560883874001
    avg_BEC_percm3: 3.523563704748473e-21
    avg_Av.Valence_bond_strength_ev: 2.3505213916314056
    avg_EngelZ_e/a: 4.500893276915844
    Temperature: 25.0
    "
Al1 Co0.558 Cr0.512 Fe0.116 Ni0.14,1.4048323301805672,1.7148065348237314,5.770421324161649,3.8937661220980218,130.38693035253652,164.20722269991398,63.14789337919174,1488.3150902837485,-22.063351492175403,15.95571797076526,3.332269991401547,3.746827171109199e-21,2.35323301805675,4.694067067927771,0.48,0.2999999999999998,7.0,1.0500000000000003,104.0,209.0,89.0,1197.0,6.253642030000002,20.0,1.54,3.63e-21,0.6430000000000002,3.4000000000000004,0.026096,0.01453599999999999,6.16,0.14684,1544.96,4630.16,810.16,157301.60000000003,4.105762402460071,65.172,0.301304,1.8700800000000003e-42,0.047285600000000025,1.4944000000000002,25.0,875.0,"
    Formula: Al1 Co0.558 Cr0.512 Fe0.116 Ni0.14
    avg_Atomic_Radius: 1.4048323301805672
    avg_Pauling_Electronegativity: 1.7148065348237314
    avg_number_of_valence_electrons: 5.770421324161649
    avg_Cohesive_energy_ev_atom: 3.8937661220980218
    avg_Bulk_modulus_RT_Gpa: 130.38693035253652
    avg_Elastic_modulus_RT_Gpa: 164.20722269991398
    avg_Melting_point_(K): 1488.3150902837485
    avg_lattice_constant_A: 3.332269991401547
    avg_BEC_percm3: 3.746827171109199e-21
    avg_Av.Valence_bond_strength_ev: 2.35323301805675
    avg_EngelZ_e/a: 4.694067067927771
    Temperature: 25.0
    "
Al1 Co0.581 Cr0.512 Fe0.116 Ni0.116,1.4050924731182795,1.714425806451613,5.758709677419354,3.8930365591397846,130.36559139784944,164.28086021505374,63.13247311827957,1488.6282795698924,-22.052359646331183,15.963397849462366,3.3221978494623654,3.7516903225806456e-21,2.3521376344086025,4.699698924731182,0.48,0.2999999999999998,7.0,1.0500000000000003,104.0,209.0,89.0,1197.0,6.253642030000002,20.0,1.54,3.63e-21,0.6430000000000002,3.4000000000000004,0.026096,0.01453599999999999,6.16,0.14684,1544.96,4630.16,810.16,157301.60000000003,4.105762402460071,65.172,0.301304,1.8700800000000003e-42,0.047285600000000025,1.4944000000000002,25.0,865.0,"
    Formula: Al1 Co0.581 Cr0.512 Fe0.116 Ni0.116
    avg_Atomic_Radius: 1.4050924731182795
    avg_Pauling_Electronegativity: 1.714425806451613
    avg_number_of_valence_electrons: 5.758709677419354
    avg_Cohesive_energy_ev_atom: 3.8930365591397846
    avg_Bulk_modulus_RT_Gpa: 130.36559139784944
    avg_Elastic_modulus_RT_Gpa: 164.28086021505374
    avg_Melting_point_(K): 1488.6282795698924
    avg_lattice_constant_A: 3.3221978494623654
    avg_BEC_percm3: 3.7516903225806456e-21
    avg_Av.Valence_bond_strength_ev: 2.3521376344086025
    avg_EngelZ_e/a: 4.699698924731182
    Temperature: 25.0
    "
Al1 Co0.558 Cr0.535 Fe0.116 Ni0.116,1.4064774193548386,1.7122494623655915,5.7290322580645165,3.8901677419354836,130.16774193548386,164.97333333333333,63.52817204301075,1492.2093548387097,-22.091875350507525,16.15827956989247,3.3258580645161286,3.748129032258065e-21,2.353542365591398,4.699698924731182,0.48,0.2999999999999998,7.0,1.0500000000000003,104.0,209.0,89.0,1197.0,6.253642030000002,20.0,1.54,3.63e-21,0.6430000000000002,3.4000000000000004,0.026096,0.01453599999999999,6.16,0.14684,1544.96,4630.16,810.16,157301.60000000003,4.105762402460071,65.172,0.301304,1.8700800000000003e-42,0.047285600000000025,1.4944000000000002,25.0,868.0,"
    Formula: Al1 Co0.558 Cr0.535 Fe0.116 Ni0.116
    avg_Atomic_Radius: 1.4064774193548386
    avg_Pauling_Electronegativity: 1.7122494623655915
    avg_number_of_valence_electrons: 5.7290322580645165
    avg_Cohesive_energy_ev_atom: 3.8901677419354836
    avg_Bulk_modulus_RT_Gpa: 130.16774193548386
    avg_Elastic_modulus_RT_Gpa: 164.97333333333333
    avg_Melting_point_(K): 1492.2093548387097
    avg_lattice_constant_A: 3.3258580645161286
    avg_BEC_percm3: 3.748129032258065e-21
    avg_Av.Valence_bond_strength_ev: 2.353542365591398
    avg_EngelZ_e/a: 4.699698924731182
    Temperature: 25.0
    "
Al1 Co0.535 Cr0.488 Fe0.186 Ni0.116,1.4048516129032258,1.7151913978494622,5.759569892473118,3.892718279569892,130.27096774193546,163.6184946236559,62.93032258064516,1486.095806451613,-22.05047574633978,15.874451612903224,3.3292172043010746,3.756610752688172e-21,2.339803010752689,4.711741935483871,0.48,0.2999999999999998,7.0,1.0500000000000003,104.0,209.0,89.0,1197.0,6.253642030000002,20.0,1.54,3.63e-21,0.6430000000000002,3.4000000000000004,0.026096,0.01453599999999999,6.16,0.14684,1544.96,4630.16,810.16,157301.60000000003,4.105762402460071,65.172,0.301304,1.8700800000000003e-42,0.047285600000000025,1.4944000000000002,25.0,863.0,"
    Formula: Al1 Co0.535 Cr0.488 Fe0.186 Ni0.116
    avg_Atomic_Radius: 1.4048516129032258
    avg_Pauling_Electronegativity: 1.7151913978494622
    avg_number_of_valence_electrons: 5.759569892473118
    avg_Cohesive_energy_ev_atom: 3.892718279569892
    avg_Bulk_modulus_RT_Gpa: 130.27096774193546
    avg_Elastic_modulus_RT_Gpa: 163.6184946236559
    avg_Melting_point_(K): 1486.095806451613
    avg_lattice_constant_A: 3.3292172043010746
    avg_BEC_percm3: 3.756610752688172e-21
    avg_Av.Valence_bond_strength_ev: 2.339803010752689
    avg_EngelZ_e/a: 4.711741935483871
    Temperature: 25.0
    "
Al1 Co0.255 Cr0.426 Cu0.106 Fe0.234 Ni0.106,1.3876069581570287,1.7059896567936061,5.617771509167843,3.8073107663375647,124.00564174894218,153.50399623883405,59.44851904090269,1429.855688763517,-21.892018873455573,16.38669487541138,3.4528866948754118,3.524372355430184e-21,2.343223319228961,4.508979783732957,0.48,0.2999999999999998,8.0,1.0500000000000003,104.0,209.0,89.0,1197.0,6.253642030000002,20.0,1.54,3.63e-21,0.6430000000000002,3.4000000000000004,0.021888888888888892,0.014180555555555545,7.138888888888888,0.17749166666666663,1311.6666666666667,4423.805555555556,774.888888888889,145041.47222222228,4.094897329975828,61.51,0.27846666666666664,1.691788888888889e-42,0.03978022222222224,1.4658333333333335,25.0,843.0,"
    Formula: Al1 Co0.255 Cr0.426 Cu0.106 Fe0.234 Ni0.106
    avg_Atomic_Radius: 1.3876069581570287
    avg_Pauling_Electronegativity: 1.7059896567936061
    avg_number_of_valence_electrons: 5.617771509167843
    avg_Cohesive_energy_ev_atom: 3.8073107663375647
    avg_Bulk_modulus_RT_Gpa: 124.00564174894218
    avg_Elastic_modulus_RT_Gpa: 153.50399623883405
    avg_Melting_point_(K): 1429.855688763517
    avg_lattice_constant_A: 3.4528866948754118
    avg_BEC_percm3: 3.524372355430184e-21
    avg_Av.Valence_bond_strength_ev: 2.343223319228961
    avg_EngelZ_e/a: 4.508979783732957
    Temperature: 25.0
    "
Al1 Co0.349 Cr0.395 Cu0.116 Fe0.326 Ni0.14,1.3979105760963026,1.7223559759243334,5.930782459157351,3.85353826311264,128.49527085124677,156.92691315563198,60.4213241616509,1453.1706362854684,-21.911589216134995,15.322828890799657,3.4010189165950124,3.675288048151333e-21,2.317836629406707,4.635425623387791,0.48,0.2999999999999998,8.0,1.0500000000000003,104.0,209.0,89.0,1197.0,6.253642030000002,20.0,1.54,3.63e-21,0.6430000000000002,3.4000000000000004,0.021888888888888892,0.014180555555555545,7.138888888888888,0.17749166666666663,1311.6666666666667,4423.805555555556,774.888888888889,145041.47222222228,4.094897329975828,61.51,0.27846666666666664,1.691788888888889e-42,0.03978022222222224,1.4658333333333335,25.0,794.0,"
    Formula: Al1 Co0.349 Cr0.395 Cu0.116 Fe0.326 Ni0.14
    avg_Atomic_Radius: 1.3979105760963026
    avg_Pauling_Electronegativity: 1.7223559759243334
    avg_number_of_valence_electrons: 5.930782459157351
    avg_Cohesive_energy_ev_atom: 3.85353826311264
    avg_Bulk_modulus_RT_Gpa: 128.49527085124677
    avg_Elastic_modulus_RT_Gpa: 156.92691315563198
    avg_Melting_point_(K): 1453.1706362854684
    avg_lattice_constant_A: 3.4010189165950124
    avg_BEC_percm3: 3.675288048151333e-21
    avg_Av.Valence_bond_strength_ev: 2.317836629406707
    avg_EngelZ_e/a: 4.635425623387791
    Temperature: 25.0
    "
Al1 Co0.238 Cr0.714 Cu0.119 Fe0.167 Ni0.143,1.4166904661906765,1.6999244015119703,5.6703065938681245,3.8333515329693415,127.62284754304916,167.26375472490557,65.61696766064681,1505.7031289374215,-22.36173277980261,17.476900461990763,3.408626627467451,3.661188576228477e-21,2.3587744645107107,4.637085258294835,0.48,0.2999999999999998,8.0,1.0500000000000003,104.0,209.0,89.0,1197.0,6.253642030000002,20.0,1.54,3.63e-21,0.6430000000000002,3.4000000000000004,0.021888888888888892,0.014180555555555545,7.138888888888888,0.17749166666666663,1311.6666666666667,4423.805555555556,774.888888888889,145041.47222222228,4.094897329975828,61.51,0.27846666666666664,1.691788888888889e-42,0.03978022222222224,1.4658333333333335,25.0,783.0,"
    Formula: Al1 Co0.238 Cr0.714 Cu0.119 Fe0.167 Ni0.143
    avg_Atomic_Radius: 1.4166904661906765
    avg_Pauling_Electronegativity: 1.6999244015119703
    avg_number_of_valence_electrons: 5.6703065938681245
    avg_Cohesive_energy_ev_atom: 3.8333515329693415
    avg_Bulk_modulus_RT_Gpa: 127.62284754304916
    avg_Elastic_modulus_RT_Gpa: 167.26375472490557
    avg_Melting_point_(K): 1505.7031289374215
    avg_lattice_constant_A: 3.408626627467451
    avg_BEC_percm3: 3.661188576228477e-21
    avg_Av.Valence_bond_strength_ev: 2.3587744645107107
    avg_EngelZ_e/a: 4.637085258294835
    Temperature: 25.0
    "
Al1 Co0.234 Cr0.468 Cu0.106 Fe0.213 Ni0.106,1.389976492712741,1.7021391631405738,5.5684062059238375,3.802670427832628,123.70944992947815,154.86647860836862,60.16925246826518,1436.6088622472969,-21.95799132067701,16.738175834508702,3.4566384579219567,3.516868829337096e-21,2.349591443347438,4.505030559473437,0.48,0.2999999999999998,8.0,1.0500000000000003,104.0,209.0,89.0,1197.0,6.253642030000002,20.0,1.54,3.63e-21,0.6430000000000002,3.4000000000000004,0.021888888888888892,0.014180555555555545,7.138888888888888,0.17749166666666663,1311.6666666666667,4423.805555555556,774.888888888889,145041.47222222228,4.094897329975828,61.51,0.27846666666666664,1.691788888888889e-42,0.03978022222222224,1.4658333333333335,25.0,797.0,"
    Formula: Al1 Co0.234 Cr0.468 Cu0.106 Fe0.213 Ni0.106
    avg_Atomic_Radius: 1.389976492712741
    avg_Pauling_Electronegativity: 1.7021391631405738
    avg_number_of_valence_electrons: 5.5684062059238375
    avg_Cohesive_energy_ev_atom: 3.802670427832628
    avg_Bulk_modulus_RT_Gpa: 123.70944992947815
    avg_Elastic_modulus_RT_Gpa: 154.86647860836862
    avg_Melting_point_(K): 1436.6088622472969
    avg_lattice_constant_A: 3.4566384579219567
    avg_BEC_percm3: 3.516868829337096e-21
    avg_Av.Valence_bond_strength_ev: 2.349591443347438
    avg_EngelZ_e/a: 4.505030559473437
    Temperature: 25.0
    "
Al1 Co0.277 Cr0.426 Cu0.106 Fe0.213 Ni0.106,1.3872744360902258,1.70656484962406,5.62922932330827,3.808670112781955,124.13063909774435,153.51033834586465,59.386748120300744,1429.61992481203,-21.87918400399436,16.343984962406015,3.448890977443609,3.5248590225563916e-21,2.3467241541353383,4.505733082706767,0.48,0.2999999999999998,8.0,1.0500000000000003,104.0,209.0,89.0,1197.0,6.253642030000002,20.0,1.54,3.63e-21,0.6430000000000002,3.4000000000000004,0.021888888888888892,0.014180555555555545,7.138888888888888,0.17749166666666663,1311.6666666666667,4423.805555555556,774.888888888889,145041.47222222228,4.094897329975828,61.51,0.27846666666666664,1.691788888888889e-42,0.03978022222222224,1.4658333333333335,25.0,805.0,"
    Formula: Al1 Co0.277 Cr0.426 Cu0.106 Fe0.213 Ni0.106
    avg_Atomic_Radius: 1.3872744360902258
    avg_Pauling_Electronegativity: 1.70656484962406
    avg_number_of_valence_electrons: 5.62922932330827
    avg_Cohesive_energy_ev_atom: 3.808670112781955
    avg_Bulk_modulus_RT_Gpa: 124.13063909774435
    avg_Elastic_modulus_RT_Gpa: 153.51033834586465
    avg_Melting_point_(K): 1429.61992481203
    avg_lattice_constant_A: 3.448890977443609
    avg_BEC_percm3: 3.5248590225563916e-21
    avg_Av.Valence_bond_strength_ev: 2.3467241541353383
    avg_EngelZ_e/a: 4.505733082706767
    Temperature: 25.0
    "
Al0.853 Co0.647 Cr1 Fe0.147 Ni0.294,1.467990479428766,1.7273852431145869,6.2896973818429105,4.0008568514110845,142.53587215232915,191.68650119007143,74.8388303298198,1646.8569024141448,-22.900876341890513,16.30588235294118,3.2014246854811286,4.1843760625637544e-21,2.335225773546413,5.089901394083646,0.48,0.2999999999999998,7.0,1.0500000000000003,104.0,209.0,89.0,1197.0,6.253642030000002,20.0,1.54,3.63e-21,0.6430000000000002,3.4000000000000004,0.026096,0.01453599999999999,6.16,0.14684,1544.96,4630.16,810.16,157301.60000000003,4.105762402460071,65.172,0.301304,1.8700800000000003e-42,0.047285600000000025,1.4944000000000002,25.0,699.0,"
    Formula: Al0.853 Co0.647 Cr1 Fe0.147 Ni0.294
    avg_Atomic_Radius: 1.467990479428766
    avg_Pauling_Electronegativity: 1.7273852431145869
    avg_number_of_valence_electrons: 6.2896973818429105
    avg_Cohesive_energy_ev_atom: 4.0008568514110845
    avg_Bulk_modulus_RT_Gpa: 142.53587215232915
    avg_Elastic_modulus_RT_Gpa: 191.68650119007143
    avg_Melting_point_(K): 1646.8569024141448
    avg_lattice_constant_A: 3.2014246854811286
    avg_BEC_percm3: 4.1843760625637544e-21
    avg_Av.Valence_bond_strength_ev: 2.335225773546413
    avg_EngelZ_e/a: 5.089901394083646
    Temperature: 25.0
    "
Al1 Co0.149 Cr0.34 Cu0.191 Fe0.34 Ni0.106,1.381077140169332,1.7131138287864536,5.767638758231421,3.7773000940733774,122.69049858889936,147.58748824082784,57.092662276575744,1400.5752116650988,-21.740352951745063,15.796472248353716,3.5002916274694265,3.4652822201317036e-21,2.323020225776106,4.452257761053622,0.48,0.2999999999999998,8.0,1.0500000000000003,104.0,209.0,89.0,1197.0,6.253642030000002,20.0,1.54,3.63e-21,0.6430000000000002,3.4000000000000004,0.021888888888888892,0.014180555555555545,7.138888888888888,0.17749166666666663,1311.6666666666667,4423.805555555556,774.888888888889,145041.47222222228,4.094897329975828,61.51,0.27846666666666664,1.691788888888889e-42,0.03978022222222224,1.4658333333333335,25.0,749.0,"
    Formula: Al1 Co0.149 Cr0.34 Cu0.191 Fe0.34 Ni0.106
    avg_Atomic_Radius: 1.381077140169332
    avg_Pauling_Electronegativity: 1.7131138287864536
    avg_number_of_valence_electrons: 5.767638758231421
    avg_Cohesive_energy_ev_atom: 3.7773000940733774
    avg_Bulk_modulus_RT_Gpa: 122.69049858889936
    avg_Elastic_modulus_RT_Gpa: 147.58748824082784
    avg_Melting_point_(K): 1400.5752116650988
    avg_lattice_constant_A: 3.5002916274694265
    avg_BEC_percm3: 3.4652822201317036e-21
    avg_Av.Valence_bond_strength_ev: 2.323020225776106
    avg_EngelZ_e/a: 4.452257761053622
    Temperature: 25.0
    "
Al1 Co0.326 Cr0.488 Cu0.116 Fe0.279 Ni0.116,1.4029591397849461,1.7141892473118279,5.8193548387096765,3.843415053763441,127.87526881720429,159.75698924731182,61.8632258064516,1467.1401075268818,-22.033892354434403,16.04141935483871,3.3984989247311823,3.66491182795699e-21,2.3297036559139785,4.632946236559139,0.48,0.2999999999999998,8.0,1.0500000000000003,104.0,209.0,89.0,1197.0,6.253642030000002,20.0,1.54,3.63e-21,0.6430000000000002,3.4000000000000004,0.021888888888888892,0.014180555555555545,7.138888888888888,0.17749166666666663,1311.6666666666667,4423.805555555556,774.888888888889,145041.47222222228,4.094897329975828,61.51,0.27846666666666664,1.691788888888889e-42,0.03978022222222224,1.4658333333333335,25.0,828.0,"
    Formula: Al1 Co0.326 Cr0.488 Cu0.116 Fe0.279 Ni0.116
    avg_Atomic_Radius: 1.4029591397849461
    avg_Pauling_Electronegativity: 1.7141892473118279
    avg_number_of_valence_electrons: 5.8193548387096765
    avg_Cohesive_energy_ev_atom: 3.843415053763441
    avg_Bulk_modulus_RT_Gpa: 127.87526881720429
    avg_Elastic_modulus_RT_Gpa: 159.75698924731182
    avg_Melting_point_(K): 1467.1401075268818
    avg_lattice_constant_A: 3.3984989247311823
    avg_BEC_percm3: 3.66491182795699e-21
    avg_Av.Valence_bond_strength_ev: 2.3297036559139785
    avg_EngelZ_e/a: 4.632946236559139
    Temperature: 25.0
    "
Al1 Co0.383 Cr0.319 Cu0.106 Fe0.213 Ni0.106,1.3801692524682652,1.7175505406676073,5.778561354019747,3.8229854254818996,125.11048425011755,149.96285848613073,57.36718382698637,1411.2501410437237,-21.678168180935593,15.358157028678894,3.4307193229901274,3.542087447108604e-21,2.339644099670898,4.505030559473437,0.48,0.2999999999999998,8.0,1.0500000000000003,104.0,209.0,89.0,1197.0,6.253642030000002,20.0,1.54,3.63e-21,0.6430000000000002,3.4000000000000004,0.021888888888888892,0.014180555555555545,7.138888888888888,0.17749166666666663,1311.6666666666667,4423.805555555556,774.888888888889,145041.47222222228,4.094897329975828,61.51,0.27846666666666664,1.691788888888889e-42,0.03978022222222224,1.4658333333333335,25.0,849.0,"
    Formula: Al1 Co0.383 Cr0.319 Cu0.106 Fe0.213 Ni0.106
    avg_Atomic_Radius: 1.3801692524682652
    avg_Pauling_Electronegativity: 1.7175505406676073
    avg_number_of_valence_electrons: 5.778561354019747
    avg_Cohesive_energy_ev_atom: 3.8229854254818996
    avg_Bulk_modulus_RT_Gpa: 125.11048425011755
    avg_Elastic_modulus_RT_Gpa: 149.96285848613073
    avg_Melting_point_(K): 1411.2501410437237
    avg_lattice_constant_A: 3.4307193229901274
    avg_BEC_percm3: 3.542087447108604e-21
    avg_Av.Valence_bond_strength_ev: 2.339644099670898
    avg_EngelZ_e/a: 4.505030559473437
    Temperature: 25.0
    "
Al1 Co0.426 Cr0.383 Cu0.106 Fe0.106 Ni0.106,1.3823695345557123,1.713446168312177,5.738598965679361,3.819793135872121,125.01175364362955,151.96850023507287,58.21861777150918,1420.1302538787027,-21.732612359863662,15.759755524212508,3.423742360131641,3.529243065350259e-21,2.3620771039022097,4.48490832157969,0.48,0.2999999999999998,8.0,1.0500000000000003,104.0,209.0,89.0,1197.0,6.253642030000002,20.0,1.54,3.63e-21,0.6430000000000002,3.4000000000000004,0.021888888888888892,0.014180555555555545,7.138888888888888,0.17749166666666663,1311.6666666666667,4423.805555555556,774.888888888889,145041.47222222228,4.094897329975828,61.51,0.27846666666666664,1.691788888888889e-42,0.03978022222222224,1.4658333333333335,25.0,883.0,"
    Formula: Al1 Co0.426 Cr0.383 Cu0.106 Fe0.106 Ni0.106
    avg_Atomic_Radius: 1.3823695345557123
    avg_Pauling_Electronegativity: 1.713446168312177
    avg_number_of_valence_electrons: 5.738598965679361
    avg_Cohesive_energy_ev_atom: 3.819793135872121
    avg_Bulk_modulus_RT_Gpa: 125.01175364362955
    avg_Elastic_modulus_RT_Gpa: 151.96850023507287
    avg_Melting_point_(K): 1420.1302538787027
    avg_lattice_constant_A: 3.423742360131641
    avg_BEC_percm3: 3.529243065350259e-21
    avg_Av.Valence_bond_strength_ev: 2.3620771039022097
    avg_EngelZ_e/a: 4.48490832157969
    Temperature: 25.0
    "
Al1 Co0.419 Cr0.465 Fe0.279 Ni0.163,1.4045098882201201,1.7160447119518485,5.770851246775581,3.892411865864144,130.0902837489252,162.84393809114357,62.84006878761823,1483.3881771281171,-22.08477106515477,15.82098022355976,3.3600085984522785,3.751564918314704e-21,2.3261732588134136,4.716165090283749,0.48,0.2999999999999998,7.0,1.0500000000000003,104.0,209.0,89.0,1197.0,6.253642030000002,20.0,1.54,3.63e-21,0.6430000000000002,3.4000000000000004,0.026096,0.01453599999999999,6.16,0.14684,1544.96,4630.16,810.16,157301.60000000003,4.105762402460071,65.172,0.301304,1.8700800000000003e-42,0.047285600000000025,1.4944000000000002,25.0,864.0,"
    Formula: Al1 Co0.419 Cr0.465 Fe0.279 Ni0.163
    avg_Atomic_Radius: 1.4045098882201201
    avg_Pauling_Electronegativity: 1.7160447119518485
    avg_number_of_valence_electrons: 5.770851246775581
    avg_Cohesive_energy_ev_atom: 3.892411865864144
    avg_Bulk_modulus_RT_Gpa: 130.0902837489252
    avg_Elastic_modulus_RT_Gpa: 162.84393809114357
    avg_Melting_point_(K): 1483.3881771281171
    avg_lattice_constant_A: 3.3600085984522785
    avg_BEC_percm3: 3.751564918314704e-21
    avg_Av.Valence_bond_strength_ev: 2.3261732588134136
    avg_EngelZ_e/a: 4.716165090283749
    Temperature: 25.0
    "
Al1 Co0.362 Cr0.34 Cu0.106 Fe0.213 Ni0.106,1.3815514809590972,1.7153784673248706,5.748942172073342,3.820122237893746,124.91302303714151,150.6539727315468,57.76210625293841,1414.8241889985893,-21.71760634157028,15.552656323460274,3.434372355430183,3.5385331452750355e-21,2.3410460742830277,4.505030559473437,0.48,0.2999999999999998,8.0,1.0500000000000003,104.0,209.0,89.0,1197.0,6.253642030000002,20.0,1.54,3.63e-21,0.6430000000000002,3.4000000000000004,0.021888888888888892,0.014180555555555545,7.138888888888888,0.17749166666666663,1311.6666666666667,4423.805555555556,774.888888888889,145041.47222222228,4.094897329975828,61.51,0.27846666666666664,1.691788888888889e-42,0.03978022222222224,1.4658333333333335,25.0,841.0,"
    Formula: Al1 Co0.362 Cr0.34 Cu0.106 Fe0.213 Ni0.106
    avg_Atomic_Radius: 1.3815514809590972
    avg_Pauling_Electronegativity: 1.7153784673248706
    avg_number_of_valence_electrons: 5.748942172073342
    avg_Cohesive_energy_ev_atom: 3.820122237893746
    avg_Bulk_modulus_RT_Gpa: 124.91302303714151
    avg_Elastic_modulus_RT_Gpa: 150.6539727315468
    avg_Melting_point_(K): 1414.8241889985893
    avg_lattice_constant_A: 3.434372355430183
    avg_BEC_percm3: 3.5385331452750355e-21
    avg_Av.Valence_bond_strength_ev: 2.3410460742830277
    avg_EngelZ_e/a: 4.505030559473437
    Temperature: 25.0
    "
Al1 Co0.558 Cr0.535 Fe0.116 Ni0.116,1.4064774193548386,1.7122494623655915,5.7290322580645165,3.8901677419354836,130.16774193548386,164.97333333333333,63.52817204301075,1492.2093548387097,-22.091875350507525,16.15827956989247,3.3258580645161286,3.748129032258065e-21,2.353542365591398,4.699698924731182,0.48,0.2999999999999998,7.0,1.0500000000000003,104.0,209.0,89.0,1197.0,6.253642030000002,20.0,1.54,3.63e-21,0.6430000000000002,3.4000000000000004,0.026096,0.01453599999999999,6.16,0.14684,1544.96,4630.16,810.16,157301.60000000003,4.105762402460071,65.172,0.301304,1.8700800000000003e-42,0.047285600000000025,1.4944000000000002,25.0,868.0,"
    Formula: Al1 Co0.558 Cr0.535 Fe0.116 Ni0.116
    avg_Atomic_Radius: 1.4064774193548386
    avg_Pauling_Electronegativity: 1.7122494623655915
    avg_number_of_valence_electrons: 5.7290322580645165
    avg_Cohesive_energy_ev_atom: 3.8901677419354836
    avg_Bulk_modulus_RT_Gpa: 130.16774193548386
    avg_Elastic_modulus_RT_Gpa: 164.97333333333333
    avg_Melting_point_(K): 1492.2093548387097
    avg_lattice_constant_A: 3.3258580645161286
    avg_BEC_percm3: 3.748129032258065e-21
    avg_Av.Valence_bond_strength_ev: 2.353542365591398
    avg_EngelZ_e/a: 4.699698924731182
    Temperature: 25.0
    "
Al1 Co0.581 Cr0.512 Fe0.116 Ni0.116,1.4050924731182795,1.714425806451613,5.758709677419354,3.8930365591397846,130.36559139784944,164.28086021505374,63.13247311827957,1488.6282795698924,-22.052359646331183,15.963397849462366,3.3221978494623654,3.7516903225806456e-21,2.3521376344086025,4.699698924731182,0.48,0.2999999999999998,7.0,1.0500000000000003,104.0,209.0,89.0,1197.0,6.253642030000002,20.0,1.54,3.63e-21,0.6430000000000002,3.4000000000000004,0.026096,0.01453599999999999,6.16,0.14684,1544.96,4630.16,810.16,157301.60000000003,4.105762402460071,65.172,0.301304,1.8700800000000003e-42,0.047285600000000025,1.4944000000000002,25.0,865.0,"
    Formula: Al1 Co0.581 Cr0.512 Fe0.116 Ni0.116
    avg_Atomic_Radius: 1.4050924731182795
    avg_Pauling_Electronegativity: 1.714425806451613
    avg_number_of_valence_electrons: 5.758709677419354
    avg_Cohesive_energy_ev_atom: 3.8930365591397846
    avg_Bulk_modulus_RT_Gpa: 130.36559139784944
    avg_Elastic_modulus_RT_Gpa: 164.28086021505374
    avg_Melting_point_(K): 1488.6282795698924
    avg_lattice_constant_A: 3.3221978494623654
    avg_BEC_percm3: 3.7516903225806456e-21
    avg_Av.Valence_bond_strength_ev: 2.3521376344086025
    avg_EngelZ_e/a: 4.699698924731182
    Temperature: 25.0
    "
Al1 Co0.457 Cr0.391 Cu0.109 Fe0.109 Ni0.109,1.38583908045977,1.7163126436781608,5.8022988505747115,3.8299862068965513,126.08275862068963,153.36597701149424,58.70988505747126,1428.5711494252876,-21.755148528882753,15.606620689655172,3.408344827586206,3.565935632183908e-21,2.3590639080459774,4.515448275862068,0.48,0.2999999999999998,8.0,1.0500000000000003,104.0,209.0,89.0,1197.0,6.253642030000002,20.0,1.54,3.63e-21,0.6430000000000002,3.4000000000000004,0.021888888888888892,0.014180555555555545,7.138888888888888,0.17749166666666663,1311.6666666666667,4423.805555555556,774.888888888889,145041.47222222228,4.094897329975828,61.51,0.27846666666666664,1.691788888888889e-42,0.03978022222222224,1.4658333333333335,25.0,840.0,"
    Formula: Al1 Co0.457 Cr0.391 Cu0.109 Fe0.109 Ni0.109
    avg_Atomic_Radius: 1.38583908045977
    avg_Pauling_Electronegativity: 1.7163126436781608
    avg_number_of_valence_electrons: 5.8022988505747115
    avg_Cohesive_energy_ev_atom: 3.8299862068965513
    avg_Bulk_modulus_RT_Gpa: 126.08275862068963
    avg_Elastic_modulus_RT_Gpa: 153.36597701149424
    avg_Melting_point_(K): 1428.5711494252876
    avg_lattice_constant_A: 3.408344827586206
    avg_BEC_percm3: 3.565935632183908e-21
    avg_Av.Valence_bond_strength_ev: 2.3590639080459774
    avg_EngelZ_e/a: 4.515448275862068
    Temperature: 25.0
    "
Al1 Co0.512 Cr0.512 Fe0.186 Ni0.116,1.4063456577815994,1.7129922613929494,5.730008598452279,3.8899398108340497,130.0859845227859,164.36027515047292,63.34823731728289,1489.9522355975926,-22.091681256010318,16.0731728288908,3.3326827171109197,3.75360275150473e-21,2.3412132416165092,4.712295786758384,0.48,0.2999999999999998,7.0,1.0500000000000003,104.0,209.0,89.0,1197.0,6.253642030000002,20.0,1.54,3.63e-21,0.6430000000000002,3.4000000000000004,0.026096,0.01453599999999999,6.16,0.14684,1544.96,4630.16,810.16,157301.60000000003,4.105762402460071,65.172,0.301304,1.8700800000000003e-42,0.047285600000000025,1.4944000000000002,25.0,882.0,"
    Formula: Al1 Co0.512 Cr0.512 Fe0.186 Ni0.116
    avg_Atomic_Radius: 1.4063456577815994
    avg_Pauling_Electronegativity: 1.7129922613929494
    avg_number_of_valence_electrons: 5.730008598452279
    avg_Cohesive_energy_ev_atom: 3.8899398108340497
    avg_Bulk_modulus_RT_Gpa: 130.0859845227859
    avg_Elastic_modulus_RT_Gpa: 164.36027515047292
    avg_Melting_point_(K): 1489.9522355975926
    avg_lattice_constant_A: 3.3326827171109197
    avg_BEC_percm3: 3.75360275150473e-21
    avg_Av.Valence_bond_strength_ev: 2.3412132416165092
    avg_EngelZ_e/a: 4.712295786758384
    Temperature: 25.0
    "
Al1 Co0.512 Cr0.535 Fe0.163 Ni0.116,1.4073344797936373,1.7113112639724848,5.710232158211522,3.8881599312123813,129.9871023215821,165.03267411865863,63.674548581255365,1493.1362424763545,-22.11825628434652,16.230395528804817,3.3327815993121233,3.749647463456579e-21,2.3461870163370593,4.708340498710232,0.48,0.2999999999999998,7.0,1.0500000000000003,104.0,209.0,89.0,1197.0,6.253642030000002,20.0,1.54,3.63e-21,0.6430000000000002,3.4000000000000004,0.026096,0.01453599999999999,6.16,0.14684,1544.96,4630.16,810.16,157301.60000000003,4.105762402460071,65.172,0.301304,1.8700800000000003e-42,0.047285600000000025,1.4944000000000002,25.0,883.0,"
    Formula: Al1 Co0.512 Cr0.535 Fe0.163 Ni0.116
    avg_Atomic_Radius: 1.4073344797936373
    avg_Pauling_Electronegativity: 1.7113112639724848
    avg_number_of_valence_electrons: 5.710232158211522
    avg_Cohesive_energy_ev_atom: 3.8881599312123813
    avg_Bulk_modulus_RT_Gpa: 129.9871023215821
    avg_Elastic_modulus_RT_Gpa: 165.03267411865863
    avg_Melting_point_(K): 1493.1362424763545
    avg_lattice_constant_A: 3.3327815993121233
    avg_BEC_percm3: 3.749647463456579e-21
    avg_Av.Valence_bond_strength_ev: 2.3461870163370593
    avg_EngelZ_e/a: 4.708340498710232
    Temperature: 25.0
    "
Al1 Co0.465 Cr0.488 Fe0.209 Ni0.163,1.4046408602150537,1.7153032258064518,5.769892473118279,3.892640860215054,130.1720430107527,163.45634408602155,63.01978494623657,1485.64247311828,-22.084962187526884,15.905978494623657,3.353195698924731,3.746090322580645e-21,2.338495913978495,4.703569892473118,0.48,0.2999999999999998,7.0,1.0500000000000003,104.0,209.0,89.0,1197.0,6.253642030000002,20.0,1.54,3.63e-21,0.6430000000000002,3.4000000000000004,0.026096,0.01453599999999999,6.16,0.14684,1544.96,4630.16,810.16,157301.60000000003,4.105762402460071,65.172,0.301304,1.8700800000000003e-42,0.047285600000000025,1.4944000000000002,25.0,828.0,"
    Formula: Al1 Co0.465 Cr0.488 Fe0.209 Ni0.163
    avg_Atomic_Radius: 1.4046408602150537
    avg_Pauling_Electronegativity: 1.7153032258064518
    avg_number_of_valence_electrons: 5.769892473118279
    avg_Cohesive_energy_ev_atom: 3.892640860215054
    avg_Bulk_modulus_RT_Gpa: 130.1720430107527
    avg_Elastic_modulus_RT_Gpa: 163.45634408602155
    avg_Melting_point_(K): 1485.64247311828
    avg_lattice_constant_A: 3.353195698924731
    avg_BEC_percm3: 3.746090322580645e-21
    avg_Av.Valence_bond_strength_ev: 2.338495913978495
    avg_EngelZ_e/a: 4.703569892473118
    Temperature: 25.0
    "
Al1 Co0.512 Cr0.581 Fe0.116 Ni0.116,1.409247311827957,1.7078967741935482,5.669677419354839,3.884430107526881,129.7720430107527,166.35827956989243,64.31956989247311,1499.371505376344,-22.170906758860212,16.548043010752686,3.333178494623655,3.741006451612904e-21,2.3563518279569893,4.699698924731182,0.48,0.2999999999999998,7.0,1.0500000000000003,104.0,209.0,89.0,1197.0,6.253642030000002,20.0,1.54,3.63e-21,0.6430000000000002,3.4000000000000004,0.026096,0.01453599999999999,6.16,0.14684,1544.96,4630.16,810.16,157301.60000000003,4.105762402460071,65.172,0.301304,1.8700800000000003e-42,0.047285600000000025,1.4944000000000002,25.0,848.0,"
    Formula: Al1 Co0.512 Cr0.581 Fe0.116 Ni0.116
    avg_Atomic_Radius: 1.409247311827957
    avg_Pauling_Electronegativity: 1.7078967741935482
    avg_number_of_valence_electrons: 5.669677419354839
    avg_Cohesive_energy_ev_atom: 3.884430107526881
    avg_Bulk_modulus_RT_Gpa: 129.7720430107527
    avg_Elastic_modulus_RT_Gpa: 166.35827956989243
    avg_Melting_point_(K): 1499.371505376344
    avg_lattice_constant_A: 3.333178494623655
    avg_BEC_percm3: 3.741006451612904e-21
    avg_Av.Valence_bond_strength_ev: 2.3563518279569893
    avg_EngelZ_e/a: 4.699698924731182
    Temperature: 25.0
    "
Al1 Co0.404 Cr0.404 Cu0.106 Fe0.106 Ni0.106,1.3836876763875825,1.711194731890875,5.707431796801505,3.8166603951081846,124.78833490122297,152.63311382878643,58.60583254938853,1423.5422859830671,-21.7719310914111,15.959266227657572,3.42782690498589,3.5248071495766706e-21,2.363550329256821,4.484195672624648,0.48,0.2999999999999998,8.0,1.0500000000000003,104.0,209.0,89.0,1197.0,6.253642030000002,20.0,1.54,3.63e-21,0.6430000000000002,3.4000000000000004,0.021888888888888892,0.014180555555555545,7.138888888888888,0.17749166666666663,1311.6666666666667,4423.805555555556,774.888888888889,145041.47222222228,4.094897329975828,61.51,0.27846666666666664,1.691788888888889e-42,0.03978022222222224,1.4658333333333335,25.0,878.0,"
    Formula: Al1 Co0.404 Cr0.404 Cu0.106 Fe0.106 Ni0.106
    avg_Atomic_Radius: 1.3836876763875825
    avg_Pauling_Electronegativity: 1.711194731890875
    avg_number_of_valence_electrons: 5.707431796801505
    avg_Cohesive_energy_ev_atom: 3.8166603951081846
    avg_Bulk_modulus_RT_Gpa: 124.78833490122297
    avg_Elastic_modulus_RT_Gpa: 152.63311382878643
    avg_Melting_point_(K): 1423.5422859830671
    avg_lattice_constant_A: 3.42782690498589
    avg_BEC_percm3: 3.5248071495766706e-21
    avg_Av.Valence_bond_strength_ev: 2.363550329256821
    avg_EngelZ_e/a: 4.484195672624648
    Temperature: 25.0
    "
Al1 Co0.674 Cr0.419 Fe0.116 Ni0.116,1.3994924731182796,1.723225806451613,5.878709677419355,3.9046365591397842,131.16559139784945,161.48086021505378,61.53247311827956,1474.1482795698926,-21.892578755531183,15.175397849462366,3.3073978494623653,3.766090322580646e-21,2.3464576344086026,4.699698924731182,0.48,0.2999999999999998,7.0,1.0500000000000003,104.0,209.0,89.0,1197.0,6.253642030000002,20.0,1.54,3.63e-21,0.6430000000000002,3.4000000000000004,0.026096,0.01453599999999999,6.16,0.14684,1544.96,4630.16,810.16,157301.60000000003,4.105762402460071,65.172,0.301304,1.8700800000000003e-42,0.047285600000000025,1.4944000000000002,25.0,782.0,"
    Formula: Al1 Co0.674 Cr0.419 Fe0.116 Ni0.116
    avg_Atomic_Radius: 1.3994924731182796
    avg_Pauling_Electronegativity: 1.723225806451613
    avg_number_of_valence_electrons: 5.878709677419355
    avg_Cohesive_energy_ev_atom: 3.9046365591397842
    avg_Bulk_modulus_RT_Gpa: 131.16559139784945
    avg_Elastic_modulus_RT_Gpa: 161.48086021505378
    avg_Melting_point_(K): 1474.1482795698926
    avg_lattice_constant_A: 3.3073978494623653
    avg_BEC_percm3: 3.766090322580646e-21
    avg_Av.Valence_bond_strength_ev: 2.3464576344086026
    avg_EngelZ_e/a: 4.699698924731182
    Temperature: 25.0
    "
Cr0.286 Mo0.476 Nb1 Ta0.024 Ti0.31 V0.286,1.8647439126784215,1.7138958858102435,5.189756507136859,6.3834928631402175,172.08228379513014,175.66330814441648,45.82199832073888,2528.3296809403864,-9.092647898161209,90.99496221662469,3.140528967254408,3.2791519731318223e-21,3.598385390428212,5.189756507136859,0.3400000000000001,0.6600000000000001,2.0,4.0,120.0,224.0,95.0,1336.0,23.042646454,75.0,0.43000000000000016,2.8000000000000004e-21,2.271,2.0,0.01739166666666667,0.0486138888888889,0.47222222222222215,2.1436916666666668,1380.5555555555554,7300.25,915.5833333333334,228475.66666666666,53.32692006287095,781.25,0.027313888888888877,8.628888888888892e-43,0.7495344722222222,0.47222222222222215,25.0,741.0,"
    Formula: Cr0.286 Mo0.476 Nb1 Ta0.024 Ti0.31 V0.286
    avg_Atomic_Radius: 1.8647439126784215
    avg_Pauling_Electronegativity: 1.7138958858102435
    avg_number_of_valence_electrons: 5.189756507136859
    avg_Cohesive_energy_ev_atom: 6.3834928631402175
    avg_Bulk_modulus_RT_Gpa: 172.08228379513014
    avg_Elastic_modulus_RT_Gpa: 175.66330814441648
    avg_Melting_point_(K): 2528.3296809403864
    avg_lattice_constant_A: 3.140528967254408
    avg_BEC_percm3: 3.2791519731318223e-21
    avg_Av.Valence_bond_strength_ev: 3.598385390428212
    avg_EngelZ_e/a: 5.189756507136859
    Temperature: 25.0
    "
Al1 Co1 Ni1 Ti1,1.4875,1.735,6.5,4.2675,136.5,148.75,55.25,1590.15,-19.070686034999998,32.475,3.2575000000000003,3.5775e-21,2.49,4.6,0.5800000000000001,0.3699999999999999,7.0,1.4599999999999995,104.0,139.0,50.0,1000.0000000000001,11.694749499999999,95.0,1.54,3.59e-21,0.718,3.0,0.04246875000000001,0.026324999999999973,9.25,0.2885187499999998,2036.75,3382.6875,450.6875,149869.50000000006,21.0670685842722,1554.6868750000003,0.33756875000000003,2.4698187500000002e-42,0.07461400000000003,1.3800000000000001,25.0,672.0,"
    Formula: Al1 Co1 Ni1 Ti1
    avg_Atomic_Radius: 1.4875
    avg_Pauling_Electronegativity: 1.735
    avg_number_of_valence_electrons: 6.5
    avg_Cohesive_energy_ev_atom: 4.2675
    avg_Bulk_modulus_RT_Gpa: 136.5
    avg_Elastic_modulus_RT_Gpa: 148.75
    avg_Melting_point_(K): 1590.15
    avg_lattice_constant_A: 3.2575000000000003
    avg_BEC_percm3: 3.5775e-21
    avg_Av.Valence_bond_strength_ev: 2.49
    avg_EngelZ_e/a: 4.6
    Temperature: 25.0
    "
Al1 Fe1 Ni1 Ti1,1.4975,1.7225000000000001,6.25,4.24,134.0,149.25,57.0,1600.15,-19.39743056,33.425,3.3475,3.5875e-21,2.39975,4.7,0.5800000000000001,0.3699999999999999,7.0,1.4599999999999995,104.0,141.0,56.0,1000.0000000000001,11.935334420000002,95.0,1.1799999999999997,3.63e-21,1.0790000000000002,3.4000000000000004,0.04341875000000001,0.023168749999999988,8.1875,0.2840499999999999,1838.0,3443.6875,529.0,153729.50000000006,23.318591596697694,1505.761875,0.22731874999999985,2.50656875e-42,0.14922818750000005,1.6900000000000004,25.0,666.0,"
    Formula: Al1 Fe1 Ni1 Ti1
    avg_Atomic_Radius: 1.4975
    avg_Pauling_Electronegativity: 1.7225000000000001
    avg_number_of_valence_electrons: 6.25
    avg_Cohesive_energy_ev_atom: 4.24
    avg_Bulk_modulus_RT_Gpa: 134.0
    avg_Elastic_modulus_RT_Gpa: 149.25
    avg_Melting_point_(K): 1600.15
    avg_lattice_constant_A: 3.3475
    avg_BEC_percm3: 3.5875e-21
    avg_Av.Valence_bond_strength_ev: 2.39975
    avg_EngelZ_e/a: 4.7
    Temperature: 25.0
    "
Al1 Co1 Fe1 Ni1 Ti1,1.5020000000000002,1.7540000000000002,6.8,4.27,143.2,161.2,60.60000000000001,1633.7500000000002,-19.923135800000004,27.8,3.1800000000000006,3.95e-21,2.3622000000000005,4.96,0.5800000000000001,0.3699999999999999,7.0,1.4599999999999995,104.0,141.0,56.0,1000.0000000000001,11.935334420000002,95.0,1.54,3.63e-21,1.0790000000000002,3.4000000000000004,0.034816000000000014,0.022503999999999986,7.760000000000001,0.23083999999999988,1808.9599999999998,3326.16,475.03999999999996,127499.44000000003,19.760337274811985,1331.172,0.29408,2.5308800000000002e-42,0.12502256000000003,1.6224,25.0,667.0,"
    Formula: Al1 Co1 Fe1 Ni1 Ti1
    avg_Atomic_Radius: 1.5020000000000002
    avg_Pauling_Electronegativity: 1.7540000000000002
    avg_number_of_valence_electrons: 6.8
    avg_Cohesive_energy_ev_atom: 4.27
    avg_Bulk_modulus_RT_Gpa: 143.2
    avg_Elastic_modulus_RT_Gpa: 161.2
    avg_Melting_point_(K): 1633.7500000000002
    avg_lattice_constant_A: 3.1800000000000006
    avg_BEC_percm3: 3.95e-21
    avg_Av.Valence_bond_strength_ev: 2.3622000000000005
    avg_EngelZ_e/a: 4.96
    Temperature: 25.0
    "
Al1 Cr1 Cu1 Fe1 Ni1,1.4680000000000002,1.7820000000000005,7.6,3.9400000000000004,145.2,178.0,69.4,1590.7500000000002,-22.571667812,12.86,3.3860000000000006,4.136e-21,2.2644,4.98,0.48,0.2999999999999998,8.0,1.0500000000000003,104.0,209.0,89.0,1197.0,6.253642030000002,20.0,1.1799999999999997,3.63e-21,0.6430000000000002,3.4000000000000004,0.025816000000000006,0.015415999999999989,8.24,0.17924,1372.16,5148.4,924.64,168804.64,4.864243370591835,64.2864,0.20626399999999992,1.7638640000000006e-42,0.047278640000000025,1.5856000000000006,25.0,434.0,"
    Formula: Al1 Cr1 Cu1 Fe1 Ni1
    avg_Atomic_Radius: 1.4680000000000002
    avg_Pauling_Electronegativity: 1.7820000000000005
    avg_number_of_valence_electrons: 7.6
    avg_Cohesive_energy_ev_atom: 3.9400000000000004
    avg_Bulk_modulus_RT_Gpa: 145.2
    avg_Elastic_modulus_RT_Gpa: 178.0
    avg_Melting_point_(K): 1590.7500000000002
    avg_lattice_constant_A: 3.3860000000000006
    avg_BEC_percm3: 4.136e-21
    avg_Av.Valence_bond_strength_ev: 2.2644
    avg_EngelZ_e/a: 4.98
    Temperature: 25.0
    "
Al1 Cr1 Cu1 Fe1 Ni1,1.4680000000000002,1.7820000000000005,7.6,3.9400000000000004,145.2,178.0,69.4,1590.7500000000002,-22.571667812,12.86,3.3860000000000006,4.136e-21,2.2644,4.98,0.48,0.2999999999999998,8.0,1.0500000000000003,104.0,209.0,89.0,1197.0,6.253642030000002,20.0,1.1799999999999997,3.63e-21,0.6430000000000002,3.4000000000000004,0.025816000000000006,0.015415999999999989,8.24,0.17924,1372.16,5148.4,924.64,168804.64,4.864243370591835,64.2864,0.20626399999999992,1.7638640000000006e-42,0.047278640000000025,1.5856000000000006,25.0,666.0,"
    Formula: Al1 Cr1 Cu1 Fe1 Ni1
    avg_Atomic_Radius: 1.4680000000000002
    avg_Pauling_Electronegativity: 1.7820000000000005
    avg_number_of_valence_electrons: 7.6
    avg_Cohesive_energy_ev_atom: 3.9400000000000004
    avg_Bulk_modulus_RT_Gpa: 145.2
    avg_Elastic_modulus_RT_Gpa: 178.0
    avg_Melting_point_(K): 1590.7500000000002
    avg_lattice_constant_A: 3.3860000000000006
    avg_BEC_percm3: 4.136e-21
    avg_Av.Valence_bond_strength_ev: 2.2644
    avg_EngelZ_e/a: 4.98
    Temperature: 25.0
    "
Al1 Cr1 Cu1 Fe1 Ni1,1.4680000000000002,1.7820000000000005,7.6,3.9400000000000004,145.2,178.0,69.4,1590.7500000000002,-22.571667812,12.86,3.3860000000000006,4.136e-21,2.2644,4.98,0.48,0.2999999999999998,8.0,1.0500000000000003,104.0,209.0,89.0,1197.0,6.253642030000002,20.0,1.1799999999999997,3.63e-21,0.6430000000000002,3.4000000000000004,0.025816000000000006,0.015415999999999989,8.24,0.17924,1372.16,5148.4,924.64,168804.64,4.864243370591835,64.2864,0.20626399999999992,1.7638640000000006e-42,0.047278640000000025,1.5856000000000006,25.0,761.0,"
    Formula: Al1 Cr1 Cu1 Fe1 Ni1
    avg_Atomic_Radius: 1.4680000000000002
    avg_Pauling_Electronegativity: 1.7820000000000005
    avg_number_of_valence_electrons: 7.6
    avg_Cohesive_energy_ev_atom: 3.9400000000000004
    avg_Bulk_modulus_RT_Gpa: 145.2
    avg_Elastic_modulus_RT_Gpa: 178.0
    avg_Melting_point_(K): 1590.7500000000002
    avg_lattice_constant_A: 3.3860000000000006
    avg_BEC_percm3: 4.136e-21
    avg_Av.Valence_bond_strength_ev: 2.2644
    avg_EngelZ_e/a: 4.98
    Temperature: 25.0
    "
Al1 Cr1 Cu1 Fe1 Ni1,1.4680000000000002,1.7820000000000005,7.6,3.9400000000000004,145.2,178.0,69.4,1590.7500000000002,-22.571667812,12.86,3.3860000000000006,4.136e-21,2.2644,4.98,0.48,0.2999999999999998,8.0,1.0500000000000003,104.0,209.0,89.0,1197.0,6.253642030000002,20.0,1.1799999999999997,3.63e-21,0.6430000000000002,3.4000000000000004,0.025816000000000006,0.015415999999999989,8.24,0.17924,1372.16,5148.4,924.64,168804.64,4.864243370591835,64.2864,0.20626399999999992,1.7638640000000006e-42,0.047278640000000025,1.5856000000000006,25.0,747.0,"
    Formula: Al1 Cr1 Cu1 Fe1 Ni1
    avg_Atomic_Radius: 1.4680000000000002
    avg_Pauling_Electronegativity: 1.7820000000000005
    avg_number_of_valence_electrons: 7.6
    avg_Cohesive_energy_ev_atom: 3.9400000000000004
    avg_Bulk_modulus_RT_Gpa: 145.2
    avg_Elastic_modulus_RT_Gpa: 178.0
    avg_Melting_point_(K): 1590.7500000000002
    avg_lattice_constant_A: 3.3860000000000006
    avg_BEC_percm3: 4.136e-21
    avg_Av.Valence_bond_strength_ev: 2.2644
    avg_EngelZ_e/a: 4.98
    Temperature: 25.0
    "
Al0.3 Co1 Cr1 Fe1 Ni1,1.5311627906976746,1.805348837209302,7.883720930232558,4.238837209302325,165.7674418604651,213.95348837209303,82.74418604651163,1793.6151162790698,-23.34924923023256,11.693023255813953,3.022093023255814,4.94953488372093e-21,2.2067906976744185,5.7441860465116275,0.48,0.2999999999999998,7.0,1.0500000000000003,104.0,209.0,89.0,1197.0,6.253642030000002,20.0,1.54,3.63e-21,0.6430000000000002,3.4000000000000004,0.026096,0.01453599999999999,6.16,0.14684,1544.96,4630.16,810.16,157301.60000000003,4.105762402460071,65.172,0.301304,1.8700800000000003e-42,0.047285600000000025,1.4944000000000002,300.0,132.0,"
    Formula: Al0.3 Co1 Cr1 Fe1 Ni1
    avg_Atomic_Radius: 1.5311627906976746
    avg_Pauling_Electronegativity: 1.805348837209302
    avg_number_of_valence_electrons: 7.883720930232558
    avg_Cohesive_energy_ev_atom: 4.238837209302325
    avg_Bulk_modulus_RT_Gpa: 165.7674418604651
    avg_Elastic_modulus_RT_Gpa: 213.95348837209303
    avg_Melting_point_(K): 1793.6151162790698
    avg_lattice_constant_A: 3.022093023255814
    avg_BEC_percm3: 4.94953488372093e-21
    avg_Av.Valence_bond_strength_ev: 2.2067906976744185
    avg_EngelZ_e/a: 5.7441860465116275
    Temperature: 300.0
    "
Al0.3 Co1 Cr1 Fe1 Ni1,1.5311627906976746,1.805348837209302,7.883720930232558,4.238837209302325,165.7674418604651,213.95348837209303,82.74418604651163,1793.6151162790698,-23.34924923023256,11.693023255813953,3.022093023255814,4.94953488372093e-21,2.2067906976744185,5.7441860465116275,0.48,0.2999999999999998,7.0,1.0500000000000003,104.0,209.0,89.0,1197.0,6.253642030000002,20.0,1.54,3.63e-21,0.6430000000000002,3.4000000000000004,0.026096,0.01453599999999999,6.16,0.14684,1544.96,4630.16,810.16,157301.60000000003,4.105762402460071,65.172,0.301304,1.8700800000000003e-42,0.047285600000000025,1.4944000000000002,340.0,147.0,"
    Formula: Al0.3 Co1 Cr1 Fe1 Ni1
    avg_Atomic_Radius: 1.5311627906976746
    avg_Pauling_Electronegativity: 1.805348837209302
    avg_number_of_valence_electrons: 7.883720930232558
    avg_Cohesive_energy_ev_atom: 4.238837209302325
    avg_Bulk_modulus_RT_Gpa: 165.7674418604651
    avg_Elastic_modulus_RT_Gpa: 213.95348837209303
    avg_Melting_point_(K): 1793.6151162790698
    avg_lattice_constant_A: 3.022093023255814
    avg_BEC_percm3: 4.94953488372093e-21
    avg_Av.Valence_bond_strength_ev: 2.2067906976744185
    avg_EngelZ_e/a: 5.7441860465116275
    Temperature: 340.0
    "
Al0.3 Co1 Cr1 Fe1 Ni1,1.5311627906976746,1.805348837209302,7.883720930232558,4.238837209302325,165.7674418604651,213.95348837209303,82.74418604651163,1793.6151162790698,-23.34924923023256,11.693023255813953,3.022093023255814,4.94953488372093e-21,2.2067906976744185,5.7441860465116275,0.48,0.2999999999999998,7.0,1.0500000000000003,104.0,209.0,89.0,1197.0,6.253642030000002,20.0,1.54,3.63e-21,0.6430000000000002,3.4000000000000004,0.026096,0.01453599999999999,6.16,0.14684,1544.96,4630.16,810.16,157301.60000000003,4.105762402460071,65.172,0.301304,1.8700800000000003e-42,0.047285600000000025,1.4944000000000002,430.0,165.0,"
    Formula: Al0.3 Co1 Cr1 Fe1 Ni1
    avg_Atomic_Radius: 1.5311627906976746
    avg_Pauling_Electronegativity: 1.805348837209302
    avg_number_of_valence_electrons: 7.883720930232558
    avg_Cohesive_energy_ev_atom: 4.238837209302325
    avg_Bulk_modulus_RT_Gpa: 165.7674418604651
    avg_Elastic_modulus_RT_Gpa: 213.95348837209303
    avg_Melting_point_(K): 1793.6151162790698
    avg_lattice_constant_A: 3.022093023255814
    avg_BEC_percm3: 4.94953488372093e-21
    avg_Av.Valence_bond_strength_ev: 2.2067906976744185
    avg_EngelZ_e/a: 5.7441860465116275
    Temperature: 430.0
    "
Al1 Co1 Cr1 Fe1 Ni1,1.4820000000000002,1.778,7.200000000000001,4.12,153.2,193.8,74.80000000000001,1673.15,-22.847711518000004,12.8,3.166,4.510000000000001e-21,2.2470000000000003,5.360000000000001,0.48,0.2999999999999998,7.0,1.0500000000000003,104.0,209.0,89.0,1197.0,6.253642030000002,20.0,1.54,3.63e-21,0.6430000000000002,3.4000000000000004,0.026096,0.01453599999999999,6.16,0.14684,1544.96,4630.16,810.16,157301.60000000003,4.105762402460071,65.172,0.301304,1.8700800000000003e-42,0.047285600000000025,1.4944000000000002,25.0,519.0,"
    Formula: Al1 Co1 Cr1 Fe1 Ni1
    avg_Atomic_Radius: 1.4820000000000002
    avg_Pauling_Electronegativity: 1.778
    avg_number_of_valence_electrons: 7.200000000000001
    avg_Cohesive_energy_ev_atom: 4.12
    avg_Bulk_modulus_RT_Gpa: 153.2
    avg_Elastic_modulus_RT_Gpa: 193.8
    avg_Melting_point_(K): 1673.15
    avg_lattice_constant_A: 3.166
    avg_BEC_percm3: 4.510000000000001e-21
    avg_Av.Valence_bond_strength_ev: 2.2470000000000003
    avg_EngelZ_e/a: 5.360000000000001
    Temperature: 25.0
    "
Al1 Co1 Cr1 Fe1 Ni1,1.4820000000000002,1.778,7.200000000000001,4.12,153.2,193.8,74.80000000000001,1673.15,-22.847711518000004,12.8,3.166,4.510000000000001e-21,2.2470000000000003,5.360000000000001,0.48,0.2999999999999998,7.0,1.0500000000000003,104.0,209.0,89.0,1197.0,6.253642030000002,20.0,1.54,3.63e-21,0.6430000000000002,3.4000000000000004,0.026096,0.01453599999999999,6.16,0.14684,1544.96,4630.16,810.16,157301.60000000003,4.105762402460071,65.172,0.301304,1.8700800000000003e-42,0.047285600000000025,1.4944000000000002,25.0,493.0,"
    Formula: Al1 Co1 Cr1 Fe1 Ni1
    avg_Atomic_Radius: 1.4820000000000002
    avg_Pauling_Electronegativity: 1.778
    avg_number_of_valence_electrons: 7.200000000000001
    avg_Cohesive_energy_ev_atom: 4.12
    avg_Bulk_modulus_RT_Gpa: 153.2
    avg_Elastic_modulus_RT_Gpa: 193.8
    avg_Melting_point_(K): 1673.15
    avg_lattice_constant_A: 3.166
    avg_BEC_percm3: 4.510000000000001e-21
    avg_Av.Valence_bond_strength_ev: 2.2470000000000003
    avg_EngelZ_e/a: 5.360000000000001
    Temperature: 25.0
    "
Mo1 Nb1 Re0.5 W1,1.9285714285714284,2.02,5.857142857142857,7.801428571428571,255.71428571428572,307.57142857142856,88.0,3154.578571428571,-10.50287675542857,92.21428571428571,3.1399999999999997,3.625714285714286e-21,4.513285714285715,5.828571428571428,0.10000000000000009,0.7599999999999998,2.0,2.08,200.0,358.0,158.0,942.0,17.859618984,54.5,0.54,1.8700000000000002e-21,1.1709999999999998,1.7999999999999998,0.0014187500000000025,0.08127499999999999,0.5,0.5681499999999999,5800.0,18710.0,5011.6875,150951.6875,55.572633473114195,556.921875,0.040368750000000016,4.416500000000001e-43,0.17411068749999994,0.40749999999999986,25.0,473.0,"
    Formula: Mo1 Nb1 Re0.5 W1
    avg_Atomic_Radius: 1.9285714285714284
    avg_Pauling_Electronegativity: 2.02
    avg_number_of_valence_electrons: 5.857142857142857
    avg_Cohesive_energy_ev_atom: 7.801428571428571
    avg_Bulk_modulus_RT_Gpa: 255.71428571428572
    avg_Elastic_modulus_RT_Gpa: 307.57142857142856
    avg_Melting_point_(K): 3154.578571428571
    avg_lattice_constant_A: 3.1399999999999997
    avg_BEC_percm3: 3.625714285714286e-21
    avg_Av.Valence_bond_strength_ev: 4.513285714285715
    avg_EngelZ_e/a: 5.828571428571428
    Temperature: 25.0
    "
C0.2 Mo1 Nb1 Re0.5 Ta0.2 W1,1.8676923076923078,2.0205128205128204,5.717948717948717,7.794615384615384,241.4358974358974,286.97948717948714,83.10256410256409,3185.3551282051285,-9.935909860769229,88.15128205128204,3.1707692307692303,3.755384615384616e-21,4.533974358974358,5.692307692307692,1.33,1.0499999999999998,3.0,2.08,337.0,435.4,166.5,942.0,19.583315331,94.8,0.81,4.380000000000001e-21,1.1709999999999998,2.8,0.22505555555555556,0.14614722222222218,0.9166666666666666,0.42518055555555545,11426.805555555557,25339.333333333332,4390.20138888889,127446.22222222219,51.99856784535567,1373.701388888889,0.05938055555555557,2.1819333333333347e-42,0.12795391666666658,0.8222222222222223,25.0,510.0,"
    Formula: C0.2 Mo1 Nb1 Re0.5 Ta0.2 W1
    avg_Atomic_Radius: 1.8676923076923078
    avg_Pauling_Electronegativity: 2.0205128205128204
    avg_number_of_valence_electrons: 5.717948717948717
    avg_Cohesive_energy_ev_atom: 7.794615384615384
    avg_Bulk_modulus_RT_Gpa: 241.4358974358974
    avg_Elastic_modulus_RT_Gpa: 286.97948717948714
    avg_Melting_point_(K): 3185.3551282051285
    avg_lattice_constant_A: 3.1707692307692303
    avg_BEC_percm3: 3.755384615384616e-21
    avg_Av.Valence_bond_strength_ev: 4.533974358974358
    avg_EngelZ_e/a: 5.692307692307692
    Temperature: 25.0
    "
C0.4 Mo1 Nb1 Re0.5 Ta0.4 W1,1.818139534883721,2.0209302325581397,5.604651162790698,7.789069767441861,229.81395348837208,270.21860465116276,79.11627906976744,3210.4058139534886,-9.474425179069767,84.84418604651162,3.195813953488372,3.8609302325581396e-21,4.550813953488372,5.5813953488372094,1.33,1.0499999999999998,3.0,2.08,337.0,435.4,166.5,942.0,19.583315331,94.8,0.81,4.380000000000001e-21,1.1709999999999998,2.8,0.22505555555555556,0.14614722222222218,0.9166666666666666,0.42518055555555545,11426.805555555557,25339.333333333332,4390.20138888889,127446.22222222219,51.99856784535567,1373.701388888889,0.05938055555555557,2.1819333333333347e-42,0.12795391666666658,0.8222222222222223,25.0,558.0,"
    Formula: C0.4 Mo1 Nb1 Re0.5 Ta0.4 W1
    avg_Atomic_Radius: 1.818139534883721
    avg_Pauling_Electronegativity: 2.0209302325581397
    avg_number_of_valence_electrons: 5.604651162790698
    avg_Cohesive_energy_ev_atom: 7.789069767441861
    avg_Bulk_modulus_RT_Gpa: 229.81395348837208
    avg_Elastic_modulus_RT_Gpa: 270.21860465116276
    avg_Melting_point_(K): 3210.4058139534886
    avg_lattice_constant_A: 3.195813953488372
    avg_BEC_percm3: 3.8609302325581396e-21
    avg_Av.Valence_bond_strength_ev: 4.550813953488372
    avg_EngelZ_e/a: 5.5813953488372094
    Temperature: 25.0
    "
C0.5 Mo1 Nb1 Re0.5 Ta0.5 W1,1.7966666666666664,2.021111111111111,5.555555555555555,7.786666666666667,224.77777777777777,262.9555555555555,77.38888888888889,3221.261111111111,-9.274448483666665,83.41111111111113,3.2066666666666666,3.906666666666667e-21,4.558111111111112,5.533333333333333,1.33,1.0499999999999998,3.0,2.08,337.0,435.4,166.5,942.0,19.583315331,94.8,0.81,4.380000000000001e-21,1.1709999999999998,2.8,0.22505555555555556,0.14614722222222218,0.9166666666666666,0.42518055555555545,11426.805555555557,25339.333333333332,4390.20138888889,127446.22222222219,51.99856784535567,1373.701388888889,0.05938055555555557,2.1819333333333347e-42,0.12795391666666658,0.8222222222222223,25.0,583.0,"
    Formula: C0.5 Mo1 Nb1 Re0.5 Ta0.5 W1
    avg_Atomic_Radius: 1.7966666666666664
    avg_Pauling_Electronegativity: 2.021111111111111
    avg_number_of_valence_electrons: 5.555555555555555
    avg_Cohesive_energy_ev_atom: 7.786666666666667
    avg_Bulk_modulus_RT_Gpa: 224.77777777777777
    avg_Elastic_modulus_RT_Gpa: 262.9555555555555
    avg_Melting_point_(K): 3221.261111111111
    avg_lattice_constant_A: 3.2066666666666666
    avg_BEC_percm3: 3.906666666666667e-21
    avg_Av.Valence_bond_strength_ev: 4.558111111111112
    avg_EngelZ_e/a: 5.533333333333333
    Temperature: 25.0
    "
C0.6 Mo1 Nb1 Re0.5 Ta0.6 W1,1.7770212765957445,2.021276595744681,5.51063829787234,7.784468085106383,220.17021276595744,256.31063829787234,75.80851063829789,3231.1925531914894,-9.09149108148936,82.1,3.216595744680851,3.9485106382978725e-21,4.564787234042553,5.48936170212766,1.33,1.0499999999999998,3.0,2.08,337.0,435.4,166.5,942.0,19.583315331,94.8,0.81,4.380000000000001e-21,1.1709999999999998,2.8,0.22505555555555556,0.14614722222222218,0.9166666666666666,0.42518055555555545,11426.805555555557,25339.333333333332,4390.20138888889,127446.22222222219,51.99856784535567,1373.701388888889,0.05938055555555557,2.1819333333333347e-42,0.12795391666666658,0.8222222222222223,25.0,615.0,"
    Formula: C0.6 Mo1 Nb1 Re0.5 Ta0.6 W1
    avg_Atomic_Radius: 1.7770212765957445
    avg_Pauling_Electronegativity: 2.021276595744681
    avg_number_of_valence_electrons: 5.51063829787234
    avg_Cohesive_energy_ev_atom: 7.784468085106383
    avg_Bulk_modulus_RT_Gpa: 220.17021276595744
    avg_Elastic_modulus_RT_Gpa: 256.31063829787234
    avg_Melting_point_(K): 3231.1925531914894
    avg_lattice_constant_A: 3.216595744680851
    avg_BEC_percm3: 3.9485106382978725e-21
    avg_Av.Valence_bond_strength_ev: 4.564787234042553
    avg_EngelZ_e/a: 5.48936170212766
    Temperature: 25.0
    "
Co1 Cr1 Fe1 Mn1 Ni1,1.5680000000000003,1.766,8.0,4.026000000000001,162.0,219.4,68.20093363101279,1789.9500000000003,-21.28872344,20.72727272727273,4.134,5.260000000000002e-21,2.0276,6.120000000000001,0.16999999999999993,0.3599999999999999,4.0,1.5200000000000005,60.0,81.0,89.0,613.0,8.737094040000002,20.0,6.380000000000001,6.999999999999999e-22,0.9570000000000001,1.3999999999999995,0.0037359999999999984,0.019143999999999994,2.0,0.31942400000000004,496.0,913.0400000000002,774.888888888889,39006.56000000001,11.484732370025231,65.21225,5.760824000000001,7.007999999999996e-44,0.13144744000000003,0.21759999999999988,25.0,410.9,"
    Formula: Co1 Cr1 Fe1 Mn1 Ni1
    avg_Atomic_Radius: 1.5680000000000003
    avg_Pauling_Electronegativity: 1.766
    avg_number_of_valence_electrons: 8.0
    avg_Cohesive_energy_ev_atom: 4.026000000000001
    avg_Bulk_modulus_RT_Gpa: 162.0
    avg_Elastic_modulus_RT_Gpa: 219.4
    avg_Melting_point_(K): 1789.9500000000003
    avg_lattice_constant_A: 4.134
    avg_BEC_percm3: 5.260000000000002e-21
    avg_Av.Valence_bond_strength_ev: 2.0276
    avg_EngelZ_e/a: 6.120000000000001
    Temperature: 25.0
    "
Al1 Co0.5 Cr0.5 Fe0.5 Ni0.5,1.4316666666666664,1.7499999999999998,6.5,3.998333333333333,140.33333333333331,173.16666666666663,66.66666666666666,1549.8166666666666,-22.334232431666667,13.933333333333332,3.3133333333333335,4.0600000000000004e-21,2.2881666666666667,4.966666666666667,0.48,0.2999999999999998,7.0,1.0500000000000003,104.0,209.0,89.0,1197.0,6.253642030000002,20.0,1.54,3.63e-21,0.6430000000000002,3.4000000000000004,0.026096,0.01453599999999999,6.16,0.14684,1544.96,4630.16,810.16,157301.60000000003,4.105762402460071,65.172,0.301304,1.8700800000000003e-42,0.047285600000000025,1.4944000000000002,25.0,581.7,"
    Formula: Al1 Co0.5 Cr0.5 Fe0.5 Ni0.5
    avg_Atomic_Radius: 1.4316666666666664
    avg_Pauling_Electronegativity: 1.7499999999999998
    avg_number_of_valence_electrons: 6.5
    avg_Cohesive_energy_ev_atom: 3.998333333333333
    avg_Bulk_modulus_RT_Gpa: 140.33333333333331
    avg_Elastic_modulus_RT_Gpa: 173.16666666666663
    avg_Melting_point_(K): 1549.8166666666666
    avg_lattice_constant_A: 3.3133333333333335
    avg_BEC_percm3: 4.0600000000000004e-21
    avg_Av.Valence_bond_strength_ev: 2.2881666666666667
    avg_EngelZ_e/a: 4.966666666666667
    Temperature: 25.0
    "
Al1 Co0.556 Cr0.556 Fe0.556 Ni0.556 Ti0.111,1.4510464767616191,1.7477121439280359,6.534332833583209,4.0471094452773615,141.48425787106447,174.72863568215894,67.27796101949025,1583.2849325337334,-22.056445966080958,16.607616191904047,3.276500749625187,4.074986506746628e-21,2.3026164917541228,5.000539730134933,0.5800000000000001,0.3699999999999999,7.0,1.4599999999999995,104.0,209.0,89.0,1197.0,14.622878590000001,95.0,1.54,3.63e-21,1.0790000000000002,3.4000000000000004,0.03248055555555556,0.019980555555555543,6.555555555555556,0.19638055555555547,1546.6666666666667,4699.13888888889,806.888888888889,140473.5555555556,21.630502515735937,1110.398888888889,0.25756666666666667,2.274080555555556e-42,0.1041948055555556,1.5022222222222226,25.0,605.5,"
    Formula: Al1 Co0.556 Cr0.556 Fe0.556 Ni0.556 Ti0.111
    avg_Atomic_Radius: 1.4510464767616191
    avg_Pauling_Electronegativity: 1.7477121439280359
    avg_number_of_valence_electrons: 6.534332833583209
    avg_Cohesive_energy_ev_atom: 4.0471094452773615
    avg_Bulk_modulus_RT_Gpa: 141.48425787106447
    avg_Elastic_modulus_RT_Gpa: 174.72863568215894
    avg_Melting_point_(K): 1583.2849325337334
    avg_lattice_constant_A: 3.276500749625187
    avg_BEC_percm3: 4.074986506746628e-21
    avg_Av.Valence_bond_strength_ev: 2.3026164917541228
    avg_EngelZ_e/a: 5.000539730134933
    Temperature: 25.0
    "
Al1 Co0.667 Cr0.667 Fe0.667 Ni0.667 Ti0.333,1.4800024993751562,1.7442089477630591,6.584103974006498,4.12,143.17920519870034,177.02099475131217,68.17495626093476,1633.1999875031242,-21.638309317683078,20.623544113971505,3.2215971007248183,4.096350912271933e-21,2.3244031492126966,5.050387403149212,0.5800000000000001,0.3699999999999999,7.0,1.4599999999999995,104.0,209.0,89.0,1197.0,14.622878590000001,95.0,1.54,3.63e-21,1.0790000000000002,3.4000000000000004,0.03248055555555556,0.019980555555555543,6.555555555555556,0.19638055555555547,1546.6666666666667,4699.13888888889,806.888888888889,140473.5555555556,21.630502515735937,1110.398888888889,0.25756666666666667,2.274080555555556e-42,0.1041948055555556,1.5022222222222226,25.0,641.7,"
    Formula: Al1 Co0.667 Cr0.667 Fe0.667 Ni0.667 Ti0.333
    avg_Atomic_Radius: 1.4800024993751562
    avg_Pauling_Electronegativity: 1.7442089477630591
    avg_number_of_valence_electrons: 6.584103974006498
    avg_Cohesive_energy_ev_atom: 4.12
    avg_Bulk_modulus_RT_Gpa: 143.17920519870034
    avg_Elastic_modulus_RT_Gpa: 177.02099475131217
    avg_Melting_point_(K): 1633.1999875031242
    avg_lattice_constant_A: 3.2215971007248183
    avg_BEC_percm3: 4.096350912271933e-21
    avg_Av.Valence_bond_strength_ev: 2.3244031492126966
    avg_EngelZ_e/a: 5.050387403149212
    Temperature: 25.0
    "
Al1 Co0.833 Cr0.833 Fe0.833 Ni0.833 Ti0.667,1.5090038007601518,1.740632126425285,6.632726545309061,4.193014602920584,144.85697139427884,179.28365673134627,69.06021204240848,1683.1199939987996,-21.217039356861374,24.661972394478898,3.166711342268454,4.116923384676936e-21,2.346381876375275,5.099699939987997,0.5800000000000001,0.3699999999999999,7.0,1.4599999999999995,104.0,209.0,89.0,1197.0,14.622878590000001,95.0,1.54,3.63e-21,1.0790000000000002,3.4000000000000004,0.03248055555555556,0.019980555555555543,6.555555555555556,0.19638055555555547,1546.6666666666667,4699.13888888889,806.888888888889,140473.5555555556,21.630502515735937,1110.398888888889,0.25756666666666667,2.274080555555556e-42,0.1041948055555556,1.5022222222222226,25.0,639.6,"
    Formula: Al1 Co0.833 Cr0.833 Fe0.833 Ni0.833 Ti0.667
    avg_Atomic_Radius: 1.5090038007601518
    avg_Pauling_Electronegativity: 1.740632126425285
    avg_number_of_valence_electrons: 6.632726545309061
    avg_Cohesive_energy_ev_atom: 4.193014602920584
    avg_Bulk_modulus_RT_Gpa: 144.85697139427884
    avg_Elastic_modulus_RT_Gpa: 179.28365673134627
    avg_Melting_point_(K): 1683.1199939987996
    avg_lattice_constant_A: 3.166711342268454
    avg_BEC_percm3: 4.116923384676936e-21
    avg_Av.Valence_bond_strength_ev: 2.346381876375275
    avg_EngelZ_e/a: 5.099699939987997
    Temperature: 25.0
    "
Al1 Co1 Cr1 Fe1 Ni1 Ti1,1.5283333333333333,1.738333333333333,6.666666666666667,4.241666666666666,146.0,180.83333333333334,69.66666666666666,1716.4833333333331,-20.939359671666665,27.33333333333333,3.1300000000000003,4.131666666666667e-21,2.3608333333333333,5.133333333333334,0.5800000000000001,0.3699999999999999,7.0,1.4599999999999995,104.0,209.0,89.0,1197.0,14.622878590000001,95.0,1.54,3.63e-21,1.0790000000000002,3.4000000000000004,0.03248055555555556,0.019980555555555543,6.555555555555556,0.19638055555555547,1546.6666666666667,4699.13888888889,806.888888888889,140473.5555555556,21.630502515735937,1110.398888888889,0.25756666666666667,2.274080555555556e-42,0.1041948055555556,1.5022222222222226,25.0,703.0,"
    Formula: Al1 Co1 Cr1 Fe1 Ni1 Ti1
    avg_Atomic_Radius: 1.5283333333333333
    avg_Pauling_Electronegativity: 1.738333333333333
    avg_number_of_valence_electrons: 6.666666666666667
    avg_Cohesive_energy_ev_atom: 4.241666666666666
    avg_Bulk_modulus_RT_Gpa: 146.0
    avg_Elastic_modulus_RT_Gpa: 180.83333333333334
    avg_Melting_point_(K): 1716.4833333333331
    avg_lattice_constant_A: 3.1300000000000003
    avg_BEC_percm3: 4.131666666666667e-21
    avg_Av.Valence_bond_strength_ev: 2.3608333333333333
    avg_EngelZ_e/a: 5.133333333333334
    Temperature: 25.0
    "
Al0.667 Co0.833 Cr0.833 Fe0.833 Ni0.833 Ti1,1.547639527905581,1.7359691938387676,6.699339867973594,4.290270054010802,147.12182436487294,182.34786957391475,70.25925185037006,1749.7333166633323,-20.659536701434284,30.017683536707338,3.093436687337467,4.145567113422684e-21,2.3754252850570112,5.16631326265253,0.5800000000000001,0.3699999999999999,7.0,1.4599999999999995,104.0,209.0,89.0,1197.0,14.622878590000001,95.0,1.54,3.63e-21,1.0790000000000002,3.4000000000000004,0.03248055555555556,0.019980555555555543,6.555555555555556,0.19638055555555547,1546.6666666666667,4699.13888888889,806.888888888889,140473.5555555556,21.630502515735937,1110.398888888889,0.25756666666666667,2.274080555555556e-42,0.1041948055555556,1.5022222222222226,25.0,856.9,"
    Formula: Al0.667 Co0.833 Cr0.833 Fe0.833 Ni0.833 Ti1
    avg_Atomic_Radius: 1.547639527905581
    avg_Pauling_Electronegativity: 1.7359691938387676
    avg_number_of_valence_electrons: 6.699339867973594
    avg_Cohesive_energy_ev_atom: 4.290270054010802
    avg_Bulk_modulus_RT_Gpa: 147.12182436487294
    avg_Elastic_modulus_RT_Gpa: 182.34786957391475
    avg_Melting_point_(K): 1749.7333166633323
    avg_lattice_constant_A: 3.093436687337467
    avg_BEC_percm3: 4.145567113422684e-21
    avg_Av.Valence_bond_strength_ev: 2.3754252850570112
    avg_EngelZ_e/a: 5.16631326265253
    Temperature: 25.0
    "
Nb1 Ti1 Zr1,1.9333333333333331,1.49,4.333333333333333,6.223333333333333,123.66666666666666,96.33333333333331,38.33333333333333,2266.483333333333,-8.322954419999999,99.99999999999999,3.1599999999999997,2.2366666666666668e-21,3.3086666666666664,4.333333333333333,0.30000000000000004,0.27,1.0,2.7200000000000006,79.0,48.0,11.0,808.0,5.317475142,0.0,0.34999999999999964,1.0300000000000001e-21,1.0419999999999998,1.0,0.016088888888888892,0.0134,0.22222222222222224,1.2334222222222226,1133.5555555555554,421.5555555555555,20.222222222222225,118798.2222222222,5.058549990197158,0.0,0.022866666666666622,1.7682222222222226e-43,0.22147822222222216,0.22222222222222224,25.0,372.0,"
    Formula: Nb1 Ti1 Zr1
    avg_Atomic_Radius: 1.9333333333333331
    avg_Pauling_Electronegativity: 1.49
    avg_number_of_valence_electrons: 4.333333333333333
    avg_Cohesive_energy_ev_atom: 6.223333333333333
    avg_Bulk_modulus_RT_Gpa: 123.66666666666666
    avg_Elastic_modulus_RT_Gpa: 96.33333333333331
    avg_Melting_point_(K): 2266.483333333333
    avg_lattice_constant_A: 3.1599999999999997
    avg_BEC_percm3: 2.2366666666666668e-21
    avg_Av.Valence_bond_strength_ev: 3.3086666666666664
    avg_EngelZ_e/a: 4.333333333333333
    Temperature: 25.0
    "
Hf1 Nb1 Ti1 Zr1,1.9700000000000002,1.4425000000000001,4.25,6.2775,120.25,91.75,36.25,2324.9,-7.6029916447499994,100.0,3.17,2.13e-21,3.42525,4.25,0.32000000000000006,0.30000000000000004,1.0,2.7200000000000006,79.0,48.0,14.0,808.0,5.954497120999999,0.0,0.34999999999999964,1.0300000000000001e-21,1.0419999999999998,1.0,0.016100000000000003,0.016818750000000004,0.1875,0.9338687500000004,885.1875,379.1875,28.1875,99336.1875,5.348951685884914,0.0,0.01744999999999997,1.6675000000000004e-43,0.2068836874999999,0.1875,25.0,351.0,"
    Formula: Hf1 Nb1 Ti1 Zr1
    avg_Atomic_Radius: 1.9700000000000002
    avg_Pauling_Electronegativity: 1.4425000000000001
    avg_number_of_valence_electrons: 4.25
    avg_Cohesive_energy_ev_atom: 6.2775
    avg_Bulk_modulus_RT_Gpa: 120.25
    avg_Elastic_modulus_RT_Gpa: 91.75
    avg_Melting_point_(K): 2324.9
    avg_lattice_constant_A: 3.17
    avg_BEC_percm3: 2.13e-21
    avg_Av.Valence_bond_strength_ev: 3.42525
    avg_EngelZ_e/a: 4.25
    Temperature: 25.0
    "
Co1 Cr1 Fe1 Ni1,1.5575,1.82,8.25,4.3025,172.5,224.75,87.0,1858.15,-23.617930147499997,11.1,2.945,5.185000000000001e-21,2.18525,5.949999999999999,0.16999999999999993,0.25,4.0,0.34000000000000075,20.0,79.0,40.0,404.0,3.994522270000001,20.0,1.0100000000000002,5.799999999999998e-22,0.5030000000000001,1.0,0.004118749999999996,0.00935,2.1875,0.017018750000000048,68.75,998.1875,268.5,25502.0,2.166019316930795,67.015,0.13242500000000007,5.947499999999993e-44,0.040041687500000006,0.12749999999999997,25.0,168.9,"
    Formula: Co1 Cr1 Fe1 Ni1
    avg_Atomic_Radius: 1.5575
    avg_Pauling_Electronegativity: 1.82
    avg_number_of_valence_electrons: 8.25
    avg_Cohesive_energy_ev_atom: 4.3025
    avg_Bulk_modulus_RT_Gpa: 172.5
    avg_Elastic_modulus_RT_Gpa: 224.75
    avg_Melting_point_(K): 1858.15
    avg_lattice_constant_A: 2.945
    avg_BEC_percm3: 5.185000000000001e-21
    avg_Av.Valence_bond_strength_ev: 2.18525
    avg_EngelZ_e/a: 5.949999999999999
    Temperature: 25.0
    "
Co1 Cr1 Fe1 Ni1 W0.2,1.5752380952380953,1.8457142857142856,8.142857142857144,4.521428571428571,179.04761904761904,233.6190476190476,90.52380952380953,1945.054761904762,-23.31628514,15.333333333333332,2.955238095238095,5.118571428571429e-21,2.3260952380952378,5.952380952380952,0.43999999999999995,0.7,4.0,4.800000000000001,150.0,211.0,86.0,1957.0,8.737094040000002,95.0,1.0100000000000002,1.6499999999999999e-21,3.292,1.0,0.02549599999999999,0.05413599999999998,2.56,3.3955360000000008,3080.0,6348.8,1090.96,553301.6,8.153049429929712,1318.1256,0.11333600000000006,3.589439999999999e-43,1.4317589599999998,0.10239999999999998,25.0,244.0,"
    Formula: Co1 Cr1 Fe1 Ni1 W0.2
    avg_Atomic_Radius: 1.5752380952380953
    avg_Pauling_Electronegativity: 1.8457142857142856
    avg_number_of_valence_electrons: 8.142857142857144
    avg_Cohesive_energy_ev_atom: 4.521428571428571
    avg_Bulk_modulus_RT_Gpa: 179.04761904761904
    avg_Elastic_modulus_RT_Gpa: 233.6190476190476
    avg_Melting_point_(K): 1945.054761904762
    avg_lattice_constant_A: 2.955238095238095
    avg_BEC_percm3: 5.118571428571429e-21
    avg_Av.Valence_bond_strength_ev: 2.3260952380952378
    avg_EngelZ_e/a: 5.952380952380952
    Temperature: 25.0
    "
Co1 Cr1 Fe1 Ni1 W0.5,1.5988888888888888,1.88,8.0,4.813333333333333,187.77777777777777,245.44444444444443,95.22222222222221,2060.927777777778,-22.914091796666664,20.977777777777774,2.9688888888888885,5.03e-21,2.513888888888889,5.955555555555556,0.43999999999999995,0.7,4.0,4.800000000000001,150.0,211.0,86.0,1957.0,8.737094040000002,95.0,1.0100000000000002,1.6499999999999999e-21,3.292,1.0,0.02549599999999999,0.05413599999999998,2.56,3.3955360000000008,3080.0,6348.8,1090.96,553301.6,8.153049429929712,1318.1256,0.11333600000000006,3.589439999999999e-43,1.4317589599999998,0.10239999999999998,25.0,357.9,"
    Formula: Co1 Cr1 Fe1 Ni1 W0.5
    avg_Atomic_Radius: 1.5988888888888888
    avg_Pauling_Electronegativity: 1.88
    avg_number_of_valence_electrons: 8.0
    avg_Cohesive_energy_ev_atom: 4.813333333333333
    avg_Bulk_modulus_RT_Gpa: 187.77777777777777
    avg_Elastic_modulus_RT_Gpa: 245.44444444444443
    avg_Melting_point_(K): 2060.927777777778
    avg_lattice_constant_A: 2.9688888888888885
    avg_BEC_percm3: 5.03e-21
    avg_Av.Valence_bond_strength_ev: 2.513888888888889
    avg_EngelZ_e/a: 5.955555555555556
    Temperature: 25.0
    "
Cr1 Fe1 Mo1 Nb1 V1,1.762,1.7760000000000002,6.0,5.6160000000000005,178.0,210.4,60.400000000000006,2346.55,-13.764303892800001,66.82,3.044,4.136e-21,3.0794000000000006,5.680000000000001,0.41999999999999993,0.56,3.0,3.4700000000000006,70.0,224.0,95.0,1082.0,23.042646454,90.9,0.4299999999999997,2.6900000000000002e-21,2.58,1.4000000000000004,0.024095999999999996,0.043224000000000026,1.2,1.8889040000000006,696.0,7334.240000000001,1152.2400000000002,164309.84,85.6834910981617,1676.6496,0.026903999999999977,9.605840000000004e-43,0.9486122400000001,0.3296000000000001,25.0,826.0,"
    Formula: Cr1 Fe1 Mo1 Nb1 V1
    avg_Atomic_Radius: 1.762
    avg_Pauling_Electronegativity: 1.7760000000000002
    avg_number_of_valence_electrons: 6.0
    avg_Cohesive_energy_ev_atom: 5.6160000000000005
    avg_Bulk_modulus_RT_Gpa: 178.0
    avg_Elastic_modulus_RT_Gpa: 210.4
    avg_Melting_point_(K): 2346.55
    avg_lattice_constant_A: 3.044
    avg_BEC_percm3: 4.136e-21
    avg_Av.Valence_bond_strength_ev: 3.0794000000000006
    avg_EngelZ_e/a: 5.680000000000001
    Temperature: 25.0
    "
Cr1 Fe1 Mo1 Nb1 Ti1,1.772,1.7580000000000002,5.8,5.524,168.0,208.0,59.80000000000001,2300.55,-13.9617944408,66.82,3.0300000000000002,3.862e-21,3.1076000000000006,5.48,0.41999999999999993,0.6200000000000001,4.0,3.4700000000000006,120.0,224.0,95.0,1082.0,23.042646454,90.9,0.4299999999999997,3.2e-21,2.58,2.4000000000000004,0.023455999999999994,0.04977600000000002,1.7600000000000002,1.9790640000000006,1456.0,7752.8,1169.76,189646.63999999998,84.51467287517174,1676.6496,0.02835999999999997,1.5491360000000005e-42,0.93541464,0.7616000000000002,25.0,792.0,"
    Formula: Cr1 Fe1 Mo1 Nb1 Ti1
    avg_Atomic_Radius: 1.772
    avg_Pauling_Electronegativity: 1.7580000000000002
    avg_number_of_valence_electrons: 5.8
    avg_Cohesive_energy_ev_atom: 5.524
    avg_Bulk_modulus_RT_Gpa: 168.0
    avg_Elastic_modulus_RT_Gpa: 208.0
    avg_Melting_point_(K): 2300.55
    avg_lattice_constant_A: 3.0300000000000002
    avg_BEC_percm3: 3.862e-21
    avg_Av.Valence_bond_strength_ev: 3.1076000000000006
    avg_EngelZ_e/a: 5.48
    Temperature: 25.0
    "
Fe1 Mo1 Nb1 Ti1 V1,1.7820000000000003,1.7520000000000002,5.6000000000000005,5.766000000000001,168.0,177.79999999999998,46.2,2307.15,-10.839728174800001,81.82,3.0580000000000007,3.576000000000001e-21,3.1946000000000003,5.28,0.41999999999999993,0.6200000000000001,4.0,3.29,120.0,224.0,62.0,1082.0,20.355102284,90.9,0.4299999999999997,3.2e-21,2.58,2.4000000000000004,0.02161599999999999,0.051096000000000016,1.8399999999999999,1.5241040000000001,1456.0,7112.5599999999995,408.15999999999997,187571.6,48.207839215801684,1322.0496,0.023095999999999964,1.2025040000000001e-42,0.83456424,0.7136000000000002,25.0,699.0,"
    Formula: Fe1 Mo1 Nb1 Ti1 V1
    avg_Atomic_Radius: 1.7820000000000003
    avg_Pauling_Electronegativity: 1.7520000000000002
    avg_number_of_valence_electrons: 5.6000000000000005
    avg_Cohesive_energy_ev_atom: 5.766000000000001
    avg_Bulk_modulus_RT_Gpa: 168.0
    avg_Elastic_modulus_RT_Gpa: 177.79999999999998
    avg_Melting_point_(K): 2307.15
    avg_lattice_constant_A: 3.0580000000000007
    avg_BEC_percm3: 3.576000000000001e-21
    avg_Av.Valence_bond_strength_ev: 3.1946000000000003
    avg_EngelZ_e/a: 5.28
    Temperature: 25.0
    "
Al0.15 Cr0.5 Cu0.25 Fe0.5 Ni1,1.5164583333333332,1.8214583333333332,8.416666666666668,4.171250000000001,163.08333333333334,203.33333333333334,79.33333333333334,1739.2958333333336,-23.289798746875,10.995833333333334,3.29375,4.6891666666666674e-21,2.2397291666666668,5.447916666666668,0.48,0.2999999999999998,8.0,1.0500000000000003,104.0,209.0,89.0,1197.0,6.253642030000002,20.0,1.1799999999999997,3.63e-21,0.6430000000000002,3.4000000000000004,0.025816000000000006,0.015415999999999989,8.24,0.17924,1372.16,5148.4,924.64,168804.64,4.864243370591835,64.2864,0.20626399999999992,1.7638640000000006e-42,0.047278640000000025,1.5856000000000006,25.0,107.0,"
    Formula: Al0.15 Cr0.5 Cu0.25 Fe0.5 Ni1
    avg_Atomic_Radius: 1.5164583333333332
    avg_Pauling_Electronegativity: 1.8214583333333332
    avg_number_of_valence_electrons: 8.416666666666668
    avg_Cohesive_energy_ev_atom: 4.171250000000001
    avg_Bulk_modulus_RT_Gpa: 163.08333333333334
    avg_Elastic_modulus_RT_Gpa: 203.33333333333334
    avg_Melting_point_(K): 1739.2958333333336
    avg_lattice_constant_A: 3.29375
    avg_BEC_percm3: 4.6891666666666674e-21
    avg_Av.Valence_bond_strength_ev: 2.2397291666666668
    avg_EngelZ_e/a: 5.447916666666668
    Temperature: 25.0
    "
Al0.15 Cr0.5 Cu0.25 Fe0.5 Ni1,1.5164583333333332,1.8214583333333332,8.416666666666668,4.171250000000001,163.08333333333334,203.33333333333334,79.33333333333334,1739.2958333333336,-23.289798746875,10.995833333333334,3.29375,4.6891666666666674e-21,2.2397291666666668,5.447916666666668,0.48,0.2999999999999998,8.0,1.0500000000000003,104.0,209.0,89.0,1197.0,6.253642030000002,20.0,1.1799999999999997,3.63e-21,0.6430000000000002,3.4000000000000004,0.025816000000000006,0.015415999999999989,8.24,0.17924,1372.16,5148.4,924.64,168804.64,4.864243370591835,64.2864,0.20626399999999992,1.7638640000000006e-42,0.047278640000000025,1.5856000000000006,25.0,209.0,"
    Formula: Al0.15 Cr0.5 Cu0.25 Fe0.5 Ni1
    avg_Atomic_Radius: 1.5164583333333332
    avg_Pauling_Electronegativity: 1.8214583333333332
    avg_number_of_valence_electrons: 8.416666666666668
    avg_Cohesive_energy_ev_atom: 4.171250000000001
    avg_Bulk_modulus_RT_Gpa: 163.08333333333334
    avg_Elastic_modulus_RT_Gpa: 203.33333333333334
    avg_Melting_point_(K): 1739.2958333333336
    avg_lattice_constant_A: 3.29375
    avg_BEC_percm3: 4.6891666666666674e-21
    avg_Av.Valence_bond_strength_ev: 2.2397291666666668
    avg_EngelZ_e/a: 5.447916666666668
    Temperature: 25.0
    "
Al0.15 Cr0.5 Cu0.25 Fe0.5 Ni1,1.5164583333333332,1.8214583333333332,8.416666666666668,4.171250000000001,163.08333333333334,203.33333333333334,79.33333333333334,1739.2958333333336,-23.289798746875,10.995833333333334,3.29375,4.6891666666666674e-21,2.2397291666666668,5.447916666666668,0.48,0.2999999999999998,8.0,1.0500000000000003,104.0,209.0,89.0,1197.0,6.253642030000002,20.0,1.1799999999999997,3.63e-21,0.6430000000000002,3.4000000000000004,0.025816000000000006,0.015415999999999989,8.24,0.17924,1372.16,5148.4,924.64,168804.64,4.864243370591835,64.2864,0.20626399999999992,1.7638640000000006e-42,0.047278640000000025,1.5856000000000006,25.0,321.0,"
    Formula: Al0.15 Cr0.5 Cu0.25 Fe0.5 Ni1
    avg_Atomic_Radius: 1.5164583333333332
    avg_Pauling_Electronegativity: 1.8214583333333332
    avg_number_of_valence_electrons: 8.416666666666668
    avg_Cohesive_energy_ev_atom: 4.171250000000001
    avg_Bulk_modulus_RT_Gpa: 163.08333333333334
    avg_Elastic_modulus_RT_Gpa: 203.33333333333334
    avg_Melting_point_(K): 1739.2958333333336
    avg_lattice_constant_A: 3.29375
    avg_BEC_percm3: 4.6891666666666674e-21
    avg_Av.Valence_bond_strength_ev: 2.2397291666666668
    avg_EngelZ_e/a: 5.447916666666668
    Temperature: 25.0
    "
Al0.15 Cr0.5 Cu0.25 Fe0.5 Ni1,1.5164583333333332,1.8214583333333332,8.416666666666668,4.171250000000001,163.08333333333334,203.33333333333334,79.33333333333334,1739.2958333333336,-23.289798746875,10.995833333333334,3.29375,4.6891666666666674e-21,2.2397291666666668,5.447916666666668,0.48,0.2999999999999998,8.0,1.0500000000000003,104.0,209.0,89.0,1197.0,6.253642030000002,20.0,1.1799999999999997,3.63e-21,0.6430000000000002,3.4000000000000004,0.025816000000000006,0.015415999999999989,8.24,0.17924,1372.16,5148.4,924.64,168804.64,4.864243370591835,64.2864,0.20626399999999992,1.7638640000000006e-42,0.047278640000000025,1.5856000000000006,25.0,159.0,"
    Formula: Al0.15 Cr0.5 Cu0.25 Fe0.5 Ni1
    avg_Atomic_Radius: 1.5164583333333332
    avg_Pauling_Electronegativity: 1.8214583333333332
    avg_number_of_valence_electrons: 8.416666666666668
    avg_Cohesive_energy_ev_atom: 4.171250000000001
    avg_Bulk_modulus_RT_Gpa: 163.08333333333334
    avg_Elastic_modulus_RT_Gpa: 203.33333333333334
    avg_Melting_point_(K): 1739.2958333333336
    avg_lattice_constant_A: 3.29375
    avg_BEC_percm3: 4.6891666666666674e-21
    avg_Av.Valence_bond_strength_ev: 2.2397291666666668
    avg_EngelZ_e/a: 5.447916666666668
    Temperature: 25.0
    "
Co1 Cr1 Fe1 Ni1 Ti0.3,1.571627906976744,1.8004651162790695,7.953488372093022,4.340697674418604,168.13953488372093,217.1627906976744,84.0,1863.382558139535,-22.765349005116278,17.30232558139535,2.9453488372093024,4.97953488372093e-21,2.2372093023255815,5.813953488372094,0.27,0.3699999999999999,6.0,0.75,70.0,163.0,71.0,404.0,14.622878590000001,95.0,1.0100000000000002,3.2e-21,1.0790000000000002,2.4000000000000004,0.009855999999999998,0.020023999999999993,4.64,0.06157599999999998,680.0,2690.8,510.64,21301.6,25.626648759145763,1318.1256,0.10594400000000004,1.435264e-42,0.12077776000000004,0.7104000000000001,25.0,263.0,"
    Formula: Co1 Cr1 Fe1 Ni1 Ti0.3
    avg_Atomic_Radius: 1.571627906976744
    avg_Pauling_Electronegativity: 1.8004651162790695
    avg_number_of_valence_electrons: 7.953488372093022
    avg_Cohesive_energy_ev_atom: 4.340697674418604
    avg_Bulk_modulus_RT_Gpa: 168.13953488372093
    avg_Elastic_modulus_RT_Gpa: 217.1627906976744
    avg_Melting_point_(K): 1863.382558139535
    avg_lattice_constant_A: 2.9453488372093024
    avg_BEC_percm3: 4.97953488372093e-21
    avg_Av.Valence_bond_strength_ev: 2.2372093023255815
    avg_EngelZ_e/a: 5.813953488372094
    Temperature: 25.0
    "
Co1 Cr1 Fe1 Ni1 Ti0.3,1.571627906976744,1.8004651162790695,7.953488372093022,4.340697674418604,168.13953488372093,217.1627906976744,84.0,1863.382558139535,-22.765349005116278,17.30232558139535,2.9453488372093024,4.97953488372093e-21,2.2372093023255815,5.813953488372094,0.27,0.3699999999999999,6.0,0.75,70.0,163.0,71.0,404.0,14.622878590000001,95.0,1.0100000000000002,3.2e-21,1.0790000000000002,2.4000000000000004,0.009855999999999998,0.020023999999999993,4.64,0.06157599999999998,680.0,2690.8,510.64,21301.6,25.626648759145763,1318.1256,0.10594400000000004,1.435264e-42,0.12077776000000004,0.7104000000000001,25.0,185.0,"
    Formula: Co1 Cr1 Fe1 Ni1 Ti0.3
    avg_Atomic_Radius: 1.571627906976744
    avg_Pauling_Electronegativity: 1.8004651162790695
    avg_number_of_valence_electrons: 7.953488372093022
    avg_Cohesive_energy_ev_atom: 4.340697674418604
    avg_Bulk_modulus_RT_Gpa: 168.13953488372093
    avg_Elastic_modulus_RT_Gpa: 217.1627906976744
    avg_Melting_point_(K): 1863.382558139535
    avg_lattice_constant_A: 2.9453488372093024
    avg_BEC_percm3: 4.97953488372093e-21
    avg_Av.Valence_bond_strength_ev: 2.2372093023255815
    avg_EngelZ_e/a: 5.813953488372094
    Temperature: 25.0
    "
Co0.333 Cr0.667 Fe0.667 Ni1 Ti0.2,1.5681548657132893,1.803930938262993,8.069410533658878,4.346470177886292,168.13742588071156,216.123822811301,84.12068364143705,1858.5350715033137,-22.88986421126962,17.268782699686085,3.062811301011511,4.9167631670735964e-21,2.250202650854552,5.744262295081967,0.27,0.3699999999999999,6.0,0.75,70.0,163.0,71.0,404.0,14.622878590000001,95.0,1.0100000000000002,3.2e-21,1.0790000000000002,2.4000000000000004,0.009855999999999998,0.020023999999999993,4.64,0.06157599999999998,680.0,2690.8,510.64,21301.6,25.626648759145763,1318.1256,0.10594400000000004,1.435264e-42,0.12077776000000004,0.7104000000000001,25.0,197.0,"
    Formula: Co0.333 Cr0.667 Fe0.667 Ni1 Ti0.2
    avg_Atomic_Radius: 1.5681548657132893
    avg_Pauling_Electronegativity: 1.803930938262993
    avg_number_of_valence_electrons: 8.069410533658878
    avg_Cohesive_energy_ev_atom: 4.346470177886292
    avg_Bulk_modulus_RT_Gpa: 168.13742588071156
    avg_Elastic_modulus_RT_Gpa: 216.123822811301
    avg_Melting_point_(K): 1858.5350715033137
    avg_lattice_constant_A: 3.062811301011511
    avg_BEC_percm3: 4.9167631670735964e-21
    avg_Av.Valence_bond_strength_ev: 2.250202650854552
    avg_EngelZ_e/a: 5.744262295081967
    Temperature: 25.0
    "
Co0.333 Cr0.667 Fe0.667 Ni1 Ti0.2,1.5681548657132893,1.803930938262993,8.069410533658878,4.346470177886292,168.13742588071156,216.123822811301,84.12068364143705,1858.5350715033137,-22.88986421126962,17.268782699686085,3.062811301011511,4.9167631670735964e-21,2.250202650854552,5.744262295081967,0.27,0.3699999999999999,6.0,0.75,70.0,163.0,71.0,404.0,14.622878590000001,95.0,1.0100000000000002,3.2e-21,1.0790000000000002,2.4000000000000004,0.009855999999999998,0.020023999999999993,4.64,0.06157599999999998,680.0,2690.8,510.64,21301.6,25.626648759145763,1318.1256,0.10594400000000004,1.435264e-42,0.12077776000000004,0.7104000000000001,25.0,308.0,"
    Formula: Co0.333 Cr0.667 Fe0.667 Ni1 Ti0.2
    avg_Atomic_Radius: 1.5681548657132893
    avg_Pauling_Electronegativity: 1.803930938262993
    avg_number_of_valence_electrons: 8.069410533658878
    avg_Cohesive_energy_ev_atom: 4.346470177886292
    avg_Bulk_modulus_RT_Gpa: 168.13742588071156
    avg_Elastic_modulus_RT_Gpa: 216.123822811301
    avg_Melting_point_(K): 1858.5350715033137
    avg_lattice_constant_A: 3.062811301011511
    avg_BEC_percm3: 4.9167631670735964e-21
    avg_Av.Valence_bond_strength_ev: 2.250202650854552
    avg_EngelZ_e/a: 5.744262295081967
    Temperature: 25.0
    "
Cr0.5 Fe0.5 Ni1 Ti0.15,1.5646511627906976,1.8074418604651163,8.186046511627907,4.352325581395348,168.13953488372093,215.06976744186048,84.23255813953487,1853.6151162790698,-23.013347419069767,17.232558139534884,3.180232558139535,4.853953488372094e-21,2.263255813953488,5.674418604651162,0.27,0.3699999999999999,6.0,0.75,70.0,163.0,71.0,404.0,14.622878590000001,95.0,0.6499999999999999,3.2e-21,1.0790000000000002,2.4000000000000004,0.010418749999999997,0.020824999999999996,5.0,0.07681874999999996,725.0,3352.25,634.6875,23181.6875,31.806416661250253,1473.9018749999996,0.07302499999999999,1.5920750000000004e-42,0.14630568750000006,0.8275000000000001,25.0,335.0,"
    Formula: Cr0.5 Fe0.5 Ni1 Ti0.15
    avg_Atomic_Radius: 1.5646511627906976
    avg_Pauling_Electronegativity: 1.8074418604651163
    avg_number_of_valence_electrons: 8.186046511627907
    avg_Cohesive_energy_ev_atom: 4.352325581395348
    avg_Bulk_modulus_RT_Gpa: 168.13953488372093
    avg_Elastic_modulus_RT_Gpa: 215.06976744186048
    avg_Melting_point_(K): 1853.6151162790698
    avg_lattice_constant_A: 3.180232558139535
    avg_BEC_percm3: 4.853953488372094e-21
    avg_Av.Valence_bond_strength_ev: 2.263255813953488
    avg_EngelZ_e/a: 5.674418604651162
    Temperature: 25.0
    "
Cr0.5 Fe0.5 Ni1 Ti0.15,1.5646511627906976,1.8074418604651163,8.186046511627907,4.352325581395348,168.13953488372093,215.06976744186048,84.23255813953487,1853.6151162790698,-23.013347419069767,17.232558139534884,3.180232558139535,4.853953488372094e-21,2.263255813953488,5.674418604651162,0.27,0.3699999999999999,6.0,0.75,70.0,163.0,71.0,404.0,14.622878590000001,95.0,0.6499999999999999,3.2e-21,1.0790000000000002,2.4000000000000004,0.010418749999999997,0.020824999999999996,5.0,0.07681874999999996,725.0,3352.25,634.6875,23181.6875,31.806416661250253,1473.9018749999996,0.07302499999999999,1.5920750000000004e-42,0.14630568750000006,0.8275000000000001,25.0,204.0,"
    Formula: Cr0.5 Fe0.5 Ni1 Ti0.15
    avg_Atomic_Radius: 1.5646511627906976
    avg_Pauling_Electronegativity: 1.8074418604651163
    avg_number_of_valence_electrons: 8.186046511627907
    avg_Cohesive_energy_ev_atom: 4.352325581395348
    avg_Bulk_modulus_RT_Gpa: 168.13953488372093
    avg_Elastic_modulus_RT_Gpa: 215.06976744186048
    avg_Melting_point_(K): 1853.6151162790698
    avg_lattice_constant_A: 3.180232558139535
    avg_BEC_percm3: 4.853953488372094e-21
    avg_Av.Valence_bond_strength_ev: 2.263255813953488
    avg_EngelZ_e/a: 5.674418604651162
    Temperature: 25.0
    "
Hf0.25 Ti1 V0.5 Zr0.5,1.851111111111111,1.4866666666666666,4.222222222222222,5.4399999999999995,116.88888888888889,103.77777777777777,40.666666666666664,2089.927777777778,-9.648452835888888,100.0,3.0555555555555554,2.3811111111111112e-21,3.0134444444444446,4.222222222222222,0.3700000000000001,0.32999999999999985,1.0,1.5900000000000007,69.0,60.0,17.0,567.0,5.954497120999999,0.0,0.2799999999999998,1.8900000000000004e-21,0.9859999999999998,1.0,0.028418750000000013,0.019349999999999985,0.1875,0.4310187500000004,655.1875,630.75,51.25,41680.6875,5.56738411288681,0.0,0.013949999999999994,5.7202500000000015e-43,0.14588524999999994,0.1875,25.0,338.3,"
    Formula: Hf0.25 Ti1 V0.5 Zr0.5
    avg_Atomic_Radius: 1.851111111111111
    avg_Pauling_Electronegativity: 1.4866666666666666
    avg_number_of_valence_electrons: 4.222222222222222
    avg_Cohesive_energy_ev_atom: 5.4399999999999995
    avg_Bulk_modulus_RT_Gpa: 116.88888888888889
    avg_Elastic_modulus_RT_Gpa: 103.77777777777777
    avg_Melting_point_(K): 2089.927777777778
    avg_lattice_constant_A: 3.0555555555555554
    avg_BEC_percm3: 2.3811111111111112e-21
    avg_Av.Valence_bond_strength_ev: 3.0134444444444446
    avg_EngelZ_e/a: 4.222222222222222
    Temperature: 25.0
    "
Hf0.25 Ti1 V0.5 Zr0.5,1.851111111111111,1.4866666666666666,4.222222222222222,5.4399999999999995,116.88888888888889,103.77777777777777,40.666666666666664,2089.927777777778,-9.648452835888888,100.0,3.0555555555555554,2.3811111111111112e-21,3.0134444444444446,4.222222222222222,0.3700000000000001,0.32999999999999985,1.0,1.5900000000000007,69.0,60.0,17.0,567.0,5.954497120999999,0.0,0.2799999999999998,1.8900000000000004e-21,0.9859999999999998,1.0,0.028418750000000013,0.019349999999999985,0.1875,0.4310187500000004,655.1875,630.75,51.25,41680.6875,5.56738411288681,0.0,0.013949999999999994,5.7202500000000015e-43,0.14588524999999994,0.1875,600.0,338.3,"
    Formula: Hf0.25 Ti1 V0.5 Zr0.5
    avg_Atomic_Radius: 1.851111111111111
    avg_Pauling_Electronegativity: 1.4866666666666666
    avg_number_of_valence_electrons: 4.222222222222222
    avg_Cohesive_energy_ev_atom: 5.4399999999999995
    avg_Bulk_modulus_RT_Gpa: 116.88888888888889
    avg_Elastic_modulus_RT_Gpa: 103.77777777777777
    avg_Melting_point_(K): 2089.927777777778
    avg_lattice_constant_A: 3.0555555555555554
    avg_BEC_percm3: 2.3811111111111112e-21
    avg_Av.Valence_bond_strength_ev: 3.0134444444444446
    avg_EngelZ_e/a: 4.222222222222222
    Temperature: 600.0
    "
Hf0.25 Ti1 V0.5 Zr0.5,1.851111111111111,1.4866666666666666,4.222222222222222,5.4399999999999995,116.88888888888889,103.77777777777777,40.666666666666664,2089.927777777778,-9.648452835888888,100.0,3.0555555555555554,2.3811111111111112e-21,3.0134444444444446,4.222222222222222,0.3700000000000001,0.32999999999999985,1.0,1.5900000000000007,69.0,60.0,17.0,567.0,5.954497120999999,0.0,0.2799999999999998,1.8900000000000004e-21,0.9859999999999998,1.0,0.028418750000000013,0.019349999999999985,0.1875,0.4310187500000004,655.1875,630.75,51.25,41680.6875,5.56738411288681,0.0,0.013949999999999994,5.7202500000000015e-43,0.14588524999999994,0.1875,800.0,338.3,"
    Formula: Hf0.25 Ti1 V0.5 Zr0.5
    avg_Atomic_Radius: 1.851111111111111
    avg_Pauling_Electronegativity: 1.4866666666666666
    avg_number_of_valence_electrons: 4.222222222222222
    avg_Cohesive_energy_ev_atom: 5.4399999999999995
    avg_Bulk_modulus_RT_Gpa: 116.88888888888889
    avg_Elastic_modulus_RT_Gpa: 103.77777777777777
    avg_Melting_point_(K): 2089.927777777778
    avg_lattice_constant_A: 3.0555555555555554
    avg_BEC_percm3: 2.3811111111111112e-21
    avg_Av.Valence_bond_strength_ev: 3.0134444444444446
    avg_EngelZ_e/a: 4.222222222222222
    Temperature: 800.0
    "
Hf0.25 Nb0.125 Ti1 V0.5 Zr0.5,1.857894736842105,1.4926315789473683,4.263157894736842,5.552105263157895,119.68421052631578,103.84210526315788,40.526315789473685,2124.2026315789476,-9.46064612336842,100.0,3.068421052631579,2.400526315789474e-21,3.063894736842105,4.263157894736842,0.3700000000000001,0.32999999999999985,1.0,2.7200000000000006,79.0,60.0,17.0,808.0,5.954497120999999,0.0,0.34999999999999964,1.8900000000000004e-21,1.1829999999999998,1.0,0.023696000000000012,0.019079999999999993,0.24000000000000005,0.8968640000000004,960.96,513.6,41.040000000000006,83655.04,5.539981367672209,0.0,0.017559999999999975,4.838640000000002e-43,0.2302771999999999,0.24000000000000005,25.0,332.4,"
    Formula: Hf0.25 Nb0.125 Ti1 V0.5 Zr0.5
    avg_Atomic_Radius: 1.857894736842105
    avg_Pauling_Electronegativity: 1.4926315789473683
    avg_number_of_valence_electrons: 4.263157894736842
    avg_Cohesive_energy_ev_atom: 5.552105263157895
    avg_Bulk_modulus_RT_Gpa: 119.68421052631578
    avg_Elastic_modulus_RT_Gpa: 103.84210526315788
    avg_Melting_point_(K): 2124.2026315789476
    avg_lattice_constant_A: 3.068421052631579
    avg_BEC_percm3: 2.400526315789474e-21
    avg_Av.Valence_bond_strength_ev: 3.063894736842105
    avg_EngelZ_e/a: 4.263157894736842
    Temperature: 25.0
    "
Hf0.25 Nb0.25 Ti1 V0.5 Zr0.5,1.8640000000000003,1.4980000000000002,4.3,5.6530000000000005,122.2,103.9,40.400000000000006,2155.05,-9.2916200821,100.0,3.08,2.4180000000000003e-21,3.1093,4.3,0.3700000000000001,0.32999999999999985,1.0,2.7200000000000006,79.0,60.0,17.0,808.0,5.954497120999999,0.0,0.34999999999999964,1.8900000000000004e-21,1.1829999999999998,1.0,0.023696000000000012,0.019079999999999993,0.24000000000000005,0.8968640000000004,960.96,513.6,41.040000000000006,83655.04,5.539981367672209,0.0,0.017559999999999975,4.838640000000002e-43,0.2302771999999999,0.24000000000000005,25.0,322.5,"
    Formula: Hf0.25 Nb0.25 Ti1 V0.5 Zr0.5
    avg_Atomic_Radius: 1.8640000000000003
    avg_Pauling_Electronegativity: 1.4980000000000002
    avg_number_of_valence_electrons: 4.3
    avg_Cohesive_energy_ev_atom: 5.6530000000000005
    avg_Bulk_modulus_RT_Gpa: 122.2
    avg_Elastic_modulus_RT_Gpa: 103.9
    avg_Melting_point_(K): 2155.05
    avg_lattice_constant_A: 3.08
    avg_BEC_percm3: 2.4180000000000003e-21
    avg_Av.Valence_bond_strength_ev: 3.1093
    avg_EngelZ_e/a: 4.3
    Temperature: 25.0
    "
Hf0.25 Nb0.25 Ti1 V0.5 Zr0.5,1.8640000000000003,1.4980000000000002,4.3,5.6530000000000005,122.2,103.9,40.400000000000006,2155.05,-9.2916200821,100.0,3.08,2.4180000000000003e-21,3.1093,4.3,0.3700000000000001,0.32999999999999985,1.0,2.7200000000000006,79.0,60.0,17.0,808.0,5.954497120999999,0.0,0.34999999999999964,1.8900000000000004e-21,1.1829999999999998,1.0,0.023696000000000012,0.019079999999999993,0.24000000000000005,0.8968640000000004,960.96,513.6,41.040000000000006,83655.04,5.539981367672209,0.0,0.017559999999999975,4.838640000000002e-43,0.2302771999999999,0.24000000000000005,600.0,322.5,"
    Formula: Hf0.25 Nb0.25 Ti1 V0.5 Zr0.5
    avg_Atomic_Radius: 1.8640000000000003
    avg_Pauling_Electronegativity: 1.4980000000000002
    avg_number_of_valence_electrons: 4.3
    avg_Cohesive_energy_ev_atom: 5.6530000000000005
    avg_Bulk_modulus_RT_Gpa: 122.2
    avg_Elastic_modulus_RT_Gpa: 103.9
    avg_Melting_point_(K): 2155.05
    avg_lattice_constant_A: 3.08
    avg_BEC_percm3: 2.4180000000000003e-21
    avg_Av.Valence_bond_strength_ev: 3.1093
    avg_EngelZ_e/a: 4.3
    Temperature: 600.0
    "
Hf0.25 Nb0.25 Ti1 V0.5 Zr0.5,1.8640000000000003,1.4980000000000002,4.3,5.6530000000000005,122.2,103.9,40.400000000000006,2155.05,-9.2916200821,100.0,3.08,2.4180000000000003e-21,3.1093,4.3,0.3700000000000001,0.32999999999999985,1.0,2.7200000000000006,79.0,60.0,17.0,808.0,5.954497120999999,0.0,0.34999999999999964,1.8900000000000004e-21,1.1829999999999998,1.0,0.023696000000000012,0.019079999999999993,0.24000000000000005,0.8968640000000004,960.96,513.6,41.040000000000006,83655.04,5.539981367672209,0.0,0.017559999999999975,4.838640000000002e-43,0.2302771999999999,0.24000000000000005,800.0,322.5,"
    Formula: Hf0.25 Nb0.25 Ti1 V0.5 Zr0.5
    avg_Atomic_Radius: 1.8640000000000003
    avg_Pauling_Electronegativity: 1.4980000000000002
    avg_number_of_valence_electrons: 4.3
    avg_Cohesive_energy_ev_atom: 5.6530000000000005
    avg_Bulk_modulus_RT_Gpa: 122.2
    avg_Elastic_modulus_RT_Gpa: 103.9
    avg_Melting_point_(K): 2155.05
    avg_lattice_constant_A: 3.08
    avg_BEC_percm3: 2.4180000000000003e-21
    avg_Av.Valence_bond_strength_ev: 3.1093
    avg_EngelZ_e/a: 4.3
    Temperature: 800.0
    "
Hf0.25 Nb0.375 Ti1 V0.5 Zr0.5,1.8695238095238094,1.502857142857143,4.333333333333333,5.744285714285714,124.47619047619047,103.95238095238095,40.285714285714285,2182.959523809524,-9.138691759047619,100.0,3.0904761904761906,2.433809523809524e-21,3.1503809523809525,4.333333333333333,0.3700000000000001,0.32999999999999985,1.0,2.7200000000000006,79.0,60.0,17.0,808.0,5.954497120999999,0.0,0.34999999999999964,1.8900000000000004e-21,1.1829999999999998,1.0,0.023696000000000012,0.019079999999999993,0.24000000000000005,0.8968640000000004,960.96,513.6,41.040000000000006,83655.04,5.539981367672209,0.0,0.017559999999999975,4.838640000000002e-43,0.2302771999999999,0.24000000000000005,25.0,318.9,"
    Formula: Hf0.25 Nb0.375 Ti1 V0.5 Zr0.5
    avg_Atomic_Radius: 1.8695238095238094
    avg_Pauling_Electronegativity: 1.502857142857143
    avg_number_of_valence_electrons: 4.333333333333333
    avg_Cohesive_energy_ev_atom: 5.744285714285714
    avg_Bulk_modulus_RT_Gpa: 124.47619047619047
    avg_Elastic_modulus_RT_Gpa: 103.95238095238095
    avg_Melting_point_(K): 2182.959523809524
    avg_lattice_constant_A: 3.0904761904761906
    avg_BEC_percm3: 2.433809523809524e-21
    avg_Av.Valence_bond_strength_ev: 3.1503809523809525
    avg_EngelZ_e/a: 4.333333333333333
    Temperature: 25.0
    "
Hf0.25 Nb0.5 Ti1 V0.5 Zr0.5,1.8745454545454545,1.5072727272727275,4.363636363636364,5.827272727272728,126.54545454545455,103.99999999999999,40.18181818181818,2208.331818181818,-8.999666010818181,100.00000000000001,3.1,2.4481818181818186e-21,3.1877272727272725,4.363636363636364,0.3700000000000001,0.32999999999999985,1.0,2.7200000000000006,79.0,60.0,17.0,808.0,5.954497120999999,0.0,0.34999999999999964,1.8900000000000004e-21,1.1829999999999998,1.0,0.023696000000000012,0.019079999999999993,0.24000000000000005,0.8968640000000004,960.96,513.6,41.040000000000006,83655.04,5.539981367672209,0.0,0.017559999999999975,4.838640000000002e-43,0.2302771999999999,0.24000000000000005,25.0,310.4,"
    Formula: Hf0.25 Nb0.5 Ti1 V0.5 Zr0.5
    avg_Atomic_Radius: 1.8745454545454545
    avg_Pauling_Electronegativity: 1.5072727272727275
    avg_number_of_valence_electrons: 4.363636363636364
    avg_Cohesive_energy_ev_atom: 5.827272727272728
    avg_Bulk_modulus_RT_Gpa: 126.54545454545455
    avg_Elastic_modulus_RT_Gpa: 103.99999999999999
    avg_Melting_point_(K): 2208.331818181818
    avg_lattice_constant_A: 3.1
    avg_BEC_percm3: 2.4481818181818186e-21
    avg_Av.Valence_bond_strength_ev: 3.1877272727272725
    avg_EngelZ_e/a: 4.363636363636364
    Temperature: 25.0
    "
Hf0.25 Nb0.5 Ti1 V0.5 Zr0.5,1.8745454545454545,1.5072727272727275,4.363636363636364,5.827272727272728,126.54545454545455,103.99999999999999,40.18181818181818,2208.331818181818,-8.999666010818181,100.00000000000001,3.1,2.4481818181818186e-21,3.1877272727272725,4.363636363636364,0.3700000000000001,0.32999999999999985,1.0,2.7200000000000006,79.0,60.0,17.0,808.0,5.954497120999999,0.0,0.34999999999999964,1.8900000000000004e-21,1.1829999999999998,1.0,0.023696000000000012,0.019079999999999993,0.24000000000000005,0.8968640000000004,960.96,513.6,41.040000000000006,83655.04,5.539981367672209,0.0,0.017559999999999975,4.838640000000002e-43,0.2302771999999999,0.24000000000000005,600.0,310.4,"
    Formula: Hf0.25 Nb0.5 Ti1 V0.5 Zr0.5
    avg_Atomic_Radius: 1.8745454545454545
    avg_Pauling_Electronegativity: 1.5072727272727275
    avg_number_of_valence_electrons: 4.363636363636364
    avg_Cohesive_energy_ev_atom: 5.827272727272728
    avg_Bulk_modulus_RT_Gpa: 126.54545454545455
    avg_Elastic_modulus_RT_Gpa: 103.99999999999999
    avg_Melting_point_(K): 2208.331818181818
    avg_lattice_constant_A: 3.1
    avg_BEC_percm3: 2.4481818181818186e-21
    avg_Av.Valence_bond_strength_ev: 3.1877272727272725
    avg_EngelZ_e/a: 4.363636363636364
    Temperature: 600.0
    "
Hf0.25 Nb0.5 Ti1 V0.5 Zr0.5,1.8745454545454545,1.5072727272727275,4.363636363636364,5.827272727272728,126.54545454545455,103.99999999999999,40.18181818181818,2208.331818181818,-8.999666010818181,100.00000000000001,3.1,2.4481818181818186e-21,3.1877272727272725,4.363636363636364,0.3700000000000001,0.32999999999999985,1.0,2.7200000000000006,79.0,60.0,17.0,808.0,5.954497120999999,0.0,0.34999999999999964,1.8900000000000004e-21,1.1829999999999998,1.0,0.023696000000000012,0.019079999999999993,0.24000000000000005,0.8968640000000004,960.96,513.6,41.040000000000006,83655.04,5.539981367672209,0.0,0.017559999999999975,4.838640000000002e-43,0.2302771999999999,0.24000000000000005,800.0,310.4,"
    Formula: Hf0.25 Nb0.5 Ti1 V0.5 Zr0.5
    avg_Atomic_Radius: 1.8745454545454545
    avg_Pauling_Electronegativity: 1.5072727272727275
    avg_number_of_valence_electrons: 4.363636363636364
    avg_Cohesive_energy_ev_atom: 5.827272727272728
    avg_Bulk_modulus_RT_Gpa: 126.54545454545455
    avg_Elastic_modulus_RT_Gpa: 103.99999999999999
    avg_Melting_point_(K): 2208.331818181818
    avg_lattice_constant_A: 3.1
    avg_BEC_percm3: 2.4481818181818186e-21
    avg_Av.Valence_bond_strength_ev: 3.1877272727272725
    avg_EngelZ_e/a: 4.363636363636364
    Temperature: 800.0
    "
Cr1 Cu1 Fe1 Mn1 Ni1,1.5540000000000003,1.77,8.4,3.846,154.0,203.60000000000002,68.20093363101279,1707.5500000000002,-21.28872344,20.72727272727273,4.354,4.886000000000001e-21,2.0450000000000004,5.74,0.20999999999999996,0.3599999999999999,5.0,1.5200000000000005,60.0,149.0,89.0,774.0,8.737094040000002,20.0,6.0200000000000005,2.0300000000000006e-21,0.9570000000000001,2.7,0.005864000000000003,0.020119999999999992,3.44,0.3179840000000001,464.0,2240.24,774.888888888889,69758.24,11.484732370025231,65.21225,5.239864000000001,5.2486400000000035e-43,0.1390756,0.8864000000000003,25.0,398.0,"
    Formula: Cr1 Cu1 Fe1 Mn1 Ni1
    avg_Atomic_Radius: 1.5540000000000003
    avg_Pauling_Electronegativity: 1.77
    avg_number_of_valence_electrons: 8.4
    avg_Cohesive_energy_ev_atom: 3.846
    avg_Bulk_modulus_RT_Gpa: 154.0
    avg_Elastic_modulus_RT_Gpa: 203.60000000000002
    avg_Melting_point_(K): 1707.5500000000002
    avg_lattice_constant_A: 4.354
    avg_BEC_percm3: 4.886000000000001e-21
    avg_Av.Valence_bond_strength_ev: 2.0450000000000004
    avg_EngelZ_e/a: 5.74
    Temperature: 25.0
    "
Cr1 Cu1 Fe1 Mn1 Ni1,1.5540000000000003,1.77,8.4,3.846,154.0,203.60000000000002,68.20093363101279,1707.5500000000002,-21.28872344,20.72727272727273,4.354,4.886000000000001e-21,2.0450000000000004,5.74,0.20999999999999996,0.3599999999999999,5.0,1.5200000000000005,60.0,149.0,89.0,774.0,8.737094040000002,20.0,6.0200000000000005,2.0300000000000006e-21,0.9570000000000001,2.7,0.005864000000000003,0.020119999999999992,3.44,0.3179840000000001,464.0,2240.24,774.888888888889,69758.24,11.484732370025231,65.21225,5.239864000000001,5.2486400000000035e-43,0.1390756,0.8864000000000003,25.0,367.0,"
    Formula: Cr1 Cu1 Fe1 Mn1 Ni1
    avg_Atomic_Radius: 1.5540000000000003
    avg_Pauling_Electronegativity: 1.77
    avg_number_of_valence_electrons: 8.4
    avg_Cohesive_energy_ev_atom: 3.846
    avg_Bulk_modulus_RT_Gpa: 154.0
    avg_Elastic_modulus_RT_Gpa: 203.60000000000002
    avg_Melting_point_(K): 1707.5500000000002
    avg_lattice_constant_A: 4.354
    avg_BEC_percm3: 4.886000000000001e-21
    avg_Av.Valence_bond_strength_ev: 2.0450000000000004
    avg_EngelZ_e/a: 5.74
    Temperature: 25.0
    "
Cr1 Cu1 Fe1 Mn1 Ni1,1.5540000000000003,1.77,8.4,3.846,154.0,203.60000000000002,68.20093363101279,1707.5500000000002,-21.28872344,20.72727272727273,4.354,4.886000000000001e-21,2.0450000000000004,5.74,0.20999999999999996,0.3599999999999999,5.0,1.5200000000000005,60.0,149.0,89.0,774.0,8.737094040000002,20.0,6.0200000000000005,2.0300000000000006e-21,0.9570000000000001,2.7,0.005864000000000003,0.020119999999999992,3.44,0.3179840000000001,464.0,2240.24,774.888888888889,69758.24,11.484732370025231,65.21225,5.239864000000001,5.2486400000000035e-43,0.1390756,0.8864000000000003,25.0,312.0,"
    Formula: Cr1 Cu1 Fe1 Mn1 Ni1
    avg_Atomic_Radius: 1.5540000000000003
    avg_Pauling_Electronegativity: 1.77
    avg_number_of_valence_electrons: 8.4
    avg_Cohesive_energy_ev_atom: 3.846
    avg_Bulk_modulus_RT_Gpa: 154.0
    avg_Elastic_modulus_RT_Gpa: 203.60000000000002
    avg_Melting_point_(K): 1707.5500000000002
    avg_lattice_constant_A: 4.354
    avg_BEC_percm3: 4.886000000000001e-21
    avg_Av.Valence_bond_strength_ev: 2.0450000000000004
    avg_EngelZ_e/a: 5.74
    Temperature: 25.0
    "
Cr1 Cu1 Fe1 Mn1 Ni1,1.5540000000000003,1.77,8.4,3.846,154.0,203.60000000000002,68.20093363101279,1707.5500000000002,-21.28872344,20.72727272727273,4.354,4.886000000000001e-21,2.0450000000000004,5.74,0.20999999999999996,0.3599999999999999,5.0,1.5200000000000005,60.0,149.0,89.0,774.0,8.737094040000002,20.0,6.0200000000000005,2.0300000000000006e-21,0.9570000000000001,2.7,0.005864000000000003,0.020119999999999992,3.44,0.3179840000000001,464.0,2240.24,774.888888888889,69758.24,11.484732370025231,65.21225,5.239864000000001,5.2486400000000035e-43,0.1390756,0.8864000000000003,25.0,271.0,"
    Formula: Cr1 Cu1 Fe1 Mn1 Ni1
    avg_Atomic_Radius: 1.5540000000000003
    avg_Pauling_Electronegativity: 1.77
    avg_number_of_valence_electrons: 8.4
    avg_Cohesive_energy_ev_atom: 3.846
    avg_Bulk_modulus_RT_Gpa: 154.0
    avg_Elastic_modulus_RT_Gpa: 203.60000000000002
    avg_Melting_point_(K): 1707.5500000000002
    avg_lattice_constant_A: 4.354
    avg_BEC_percm3: 4.886000000000001e-21
    avg_Av.Valence_bond_strength_ev: 2.0450000000000004
    avg_EngelZ_e/a: 5.74
    Temperature: 25.0
    "
Cr1 Cu1 Fe1 Mn1 Ni1,1.5540000000000003,1.77,8.4,3.846,154.0,203.60000000000002,68.20093363101279,1707.5500000000002,-21.28872344,20.72727272727273,4.354,4.886000000000001e-21,2.0450000000000004,5.74,0.20999999999999996,0.3599999999999999,5.0,1.5200000000000005,60.0,149.0,89.0,774.0,8.737094040000002,20.0,6.0200000000000005,2.0300000000000006e-21,0.9570000000000001,2.7,0.005864000000000003,0.020119999999999992,3.44,0.3179840000000001,464.0,2240.24,774.888888888889,69758.24,11.484732370025231,65.21225,5.239864000000001,5.2486400000000035e-43,0.1390756,0.8864000000000003,25.0,183.0,"
    Formula: Cr1 Cu1 Fe1 Mn1 Ni1
    avg_Atomic_Radius: 1.5540000000000003
    avg_Pauling_Electronegativity: 1.77
    avg_number_of_valence_electrons: 8.4
    avg_Cohesive_energy_ev_atom: 3.846
    avg_Bulk_modulus_RT_Gpa: 154.0
    avg_Elastic_modulus_RT_Gpa: 203.60000000000002
    avg_Melting_point_(K): 1707.5500000000002
    avg_lattice_constant_A: 4.354
    avg_BEC_percm3: 4.886000000000001e-21
    avg_Av.Valence_bond_strength_ev: 2.0450000000000004
    avg_EngelZ_e/a: 5.74
    Temperature: 25.0
    "
Cr1 Cu1 Fe1 Mn1 Ni1,1.5540000000000003,1.77,8.4,3.846,154.0,203.60000000000002,68.20093363101279,1707.5500000000002,-21.28872344,20.72727272727273,4.354,4.886000000000001e-21,2.0450000000000004,5.74,0.20999999999999996,0.3599999999999999,5.0,1.5200000000000005,60.0,149.0,89.0,774.0,8.737094040000002,20.0,6.0200000000000005,2.0300000000000006e-21,0.9570000000000001,2.7,0.005864000000000003,0.020119999999999992,3.44,0.3179840000000001,464.0,2240.24,774.888888888889,69758.24,11.484732370025231,65.21225,5.239864000000001,5.2486400000000035e-43,0.1390756,0.8864000000000003,25.0,162.0,"
    Formula: Cr1 Cu1 Fe1 Mn1 Ni1
    avg_Atomic_Radius: 1.5540000000000003
    avg_Pauling_Electronegativity: 1.77
    avg_number_of_valence_electrons: 8.4
    avg_Cohesive_energy_ev_atom: 3.846
    avg_Bulk_modulus_RT_Gpa: 154.0
    avg_Elastic_modulus_RT_Gpa: 203.60000000000002
    avg_Melting_point_(K): 1707.5500000000002
    avg_lattice_constant_A: 4.354
    avg_BEC_percm3: 4.886000000000001e-21
    avg_Av.Valence_bond_strength_ev: 2.0450000000000004
    avg_EngelZ_e/a: 5.74
    Temperature: 25.0
    "
C0.053 Co1 Cr1 Fe1 Mn1 Ni1,1.558581040965763,1.7742232337225412,7.958044725905403,4.061074609143083,160.64694241044924,217.3882446071641,68.20093363101279,1809.3564120324563,-21.28872344,20.72727272727273,4.128084306352662,5.2790896497130424e-21,2.0567316445675834,6.097763704729863,0.9899999999999999,0.9999999999999998,6.0,4.45,147.0,251.4,89.0,2123.0,8.737094040000002,20.0,6.380000000000001,2.2200000000000006e-21,3.4079999999999995,2.8,0.11511388888888886,0.10132222222222216,3.8888888888888893,1.819288888888889,2724.5833333333335,5870.205555555556,774.888888888889,507955.47222222225,11.484732370025231,65.21225,4.844866666666667,5.184555555555559e-43,1.180921583333333,0.8055555555555555,800.0,345.0,"
    Formula: C0.053 Co1 Cr1 Fe1 Mn1 Ni1
    avg_Atomic_Radius: 1.558581040965763
    avg_Pauling_Electronegativity: 1.7742232337225412
    avg_number_of_valence_electrons: 7.958044725905403
    avg_Cohesive_energy_ev_atom: 4.061074609143083
    avg_Bulk_modulus_RT_Gpa: 160.64694241044924
    avg_Elastic_modulus_RT_Gpa: 217.3882446071641
    avg_Melting_point_(K): 1809.3564120324563
    avg_lattice_constant_A: 4.128084306352662
    avg_BEC_percm3: 5.2790896497130424e-21
    avg_Av.Valence_bond_strength_ev: 2.0567316445675834
    avg_EngelZ_e/a: 6.097763704729863
    Temperature: 800.0
    "
C0.053 Co1 Cr1 Fe1 Mn1 Ni1,1.558581040965763,1.7742232337225412,7.958044725905403,4.061074609143083,160.64694241044924,217.3882446071641,68.20093363101279,1809.3564120324563,-21.28872344,20.72727272727273,4.128084306352662,5.2790896497130424e-21,2.0567316445675834,6.097763704729863,0.9899999999999999,0.9999999999999998,6.0,4.45,147.0,251.4,89.0,2123.0,8.737094040000002,20.0,6.380000000000001,2.2200000000000006e-21,3.4079999999999995,2.8,0.11511388888888886,0.10132222222222216,3.8888888888888893,1.819288888888889,2724.5833333333335,5870.205555555556,774.888888888889,507955.47222222225,11.484732370025231,65.21225,4.844866666666667,5.184555555555559e-43,1.180921583333333,0.8055555555555555,1000.0,285.0,"
    Formula: C0.053 Co1 Cr1 Fe1 Mn1 Ni1
    avg_Atomic_Radius: 1.558581040965763
    avg_Pauling_Electronegativity: 1.7742232337225412
    avg_number_of_valence_electrons: 7.958044725905403
    avg_Cohesive_energy_ev_atom: 4.061074609143083
    avg_Bulk_modulus_RT_Gpa: 160.64694241044924
    avg_Elastic_modulus_RT_Gpa: 217.3882446071641
    avg_Melting_point_(K): 1809.3564120324563
    avg_lattice_constant_A: 4.128084306352662
    avg_BEC_percm3: 5.2790896497130424e-21
    avg_Av.Valence_bond_strength_ev: 2.0567316445675834
    avg_EngelZ_e/a: 6.097763704729863
    Temperature: 1000.0
    "
Al1 Co1 Cr1 Fe1 Ni1,1.4820000000000002,1.778,7.200000000000001,4.12,153.2,193.8,74.80000000000001,1673.15,-22.847711518000004,12.8,3.166,4.510000000000001e-21,2.2470000000000003,5.360000000000001,0.48,0.2999999999999998,7.0,1.0500000000000003,104.0,209.0,89.0,1197.0,6.253642030000002,20.0,1.54,3.63e-21,0.6430000000000002,3.4000000000000004,0.026096,0.01453599999999999,6.16,0.14684,1544.96,4630.16,810.16,157301.60000000003,4.105762402460071,65.172,0.301304,1.8700800000000003e-42,0.047285600000000025,1.4944000000000002,25.0,550.0,"
    Formula: Al1 Co1 Cr1 Fe1 Ni1
    avg_Atomic_Radius: 1.4820000000000002
    avg_Pauling_Electronegativity: 1.778
    avg_number_of_valence_electrons: 7.200000000000001
    avg_Cohesive_energy_ev_atom: 4.12
    avg_Bulk_modulus_RT_Gpa: 153.2
    avg_Elastic_modulus_RT_Gpa: 193.8
    avg_Melting_point_(K): 1673.15
    avg_lattice_constant_A: 3.166
    avg_BEC_percm3: 4.510000000000001e-21
    avg_Av.Valence_bond_strength_ev: 2.2470000000000003
    avg_EngelZ_e/a: 5.360000000000001
    Temperature: 25.0
    "
Al1 Co1 Cr1 Fe1 Ni1,1.4820000000000002,1.778,7.200000000000001,4.12,153.2,193.8,74.80000000000001,1673.15,-22.847711518000004,12.8,3.166,4.510000000000001e-21,2.2470000000000003,5.360000000000001,0.48,0.2999999999999998,7.0,1.0500000000000003,104.0,209.0,89.0,1197.0,6.253642030000002,20.0,1.54,3.63e-21,0.6430000000000002,3.4000000000000004,0.026096,0.01453599999999999,6.16,0.14684,1544.96,4630.16,810.16,157301.60000000003,4.105762402460071,65.172,0.301304,1.8700800000000003e-42,0.047285600000000025,1.4944000000000002,25.0,510.0,"
    Formula: Al1 Co1 Cr1 Fe1 Ni1
    avg_Atomic_Radius: 1.4820000000000002
    avg_Pauling_Electronegativity: 1.778
    avg_number_of_valence_electrons: 7.200000000000001
    avg_Cohesive_energy_ev_atom: 4.12
    avg_Bulk_modulus_RT_Gpa: 153.2
    avg_Elastic_modulus_RT_Gpa: 193.8
    avg_Melting_point_(K): 1673.15
    avg_lattice_constant_A: 3.166
    avg_BEC_percm3: 4.510000000000001e-21
    avg_Av.Valence_bond_strength_ev: 2.2470000000000003
    avg_EngelZ_e/a: 5.360000000000001
    Temperature: 25.0
    "
Al1 Co1 Cr1 Fe1 Ni1,1.4820000000000002,1.778,7.200000000000001,4.12,153.2,193.8,74.80000000000001,1673.15,-22.847711518000004,12.8,3.166,4.510000000000001e-21,2.2470000000000003,5.360000000000001,0.48,0.2999999999999998,7.0,1.0500000000000003,104.0,209.0,89.0,1197.0,6.253642030000002,20.0,1.54,3.63e-21,0.6430000000000002,3.4000000000000004,0.026096,0.01453599999999999,6.16,0.14684,1544.96,4630.16,810.16,157301.60000000003,4.105762402460071,65.172,0.301304,1.8700800000000003e-42,0.047285600000000025,1.4944000000000002,25.0,503.0,"
    Formula: Al1 Co1 Cr1 Fe1 Ni1
    avg_Atomic_Radius: 1.4820000000000002
    avg_Pauling_Electronegativity: 1.778
    avg_number_of_valence_electrons: 7.200000000000001
    avg_Cohesive_energy_ev_atom: 4.12
    avg_Bulk_modulus_RT_Gpa: 153.2
    avg_Elastic_modulus_RT_Gpa: 193.8
    avg_Melting_point_(K): 1673.15
    avg_lattice_constant_A: 3.166
    avg_BEC_percm3: 4.510000000000001e-21
    avg_Av.Valence_bond_strength_ev: 2.2470000000000003
    avg_EngelZ_e/a: 5.360000000000001
    Temperature: 25.0
    "
Mo1 Nb1 Ta1 W1,1.9525,1.9049999999999998,5.5,7.8475,227.5,257.75,72.0,3145.9,-8.759276425,100.0,3.23,3.27e-21,4.54275,5.5,0.10000000000000009,0.8599999999999999,1.0,2.08,140.0,306.0,141.0,942.0,14.305552413999997,0.0,0.16000000000000014,1.14e-21,1.1709999999999998,1.0,0.0015687500000000029,0.13227499999999998,0.25,0.5760687499999999,2718.75,14260.6875,2947.5,133264.6875,28.31685113608482,0.0,0.0056499999999999944,2.9765000000000007e-43,0.17632718749999995,0.25,25.0,504.5,"
    Formula: Mo1 Nb1 Ta1 W1
    avg_Atomic_Radius: 1.9525
    avg_Pauling_Electronegativity: 1.9049999999999998
    avg_number_of_valence_electrons: 5.5
    avg_Cohesive_energy_ev_atom: 7.8475
    avg_Bulk_modulus_RT_Gpa: 227.5
    avg_Elastic_modulus_RT_Gpa: 257.75
    avg_Melting_point_(K): 3145.9
    avg_lattice_constant_A: 3.23
    avg_BEC_percm3: 3.27e-21
    avg_Av.Valence_bond_strength_ev: 4.54275
    avg_EngelZ_e/a: 5.5
    Temperature: 25.0
    "
Mo1 Nb1 Si0.25 Ta1 W1,1.9029411764705881,1.9047058823529412,5.411764705882353,7.658235294117647,220.0,245.35294117647055,71.29411764705883,3059.855882352941,-9.355530752941176,94.3235294117647,3.3594117647058823,3.1952941176470587e-21,4.457,5.411764705882353,0.8899999999999999,0.8599999999999999,2.0,4.2700000000000005,210.0,364.0,141.0,2000.0,15.917767424,96.5,2.28,1.84e-21,2.058,2.0,0.11482399999999997,0.10582399999999999,0.5599999999999999,2.117224,4776.0,18515.04,2381.04,448953.75999999995,39.092689807603996,1489.9599999999998,0.7789199999999997,4.96184e-43,0.48106735999999994,0.5599999999999999,25.0,567.0,"
    Formula: Mo1 Nb1 Si0.25 Ta1 W1
    avg_Atomic_Radius: 1.9029411764705881
    avg_Pauling_Electronegativity: 1.9047058823529412
    avg_number_of_valence_electrons: 5.411764705882353
    avg_Cohesive_energy_ev_atom: 7.658235294117647
    avg_Bulk_modulus_RT_Gpa: 220.0
    avg_Elastic_modulus_RT_Gpa: 245.35294117647055
    avg_Melting_point_(K): 3059.855882352941
    avg_lattice_constant_A: 3.3594117647058823
    avg_BEC_percm3: 3.1952941176470587e-21
    avg_Av.Valence_bond_strength_ev: 4.457
    avg_EngelZ_e/a: 5.411764705882353
    Temperature: 25.0
    "
Mo1 Nb1 Si0.5 Ta1 W1,1.8588888888888886,1.9044444444444442,5.333333333333333,7.49,213.33333333333334,234.33333333333331,70.66666666666666,2983.3722222222223,-9.8855346,89.27777777777777,3.474444444444444,3.1288888888888888e-21,4.380777777777777,5.333333333333333,0.8899999999999999,0.8599999999999999,2.0,4.2700000000000005,210.0,364.0,141.0,2000.0,15.917767424,96.5,2.28,1.84e-21,2.058,2.0,0.11482399999999997,0.10582399999999999,0.5599999999999999,2.117224,4776.0,18515.04,2381.04,448953.75999999995,39.092689807603996,1489.9599999999998,0.7789199999999997,4.96184e-43,0.48106735999999994,0.5599999999999999,25.0,697.0,"
    Formula: Mo1 Nb1 Si0.5 Ta1 W1
    avg_Atomic_Radius: 1.8588888888888886
    avg_Pauling_Electronegativity: 1.9044444444444442
    avg_number_of_valence_electrons: 5.333333333333333
    avg_Cohesive_energy_ev_atom: 7.49
    avg_Bulk_modulus_RT_Gpa: 213.33333333333334
    avg_Elastic_modulus_RT_Gpa: 234.33333333333331
    avg_Melting_point_(K): 2983.3722222222223
    avg_lattice_constant_A: 3.474444444444444
    avg_BEC_percm3: 3.1288888888888888e-21
    avg_Av.Valence_bond_strength_ev: 4.380777777777777
    avg_EngelZ_e/a: 5.333333333333333
    Temperature: 25.0
    "
Mo1 Nb1 Si0.75 Ta1 W1,1.8194736842105261,1.9042105263157891,5.2631578947368425,7.339473684210526,207.36842105263156,224.4736842105263,70.10526315789474,2914.9394736842105,-10.35974856842105,84.76315789473684,3.5773684210526313,3.0694736842105266e-21,4.31257894736842,5.2631578947368425,0.8899999999999999,0.8599999999999999,2.0,4.2700000000000005,210.0,364.0,141.0,2000.0,15.917767424,96.5,2.28,1.84e-21,2.058,2.0,0.11482399999999997,0.10582399999999999,0.5599999999999999,2.117224,4776.0,18515.04,2381.04,448953.75999999995,39.092689807603996,1489.9599999999998,0.7789199999999997,4.96184e-43,0.48106735999999994,0.5599999999999999,25.0,682.6,"
    Formula: Mo1 Nb1 Si0.75 Ta1 W1
    avg_Atomic_Radius: 1.8194736842105261
    avg_Pauling_Electronegativity: 1.9042105263157891
    avg_number_of_valence_electrons: 5.2631578947368425
    avg_Cohesive_energy_ev_atom: 7.339473684210526
    avg_Bulk_modulus_RT_Gpa: 207.36842105263156
    avg_Elastic_modulus_RT_Gpa: 224.4736842105263
    avg_Melting_point_(K): 2914.9394736842105
    avg_lattice_constant_A: 3.5773684210526313
    avg_BEC_percm3: 3.0694736842105266e-21
    avg_Av.Valence_bond_strength_ev: 4.31257894736842
    avg_EngelZ_e/a: 5.2631578947368425
    Temperature: 25.0
    "
Mo1 Nb1 Ta1 W1,1.9525,1.9049999999999998,5.5,7.8475,227.5,257.75,72.0,3145.9,-8.759276425,100.0,3.23,3.27e-21,4.54275,5.5,0.10000000000000009,0.8599999999999999,1.0,2.08,140.0,306.0,141.0,942.0,14.305552413999997,0.0,0.16000000000000014,1.14e-21,1.1709999999999998,1.0,0.0015687500000000029,0.13227499999999998,0.25,0.5760687499999999,2718.75,14260.6875,2947.5,133264.6875,28.31685113608482,0.0,0.0056499999999999944,2.9765000000000007e-43,0.17632718749999995,0.25,200.0,420.0,"
    Formula: Mo1 Nb1 Ta1 W1
    avg_Atomic_Radius: 1.9525
    avg_Pauling_Electronegativity: 1.9049999999999998
    avg_number_of_valence_electrons: 5.5
    avg_Cohesive_energy_ev_atom: 7.8475
    avg_Bulk_modulus_RT_Gpa: 227.5
    avg_Elastic_modulus_RT_Gpa: 257.75
    avg_Melting_point_(K): 3145.9
    avg_lattice_constant_A: 3.23
    avg_BEC_percm3: 3.27e-21
    avg_Av.Valence_bond_strength_ev: 4.54275
    avg_EngelZ_e/a: 5.5
    Temperature: 200.0
    "
Mo1 Nb1 Si0.25 Ta1 W1,1.9029411764705881,1.9047058823529412,5.411764705882353,7.658235294117647,220.0,245.35294117647055,71.29411764705883,3059.855882352941,-9.355530752941176,94.3235294117647,3.3594117647058823,3.1952941176470587e-21,4.457,5.411764705882353,0.8899999999999999,0.8599999999999999,2.0,4.2700000000000005,210.0,364.0,141.0,2000.0,15.917767424,96.5,2.28,1.84e-21,2.058,2.0,0.11482399999999997,0.10582399999999999,0.5599999999999999,2.117224,4776.0,18515.04,2381.04,448953.75999999995,39.092689807603996,1489.9599999999998,0.7789199999999997,4.96184e-43,0.48106735999999994,0.5599999999999999,200.0,425.0,"
    Formula: Mo1 Nb1 Si0.25 Ta1 W1
    avg_Atomic_Radius: 1.9029411764705881
    avg_Pauling_Electronegativity: 1.9047058823529412
    avg_number_of_valence_electrons: 5.411764705882353
    avg_Cohesive_energy_ev_atom: 7.658235294117647
    avg_Bulk_modulus_RT_Gpa: 220.0
    avg_Elastic_modulus_RT_Gpa: 245.35294117647055
    avg_Melting_point_(K): 3059.855882352941
    avg_lattice_constant_A: 3.3594117647058823
    avg_BEC_percm3: 3.1952941176470587e-21
    avg_Av.Valence_bond_strength_ev: 4.457
    avg_EngelZ_e/a: 5.411764705882353
    Temperature: 200.0
    "
Mo1 Nb1 Si0.5 Ta1 W1,1.8588888888888886,1.9044444444444442,5.333333333333333,7.49,213.33333333333334,234.33333333333331,70.66666666666666,2983.3722222222223,-9.8855346,89.27777777777777,3.474444444444444,3.1288888888888888e-21,4.380777777777777,5.333333333333333,0.8899999999999999,0.8599999999999999,2.0,4.2700000000000005,210.0,364.0,141.0,2000.0,15.917767424,96.5,2.28,1.84e-21,2.058,2.0,0.11482399999999997,0.10582399999999999,0.5599999999999999,2.117224,4776.0,18515.04,2381.04,448953.75999999995,39.092689807603996,1489.9599999999998,0.7789199999999997,4.96184e-43,0.48106735999999994,0.5599999999999999,200.0,535.0,"
    Formula: Mo1 Nb1 Si0.5 Ta1 W1
    avg_Atomic_Radius: 1.8588888888888886
    avg_Pauling_Electronegativity: 1.9044444444444442
    avg_number_of_valence_electrons: 5.333333333333333
    avg_Cohesive_energy_ev_atom: 7.49
    avg_Bulk_modulus_RT_Gpa: 213.33333333333334
    avg_Elastic_modulus_RT_Gpa: 234.33333333333331
    avg_Melting_point_(K): 2983.3722222222223
    avg_lattice_constant_A: 3.474444444444444
    avg_BEC_percm3: 3.1288888888888888e-21
    avg_Av.Valence_bond_strength_ev: 4.380777777777777
    avg_EngelZ_e/a: 5.333333333333333
    Temperature: 200.0
    "
Mo1 Nb1 Si0.75 Ta1 W1,1.8194736842105261,1.9042105263157891,5.2631578947368425,7.339473684210526,207.36842105263156,224.4736842105263,70.10526315789474,2914.9394736842105,-10.35974856842105,84.76315789473684,3.5773684210526313,3.0694736842105266e-21,4.31257894736842,5.2631578947368425,0.8899999999999999,0.8599999999999999,2.0,4.2700000000000005,210.0,364.0,141.0,2000.0,15.917767424,96.5,2.28,1.84e-21,2.058,2.0,0.11482399999999997,0.10582399999999999,0.5599999999999999,2.117224,4776.0,18515.04,2381.04,448953.75999999995,39.092689807603996,1489.9599999999998,0.7789199999999997,4.96184e-43,0.48106735999999994,0.5599999999999999,200.0,640.0,"
    Formula: Mo1 Nb1 Si0.75 Ta1 W1
    avg_Atomic_Radius: 1.8194736842105261
    avg_Pauling_Electronegativity: 1.9042105263157891
    avg_number_of_valence_electrons: 5.2631578947368425
    avg_Cohesive_energy_ev_atom: 7.339473684210526
    avg_Bulk_modulus_RT_Gpa: 207.36842105263156
    avg_Elastic_modulus_RT_Gpa: 224.4736842105263
    avg_Melting_point_(K): 2914.9394736842105
    avg_lattice_constant_A: 3.5773684210526313
    avg_BEC_percm3: 3.0694736842105266e-21
    avg_Av.Valence_bond_strength_ev: 4.31257894736842
    avg_EngelZ_e/a: 5.2631578947368425
    Temperature: 200.0
    "
Mo1 Nb1 Ta1 W1,1.9525,1.9049999999999998,5.5,7.8475,227.5,257.75,72.0,3145.9,-8.759276425,100.0,3.23,3.27e-21,4.54275,5.5,0.10000000000000009,0.8599999999999999,1.0,2.08,140.0,306.0,141.0,942.0,14.305552413999997,0.0,0.16000000000000014,1.14e-21,1.1709999999999998,1.0,0.0015687500000000029,0.13227499999999998,0.25,0.5760687499999999,2718.75,14260.6875,2947.5,133264.6875,28.31685113608482,0.0,0.0056499999999999944,2.9765000000000007e-43,0.17632718749999995,0.25,400.0,425.0,"
    Formula: Mo1 Nb1 Ta1 W1
    avg_Atomic_Radius: 1.9525
    avg_Pauling_Electronegativity: 1.9049999999999998
    avg_number_of_valence_electrons: 5.5
    avg_Cohesive_energy_ev_atom: 7.8475
    avg_Bulk_modulus_RT_Gpa: 227.5
    avg_Elastic_modulus_RT_Gpa: 257.75
    avg_Melting_point_(K): 3145.9
    avg_lattice_constant_A: 3.23
    avg_BEC_percm3: 3.27e-21
    avg_Av.Valence_bond_strength_ev: 4.54275
    avg_EngelZ_e/a: 5.5
    Temperature: 400.0
    "
Mo1 Nb1 Si0.25 Ta1 W1,1.9029411764705881,1.9047058823529412,5.411764705882353,7.658235294117647,220.0,245.35294117647055,71.29411764705883,3059.855882352941,-9.355530752941176,94.3235294117647,3.3594117647058823,3.1952941176470587e-21,4.457,5.411764705882353,0.8899999999999999,0.8599999999999999,2.0,4.2700000000000005,210.0,364.0,141.0,2000.0,15.917767424,96.5,2.28,1.84e-21,2.058,2.0,0.11482399999999997,0.10582399999999999,0.5599999999999999,2.117224,4776.0,18515.04,2381.04,448953.75999999995,39.092689807603996,1489.9599999999998,0.7789199999999997,4.96184e-43,0.48106735999999994,0.5599999999999999,400.0,420.0,"
    Formula: Mo1 Nb1 Si0.25 Ta1 W1
    avg_Atomic_Radius: 1.9029411764705881
    avg_Pauling_Electronegativity: 1.9047058823529412
    avg_number_of_valence_electrons: 5.411764705882353
    avg_Cohesive_energy_ev_atom: 7.658235294117647
    avg_Bulk_modulus_RT_Gpa: 220.0
    avg_Elastic_modulus_RT_Gpa: 245.35294117647055
    avg_Melting_point_(K): 3059.855882352941
    avg_lattice_constant_A: 3.3594117647058823
    avg_BEC_percm3: 3.1952941176470587e-21
    avg_Av.Valence_bond_strength_ev: 4.457
    avg_EngelZ_e/a: 5.411764705882353
    Temperature: 400.0
    "
Mo1 Nb1 Si0.5 Ta1 W1,1.8588888888888886,1.9044444444444442,5.333333333333333,7.49,213.33333333333334,234.33333333333331,70.66666666666666,2983.3722222222223,-9.8855346,89.27777777777777,3.474444444444444,3.1288888888888888e-21,4.380777777777777,5.333333333333333,0.8899999999999999,0.8599999999999999,2.0,4.2700000000000005,210.0,364.0,141.0,2000.0,15.917767424,96.5,2.28,1.84e-21,2.058,2.0,0.11482399999999997,0.10582399999999999,0.5599999999999999,2.117224,4776.0,18515.04,2381.04,448953.75999999995,39.092689807603996,1489.9599999999998,0.7789199999999997,4.96184e-43,0.48106735999999994,0.5599999999999999,400.0,560.0,"
    Formula: Mo1 Nb1 Si0.5 Ta1 W1
    avg_Atomic_Radius: 1.8588888888888886
    avg_Pauling_Electronegativity: 1.9044444444444442
    avg_number_of_valence_electrons: 5.333333333333333
    avg_Cohesive_energy_ev_atom: 7.49
    avg_Bulk_modulus_RT_Gpa: 213.33333333333334
    avg_Elastic_modulus_RT_Gpa: 234.33333333333331
    avg_Melting_point_(K): 2983.3722222222223
    avg_lattice_constant_A: 3.474444444444444
    avg_BEC_percm3: 3.1288888888888888e-21
    avg_Av.Valence_bond_strength_ev: 4.380777777777777
    avg_EngelZ_e/a: 5.333333333333333
    Temperature: 400.0
    "
Mo1 Nb1 Si0.75 Ta1 W1,1.8194736842105261,1.9042105263157891,5.2631578947368425,7.339473684210526,207.36842105263156,224.4736842105263,70.10526315789474,2914.9394736842105,-10.35974856842105,84.76315789473684,3.5773684210526313,3.0694736842105266e-21,4.31257894736842,5.2631578947368425,0.8899999999999999,0.8599999999999999,2.0,4.2700000000000005,210.0,364.0,141.0,2000.0,15.917767424,96.5,2.28,1.84e-21,2.058,2.0,0.11482399999999997,0.10582399999999999,0.5599999999999999,2.117224,4776.0,18515.04,2381.04,448953.75999999995,39.092689807603996,1489.9599999999998,0.7789199999999997,4.96184e-43,0.48106735999999994,0.5599999999999999,400.0,600.0,"
    Formula: Mo1 Nb1 Si0.75 Ta1 W1
    avg_Atomic_Radius: 1.8194736842105261
    avg_Pauling_Electronegativity: 1.9042105263157891
    avg_number_of_valence_electrons: 5.2631578947368425
    avg_Cohesive_energy_ev_atom: 7.339473684210526
    avg_Bulk_modulus_RT_Gpa: 207.36842105263156
    avg_Elastic_modulus_RT_Gpa: 224.4736842105263
    avg_Melting_point_(K): 2914.9394736842105
    avg_lattice_constant_A: 3.5773684210526313
    avg_BEC_percm3: 3.0694736842105266e-21
    avg_Av.Valence_bond_strength_ev: 4.31257894736842
    avg_EngelZ_e/a: 5.2631578947368425
    Temperature: 400.0
    "
Mo1 Nb1 Ta1 W1,1.9525,1.9049999999999998,5.5,7.8475,227.5,257.75,72.0,3145.9,-8.759276425,100.0,3.23,3.27e-21,4.54275,5.5,0.10000000000000009,0.8599999999999999,1.0,2.08,140.0,306.0,141.0,942.0,14.305552413999997,0.0,0.16000000000000014,1.14e-21,1.1709999999999998,1.0,0.0015687500000000029,0.13227499999999998,0.25,0.5760687499999999,2718.75,14260.6875,2947.5,133264.6875,28.31685113608482,0.0,0.0056499999999999944,2.9765000000000007e-43,0.17632718749999995,0.25,600.0,340.0,"
    Formula: Mo1 Nb1 Ta1 W1
    avg_Atomic_Radius: 1.9525
    avg_Pauling_Electronegativity: 1.9049999999999998
    avg_number_of_valence_electrons: 5.5
    avg_Cohesive_energy_ev_atom: 7.8475
    avg_Bulk_modulus_RT_Gpa: 227.5
    avg_Elastic_modulus_RT_Gpa: 257.75
    avg_Melting_point_(K): 3145.9
    avg_lattice_constant_A: 3.23
    avg_BEC_percm3: 3.27e-21
    avg_Av.Valence_bond_strength_ev: 4.54275
    avg_EngelZ_e/a: 5.5
    Temperature: 600.0
    "
Mo1 Nb1 Si0.25 Ta1 W1,1.9029411764705881,1.9047058823529412,5.411764705882353,7.658235294117647,220.0,245.35294117647055,71.29411764705883,3059.855882352941,-9.355530752941176,94.3235294117647,3.3594117647058823,3.1952941176470587e-21,4.457,5.411764705882353,0.8899999999999999,0.8599999999999999,2.0,4.2700000000000005,210.0,364.0,141.0,2000.0,15.917767424,96.5,2.28,1.84e-21,2.058,2.0,0.11482399999999997,0.10582399999999999,0.5599999999999999,2.117224,4776.0,18515.04,2381.04,448953.75999999995,39.092689807603996,1489.9599999999998,0.7789199999999997,4.96184e-43,0.48106735999999994,0.5599999999999999,600.0,425.0,"
    Formula: Mo1 Nb1 Si0.25 Ta1 W1
    avg_Atomic_Radius: 1.9029411764705881
    avg_Pauling_Electronegativity: 1.9047058823529412
    avg_number_of_valence_electrons: 5.411764705882353
    avg_Cohesive_energy_ev_atom: 7.658235294117647
    avg_Bulk_modulus_RT_Gpa: 220.0
    avg_Elastic_modulus_RT_Gpa: 245.35294117647055
    avg_Melting_point_(K): 3059.855882352941
    avg_lattice_constant_A: 3.3594117647058823
    avg_BEC_percm3: 3.1952941176470587e-21
    avg_Av.Valence_bond_strength_ev: 4.457
    avg_EngelZ_e/a: 5.411764705882353
    Temperature: 600.0
    "
Mo1 Nb1 Si0.5 Ta1 W1,1.8588888888888886,1.9044444444444442,5.333333333333333,7.49,213.33333333333334,234.33333333333331,70.66666666666666,2983.3722222222223,-9.8855346,89.27777777777777,3.474444444444444,3.1288888888888888e-21,4.380777777777777,5.333333333333333,0.8899999999999999,0.8599999999999999,2.0,4.2700000000000005,210.0,364.0,141.0,2000.0,15.917767424,96.5,2.28,1.84e-21,2.058,2.0,0.11482399999999997,0.10582399999999999,0.5599999999999999,2.117224,4776.0,18515.04,2381.04,448953.75999999995,39.092689807603996,1489.9599999999998,0.7789199999999997,4.96184e-43,0.48106735999999994,0.5599999999999999,600.0,540.0,"
    Formula: Mo1 Nb1 Si0.5 Ta1 W1
    avg_Atomic_Radius: 1.8588888888888886
    avg_Pauling_Electronegativity: 1.9044444444444442
    avg_number_of_valence_electrons: 5.333333333333333
    avg_Cohesive_energy_ev_atom: 7.49
    avg_Bulk_modulus_RT_Gpa: 213.33333333333334
    avg_Elastic_modulus_RT_Gpa: 234.33333333333331
    avg_Melting_point_(K): 2983.3722222222223
    avg_lattice_constant_A: 3.474444444444444
    avg_BEC_percm3: 3.1288888888888888e-21
    avg_Av.Valence_bond_strength_ev: 4.380777777777777
    avg_EngelZ_e/a: 5.333333333333333
    Temperature: 600.0
    "
Mo1 Nb1 Si0.75 Ta1 W1,1.8194736842105261,1.9042105263157891,5.2631578947368425,7.339473684210526,207.36842105263156,224.4736842105263,70.10526315789474,2914.9394736842105,-10.35974856842105,84.76315789473684,3.5773684210526313,3.0694736842105266e-21,4.31257894736842,5.2631578947368425,0.8899999999999999,0.8599999999999999,2.0,4.2700000000000005,210.0,364.0,141.0,2000.0,15.917767424,96.5,2.28,1.84e-21,2.058,2.0,0.11482399999999997,0.10582399999999999,0.5599999999999999,2.117224,4776.0,18515.04,2381.04,448953.75999999995,39.092689807603996,1489.9599999999998,0.7789199999999997,4.96184e-43,0.48106735999999994,0.5599999999999999,600.0,650.0,"
    Formula: Mo1 Nb1 Si0.75 Ta1 W1
    avg_Atomic_Radius: 1.8194736842105261
    avg_Pauling_Electronegativity: 1.9042105263157891
    avg_number_of_valence_electrons: 5.2631578947368425
    avg_Cohesive_energy_ev_atom: 7.339473684210526
    avg_Bulk_modulus_RT_Gpa: 207.36842105263156
    avg_Elastic_modulus_RT_Gpa: 224.4736842105263
    avg_Melting_point_(K): 2914.9394736842105
    avg_lattice_constant_A: 3.5773684210526313
    avg_BEC_percm3: 3.0694736842105266e-21
    avg_Av.Valence_bond_strength_ev: 4.31257894736842
    avg_EngelZ_e/a: 5.2631578947368425
    Temperature: 600.0
    "
Mo1 Nb1 Ta1 W1,1.9525,1.9049999999999998,5.5,7.8475,227.5,257.75,72.0,3145.9,-8.759276425,100.0,3.23,3.27e-21,4.54275,5.5,0.10000000000000009,0.8599999999999999,1.0,2.08,140.0,306.0,141.0,942.0,14.305552413999997,0.0,0.16000000000000014,1.14e-21,1.1709999999999998,1.0,0.0015687500000000029,0.13227499999999998,0.25,0.5760687499999999,2718.75,14260.6875,2947.5,133264.6875,28.31685113608482,0.0,0.0056499999999999944,2.9765000000000007e-43,0.17632718749999995,0.25,800.0,335.5,"
    Formula: Mo1 Nb1 Ta1 W1
    avg_Atomic_Radius: 1.9525
    avg_Pauling_Electronegativity: 1.9049999999999998
    avg_number_of_valence_electrons: 5.5
    avg_Cohesive_energy_ev_atom: 7.8475
    avg_Bulk_modulus_RT_Gpa: 227.5
    avg_Elastic_modulus_RT_Gpa: 257.75
    avg_Melting_point_(K): 3145.9
    avg_lattice_constant_A: 3.23
    avg_BEC_percm3: 3.27e-21
    avg_Av.Valence_bond_strength_ev: 4.54275
    avg_EngelZ_e/a: 5.5
    Temperature: 800.0
    "
Mo1 Nb1 Si0.25 Ta1 W1,1.9029411764705881,1.9047058823529412,5.411764705882353,7.658235294117647,220.0,245.35294117647055,71.29411764705883,3059.855882352941,-9.355530752941176,94.3235294117647,3.3594117647058823,3.1952941176470587e-21,4.457,5.411764705882353,0.8899999999999999,0.8599999999999999,2.0,4.2700000000000005,210.0,364.0,141.0,2000.0,15.917767424,96.5,2.28,1.84e-21,2.058,2.0,0.11482399999999997,0.10582399999999999,0.5599999999999999,2.117224,4776.0,18515.04,2381.04,448953.75999999995,39.092689807603996,1489.9599999999998,0.7789199999999997,4.96184e-43,0.48106735999999994,0.5599999999999999,800.0,399.2,"
    Formula: Mo1 Nb1 Si0.25 Ta1 W1
    avg_Atomic_Radius: 1.9029411764705881
    avg_Pauling_Electronegativity: 1.9047058823529412
    avg_number_of_valence_electrons: 5.411764705882353
    avg_Cohesive_energy_ev_atom: 7.658235294117647
    avg_Bulk_modulus_RT_Gpa: 220.0
    avg_Elastic_modulus_RT_Gpa: 245.35294117647055
    avg_Melting_point_(K): 3059.855882352941
    avg_lattice_constant_A: 3.3594117647058823
    avg_BEC_percm3: 3.1952941176470587e-21
    avg_Av.Valence_bond_strength_ev: 4.457
    avg_EngelZ_e/a: 5.411764705882353
    Temperature: 800.0
    "
Mo1 Nb1 Si0.5 Ta1 W1,1.8588888888888886,1.9044444444444442,5.333333333333333,7.49,213.33333333333334,234.33333333333331,70.66666666666666,2983.3722222222223,-9.8855346,89.27777777777777,3.474444444444444,3.1288888888888888e-21,4.380777777777777,5.333333333333333,0.8899999999999999,0.8599999999999999,2.0,4.2700000000000005,210.0,364.0,141.0,2000.0,15.917767424,96.5,2.28,1.84e-21,2.058,2.0,0.11482399999999997,0.10582399999999999,0.5599999999999999,2.117224,4776.0,18515.04,2381.04,448953.75999999995,39.092689807603996,1489.9599999999998,0.7789199999999997,4.96184e-43,0.48106735999999994,0.5599999999999999,800.0,550.5,"
    Formula: Mo1 Nb1 Si0.5 Ta1 W1
    avg_Atomic_Radius: 1.8588888888888886
    avg_Pauling_Electronegativity: 1.9044444444444442
    avg_number_of_valence_electrons: 5.333333333333333
    avg_Cohesive_energy_ev_atom: 7.49
    avg_Bulk_modulus_RT_Gpa: 213.33333333333334
    avg_Elastic_modulus_RT_Gpa: 234.33333333333331
    avg_Melting_point_(K): 2983.3722222222223
    avg_lattice_constant_A: 3.474444444444444
    avg_BEC_percm3: 3.1288888888888888e-21
    avg_Av.Valence_bond_strength_ev: 4.380777777777777
    avg_EngelZ_e/a: 5.333333333333333
    Temperature: 800.0
    "
Mo1 Nb1 Si0.75 Ta1 W1,1.8194736842105261,1.9042105263157891,5.2631578947368425,7.339473684210526,207.36842105263156,224.4736842105263,70.10526315789474,2914.9394736842105,-10.35974856842105,84.76315789473684,3.5773684210526313,3.0694736842105266e-21,4.31257894736842,5.2631578947368425,0.8899999999999999,0.8599999999999999,2.0,4.2700000000000005,210.0,364.0,141.0,2000.0,15.917767424,96.5,2.28,1.84e-21,2.058,2.0,0.11482399999999997,0.10582399999999999,0.5599999999999999,2.117224,4776.0,18515.04,2381.04,448953.75999999995,39.092689807603996,1489.9599999999998,0.7789199999999997,4.96184e-43,0.48106735999999994,0.5599999999999999,800.0,597.3,"
    Formula: Mo1 Nb1 Si0.75 Ta1 W1
    avg_Atomic_Radius: 1.8194736842105261
    avg_Pauling_Electronegativity: 1.9042105263157891
    avg_number_of_valence_electrons: 5.2631578947368425
    avg_Cohesive_energy_ev_atom: 7.339473684210526
    avg_Bulk_modulus_RT_Gpa: 207.36842105263156
    avg_Elastic_modulus_RT_Gpa: 224.4736842105263
    avg_Melting_point_(K): 2914.9394736842105
    avg_lattice_constant_A: 3.5773684210526313
    avg_BEC_percm3: 3.0694736842105266e-21
    avg_Av.Valence_bond_strength_ev: 4.31257894736842
    avg_EngelZ_e/a: 5.2631578947368425
    Temperature: 800.0
    "
C0.1 Co1 Cr1 Fe1 Mn1 Ni1 Ti0.1,1.5544230769230771,1.7767307692307694,7.846153846153848,4.1061538461538465,158.5192307692308,213.72307692307697,68.20093363101279,1828.2846153846156,-21.28872344,20.72727272727273,4.100384615384616,5.236923076923079e-21,2.098365384615385,6.038461538461538,1.0899999999999999,1.0099999999999998,6.0,4.45,147.0,251.4,89.0,2123.0,8.737094040000002,20.0,6.380000000000001,4.840000000000001e-21,3.4079999999999995,2.8,0.11296326530612245,0.10242448979591832,4.6938775510204085,1.5680979591836735,2449.2653061224487,5656.427755102041,774.888888888889,438730.81632653065,11.484732370025231,65.21225,4.29822448979592,1.7967836734693882e-42,1.035870775510204,1.0726530612244898,25.0,457.0,"
    Formula: C0.1 Co1 Cr1 Fe1 Mn1 Ni1 Ti0.1
    avg_Atomic_Radius: 1.5544230769230771
    avg_Pauling_Electronegativity: 1.7767307692307694
    avg_number_of_valence_electrons: 7.846153846153848
    avg_Cohesive_energy_ev_atom: 4.1061538461538465
    avg_Bulk_modulus_RT_Gpa: 158.5192307692308
    avg_Elastic_modulus_RT_Gpa: 213.72307692307697
    avg_Melting_point_(K): 1828.2846153846156
    avg_lattice_constant_A: 4.100384615384616
    avg_BEC_percm3: 5.236923076923079e-21
    avg_Av.Valence_bond_strength_ev: 2.098365384615385
    avg_EngelZ_e/a: 6.038461538461538
    Temperature: 25.0
    "
C0.1 Co1 Cr1 Fe1 Mn1 Ni1 Ti0.1,1.5544230769230771,1.7767307692307694,7.846153846153848,4.1061538461538465,158.5192307692308,213.72307692307697,68.20093363101279,1828.2846153846156,-21.28872344,20.72727272727273,4.100384615384616,5.236923076923079e-21,2.098365384615385,6.038461538461538,1.0899999999999999,1.0099999999999998,6.0,4.45,147.0,251.4,89.0,2123.0,8.737094040000002,20.0,6.380000000000001,4.840000000000001e-21,3.4079999999999995,2.8,0.11296326530612245,0.10242448979591832,4.6938775510204085,1.5680979591836735,2449.2653061224487,5656.427755102041,774.888888888889,438730.81632653065,11.484732370025231,65.21225,4.29822448979592,1.7967836734693882e-42,1.035870775510204,1.0726530612244898,25.0,461.0,"
    Formula: C0.1 Co1 Cr1 Fe1 Mn1 Ni1 Ti0.1
    avg_Atomic_Radius: 1.5544230769230771
    avg_Pauling_Electronegativity: 1.7767307692307694
    avg_number_of_valence_electrons: 7.846153846153848
    avg_Cohesive_energy_ev_atom: 4.1061538461538465
    avg_Bulk_modulus_RT_Gpa: 158.5192307692308
    avg_Elastic_modulus_RT_Gpa: 213.72307692307697
    avg_Melting_point_(K): 1828.2846153846156
    avg_lattice_constant_A: 4.100384615384616
    avg_BEC_percm3: 5.236923076923079e-21
    avg_Av.Valence_bond_strength_ev: 2.098365384615385
    avg_EngelZ_e/a: 6.038461538461538
    Temperature: 25.0
    "
C0.1 Co1 Cr1 Fe1 Mn1 Ni1 Ti0.1,1.5544230769230771,1.7767307692307694,7.846153846153848,4.1061538461538465,158.5192307692308,213.72307692307697,68.20093363101279,1828.2846153846156,-21.28872344,20.72727272727273,4.100384615384616,5.236923076923079e-21,2.098365384615385,6.038461538461538,1.0899999999999999,1.0099999999999998,6.0,4.45,147.0,251.4,89.0,2123.0,8.737094040000002,20.0,6.380000000000001,4.840000000000001e-21,3.4079999999999995,2.8,0.11296326530612245,0.10242448979591832,4.6938775510204085,1.5680979591836735,2449.2653061224487,5656.427755102041,774.888888888889,438730.81632653065,11.484732370025231,65.21225,4.29822448979592,1.7967836734693882e-42,1.035870775510204,1.0726530612244898,25.0,428.0,"
    Formula: C0.1 Co1 Cr1 Fe1 Mn1 Ni1 Ti0.1
    avg_Atomic_Radius: 1.5544230769230771
    avg_Pauling_Electronegativity: 1.7767307692307694
    avg_number_of_valence_electrons: 7.846153846153848
    avg_Cohesive_energy_ev_atom: 4.1061538461538465
    avg_Bulk_modulus_RT_Gpa: 158.5192307692308
    avg_Elastic_modulus_RT_Gpa: 213.72307692307697
    avg_Melting_point_(K): 1828.2846153846156
    avg_lattice_constant_A: 4.100384615384616
    avg_BEC_percm3: 5.236923076923079e-21
    avg_Av.Valence_bond_strength_ev: 2.098365384615385
    avg_EngelZ_e/a: 6.038461538461538
    Temperature: 25.0
    "
C0.1 Co1 Cr1 Fe1 Mn1 Ni1 Ti0.1,1.5544230769230771,1.7767307692307694,7.846153846153848,4.1061538461538465,158.5192307692308,213.72307692307697,68.20093363101279,1828.2846153846156,-21.28872344,20.72727272727273,4.100384615384616,5.236923076923079e-21,2.098365384615385,6.038461538461538,1.0899999999999999,1.0099999999999998,6.0,4.45,147.0,251.4,89.0,2123.0,8.737094040000002,20.0,6.380000000000001,4.840000000000001e-21,3.4079999999999995,2.8,0.11296326530612245,0.10242448979591832,4.6938775510204085,1.5680979591836735,2449.2653061224487,5656.427755102041,774.888888888889,438730.81632653065,11.484732370025231,65.21225,4.29822448979592,1.7967836734693882e-42,1.035870775510204,1.0726530612244898,25.0,378.0,"
    Formula: C0.1 Co1 Cr1 Fe1 Mn1 Ni1 Ti0.1
    avg_Atomic_Radius: 1.5544230769230771
    avg_Pauling_Electronegativity: 1.7767307692307694
    avg_number_of_valence_electrons: 7.846153846153848
    avg_Cohesive_energy_ev_atom: 4.1061538461538465
    avg_Bulk_modulus_RT_Gpa: 158.5192307692308
    avg_Elastic_modulus_RT_Gpa: 213.72307692307697
    avg_Melting_point_(K): 1828.2846153846156
    avg_lattice_constant_A: 4.100384615384616
    avg_BEC_percm3: 5.236923076923079e-21
    avg_Av.Valence_bond_strength_ev: 2.098365384615385
    avg_EngelZ_e/a: 6.038461538461538
    Temperature: 25.0
    "
Al0.5 Co1 Cr1 Fe1 Ni1,1.5155555555555555,1.7966666666666666,7.666666666666667,4.201111111111111,161.77777777777777,207.55555555555554,80.22222222222221,1755.3722222222223,-23.190030908888886,12.044444444444444,3.0677777777777777,4.8100000000000005e-21,2.2195555555555555,5.622222222222223,0.48,0.2999999999999998,7.0,1.0500000000000003,104.0,209.0,89.0,1197.0,6.253642030000002,20.0,1.54,3.63e-21,0.6430000000000002,3.4000000000000004,0.026096,0.01453599999999999,6.16,0.14684,1544.96,4630.16,810.16,157301.60000000003,4.105762402460071,65.172,0.301304,1.8700800000000003e-42,0.047285600000000025,1.4944000000000002,25.0,250.0,"
    Formula: Al0.5 Co1 Cr1 Fe1 Ni1
    avg_Atomic_Radius: 1.5155555555555555
    avg_Pauling_Electronegativity: 1.7966666666666666
    avg_number_of_valence_electrons: 7.666666666666667
    avg_Cohesive_energy_ev_atom: 4.201111111111111
    avg_Bulk_modulus_RT_Gpa: 161.77777777777777
    avg_Elastic_modulus_RT_Gpa: 207.55555555555554
    avg_Melting_point_(K): 1755.3722222222223
    avg_lattice_constant_A: 3.0677777777777777
    avg_BEC_percm3: 4.8100000000000005e-21
    avg_Av.Valence_bond_strength_ev: 2.2195555555555555
    avg_EngelZ_e/a: 5.622222222222223
    Temperature: 25.0
    "
Al1 Co1 Cr1 Fe1 Ni1,1.4820000000000002,1.778,7.200000000000001,4.12,153.2,193.8,74.80000000000001,1673.15,-22.847711518000004,12.8,3.166,4.510000000000001e-21,2.2470000000000003,5.360000000000001,0.48,0.2999999999999998,7.0,1.0500000000000003,104.0,209.0,89.0,1197.0,6.253642030000002,20.0,1.54,3.63e-21,0.6430000000000002,3.4000000000000004,0.026096,0.01453599999999999,6.16,0.14684,1544.96,4630.16,810.16,157301.60000000003,4.105762402460071,65.172,0.301304,1.8700800000000003e-42,0.047285600000000025,1.4944000000000002,25.0,500.0,"
    Formula: Al1 Co1 Cr1 Fe1 Ni1
    avg_Atomic_Radius: 1.4820000000000002
    avg_Pauling_Electronegativity: 1.778
    avg_number_of_valence_electrons: 7.200000000000001
    avg_Cohesive_energy_ev_atom: 4.12
    avg_Bulk_modulus_RT_Gpa: 153.2
    avg_Elastic_modulus_RT_Gpa: 193.8
    avg_Melting_point_(K): 1673.15
    avg_lattice_constant_A: 3.166
    avg_BEC_percm3: 4.510000000000001e-21
    avg_Av.Valence_bond_strength_ev: 2.2470000000000003
    avg_EngelZ_e/a: 5.360000000000001
    Temperature: 25.0
    "
Al1 Co0.5 Cr0.5 Fe0.5 Ni0.5,1.4316666666666664,1.7499999999999998,6.5,3.998333333333333,140.33333333333331,173.16666666666663,66.66666666666666,1549.8166666666666,-22.334232431666667,13.933333333333332,3.3133333333333335,4.0600000000000004e-21,2.2881666666666667,4.966666666666667,0.48,0.2999999999999998,7.0,1.0500000000000003,104.0,209.0,89.0,1197.0,6.253642030000002,20.0,1.54,3.63e-21,0.6430000000000002,3.4000000000000004,0.026096,0.01453599999999999,6.16,0.14684,1544.96,4630.16,810.16,157301.60000000003,4.105762402460071,65.172,0.301304,1.8700800000000003e-42,0.047285600000000025,1.4944000000000002,25.0,733.0,"
    Formula: Al1 Co0.5 Cr0.5 Fe0.5 Ni0.5
    avg_Atomic_Radius: 1.4316666666666664
    avg_Pauling_Electronegativity: 1.7499999999999998
    avg_number_of_valence_electrons: 6.5
    avg_Cohesive_energy_ev_atom: 3.998333333333333
    avg_Bulk_modulus_RT_Gpa: 140.33333333333331
    avg_Elastic_modulus_RT_Gpa: 173.16666666666663
    avg_Melting_point_(K): 1549.8166666666666
    avg_lattice_constant_A: 3.3133333333333335
    avg_BEC_percm3: 4.0600000000000004e-21
    avg_Av.Valence_bond_strength_ev: 2.2881666666666667
    avg_EngelZ_e/a: 4.966666666666667
    Temperature: 25.0
    "
Al0.5 Co1 Fe1 Ni1 Ti0.5,1.51,1.79875,7.625,4.3075,155.75,178.25,67.0,1683.8999999999999,-21.00836507,19.8,3.1,4.43125e-21,2.27475,5.325,0.5800000000000001,0.3699999999999999,7.0,1.4599999999999995,104.0,141.0,56.0,1000.0000000000001,11.935334420000002,95.0,1.54,3.63e-21,1.0790000000000002,3.4000000000000004,0.034816000000000014,0.022503999999999986,7.760000000000001,0.23083999999999988,1808.9599999999998,3326.16,475.03999999999996,127499.44000000003,19.760337274811985,1331.172,0.29408,2.5308800000000002e-42,0.12502256000000003,1.6224,25.0,733.0,"
    Formula: Al0.5 Co1 Fe1 Ni1 Ti0.5
    avg_Atomic_Radius: 1.51
    avg_Pauling_Electronegativity: 1.79875
    avg_number_of_valence_electrons: 7.625
    avg_Cohesive_energy_ev_atom: 4.3075
    avg_Bulk_modulus_RT_Gpa: 155.75
    avg_Elastic_modulus_RT_Gpa: 178.25
    avg_Melting_point_(K): 1683.8999999999999
    avg_lattice_constant_A: 3.1
    avg_BEC_percm3: 4.43125e-21
    avg_Av.Valence_bond_strength_ev: 2.27475
    avg_EngelZ_e/a: 5.325
    Temperature: 25.0
    "
Al0.5 Co1 Cr1 Fe1 Ni1 Ti0.5,1.54,1.771,7.300000000000001,4.266,156.6,198.4,76.60000000000001,1773.1500000000003,-22.010787862,20.84,3.0560000000000005,4.553000000000001e-21,2.2906000000000004,5.460000000000001,0.5800000000000001,0.3699999999999999,7.0,1.4599999999999995,104.0,209.0,89.0,1197.0,14.622878590000001,95.0,1.54,3.63e-21,1.0790000000000002,3.4000000000000004,0.03248055555555556,0.019980555555555543,6.555555555555556,0.19638055555555547,1546.6666666666667,4699.13888888889,806.888888888889,140473.5555555556,21.630502515735937,1110.398888888889,0.25756666666666667,2.274080555555556e-42,0.1041948055555556,1.5022222222222226,25.0,640.0,"
    Formula: Al0.5 Co1 Cr1 Fe1 Ni1 Ti0.5
    avg_Atomic_Radius: 1.54
    avg_Pauling_Electronegativity: 1.771
    avg_number_of_valence_electrons: 7.300000000000001
    avg_Cohesive_energy_ev_atom: 4.266
    avg_Bulk_modulus_RT_Gpa: 156.6
    avg_Elastic_modulus_RT_Gpa: 198.4
    avg_Melting_point_(K): 1773.1500000000003
    avg_lattice_constant_A: 3.0560000000000005
    avg_BEC_percm3: 4.553000000000001e-21
    avg_Av.Valence_bond_strength_ev: 2.2906000000000004
    avg_EngelZ_e/a: 5.460000000000001
    Temperature: 25.0
    "
Al0.5 Co1 Cr1 Fe1 Mn1 Ni1 Ta0.2,1.5491228070175438,1.7429824561403506,7.456140350877192,4.113157894736842,155.78947368421052,205.12280701754383,68.20093363101279,1766.6938596491227,-21.28872344,20.72727272727273,4.097719298245614,4.867543859649123e-21,2.159649122807018,5.807017543859649,0.8200000000000001,0.4099999999999999,7.0,5.18,124.0,209.0,89.0,2336.0,8.737094040000002,20.0,6.380000000000001,3.75e-21,3.2279999999999998,3.8,0.05079591836734694,0.023624489795918358,4.979591836734694,2.4157918367346936,1570.1224489795918,3318.204081632654,774.888888888889,437404.4897959184,11.484732370025231,65.21225,4.19605306122449,1.9494979591836742e-42,0.8971816326530612,1.3583673469387754,25.0,385.0,"
    Formula: Al0.5 Co1 Cr1 Fe1 Mn1 Ni1 Ta0.2
    avg_Atomic_Radius: 1.5491228070175438
    avg_Pauling_Electronegativity: 1.7429824561403506
    avg_number_of_valence_electrons: 7.456140350877192
    avg_Cohesive_energy_ev_atom: 4.113157894736842
    avg_Bulk_modulus_RT_Gpa: 155.78947368421052
    avg_Elastic_modulus_RT_Gpa: 205.12280701754383
    avg_Melting_point_(K): 1766.6938596491227
    avg_lattice_constant_A: 4.097719298245614
    avg_BEC_percm3: 4.867543859649123e-21
    avg_Av.Valence_bond_strength_ev: 2.159649122807018
    avg_EngelZ_e/a: 5.807017543859649
    Temperature: 25.0
    "
Al0.5 Co1 Cr1 Fe1 Mn1 Ni1 Ta0.4,1.5644067796610168,1.7347457627118643,7.372881355932202,4.248305084745763,157.28813559322032,204.47457627118644,68.20093363101279,1817.6245762711865,-21.28872344,20.72727272727273,4.0710169491525425,4.794067796610169e-21,2.2432203389830505,5.779661016949152,0.8200000000000001,0.4099999999999999,7.0,5.18,124.0,209.0,89.0,2336.0,8.737094040000002,20.0,6.380000000000001,3.75e-21,3.2279999999999998,3.8,0.05079591836734694,0.023624489795918358,4.979591836734694,2.4157918367346936,1570.1224489795918,3318.204081632654,774.888888888889,437404.4897959184,11.484732370025231,65.21225,4.19605306122449,1.9494979591836742e-42,0.8971816326530612,1.3583673469387754,25.0,486.0,"
    Formula: Al0.5 Co1 Cr1 Fe1 Mn1 Ni1 Ta0.4
    avg_Atomic_Radius: 1.5644067796610168
    avg_Pauling_Electronegativity: 1.7347457627118643
    avg_number_of_valence_electrons: 7.372881355932202
    avg_Cohesive_energy_ev_atom: 4.248305084745763
    avg_Bulk_modulus_RT_Gpa: 157.28813559322032
    avg_Elastic_modulus_RT_Gpa: 204.47457627118644
    avg_Melting_point_(K): 1817.6245762711865
    avg_lattice_constant_A: 4.0710169491525425
    avg_BEC_percm3: 4.794067796610169e-21
    avg_Av.Valence_bond_strength_ev: 2.2432203389830505
    avg_EngelZ_e/a: 5.779661016949152
    Temperature: 25.0
    "
Al0.55 Co1 Cr1 Fe1 Mn1 Ni1 Ta0.6,1.5754471544715447,1.7260975609756102,7.260162601626018,4.366585365853659,158.01626016260164,202.78048780487808,68.20093363101279,1857.637804878049,-21.28872344,20.72727272727273,4.0460975609756105,4.701707317073172e-21,2.322715447154472,5.731707317073171,0.8200000000000001,0.4099999999999999,7.0,5.18,124.0,209.0,89.0,2336.0,8.737094040000002,20.0,6.380000000000001,3.75e-21,3.2279999999999998,3.8,0.05079591836734694,0.023624489795918358,4.979591836734694,2.4157918367346936,1570.1224489795918,3318.204081632654,774.888888888889,437404.4897959184,11.484732370025231,65.21225,4.19605306122449,1.9494979591836742e-42,0.8971816326530612,1.3583673469387754,25.0,570.0,"
    Formula: Al0.55 Co1 Cr1 Fe1 Mn1 Ni1 Ta0.6
    avg_Atomic_Radius: 1.5754471544715447
    avg_Pauling_Electronegativity: 1.7260975609756102
    avg_number_of_valence_electrons: 7.260162601626018
    avg_Cohesive_energy_ev_atom: 4.366585365853659
    avg_Bulk_modulus_RT_Gpa: 158.01626016260164
    avg_Elastic_modulus_RT_Gpa: 202.78048780487808
    avg_Melting_point_(K): 1857.637804878049
    avg_lattice_constant_A: 4.0460975609756105
    avg_BEC_percm3: 4.701707317073172e-21
    avg_Av.Valence_bond_strength_ev: 2.322715447154472
    avg_EngelZ_e/a: 5.731707317073171
    Temperature: 25.0
    "
Co1 Cr1 Fe1 Mn1 Ni1 Ta0.2,1.5846153846153845,1.7557692307692307,7.884615384615384,4.1826923076923075,163.46153846153842,218.11538461538458,68.20093363101279,1846.8423076923077,-21.28872344,20.72727272727273,4.102307692307692,5.161538461538461e-21,2.1275,6.076923076923077,0.51,0.4099999999999999,5.0,5.18,80.0,93.0,89.0,1752.0,8.737094040000002,20.0,6.380000000000001,2.8600000000000005e-21,3.2279999999999998,1.7999999999999998,0.02903333333333333,0.025780555555555546,2.9166666666666665,2.571391666666666,613.8888888888888,915.8055555555557,774.888888888889,336398.8888888889,11.484732370025231,65.21225,4.89498888888889,9.686222222222225e-43,1.0465515833333334,0.35555555555555546,25.0,200.0,"
    Formula: Co1 Cr1 Fe1 Mn1 Ni1 Ta0.2
    avg_Atomic_Radius: 1.5846153846153845
    avg_Pauling_Electronegativity: 1.7557692307692307
    avg_number_of_valence_electrons: 7.884615384615384
    avg_Cohesive_energy_ev_atom: 4.1826923076923075
    avg_Bulk_modulus_RT_Gpa: 163.46153846153842
    avg_Elastic_modulus_RT_Gpa: 218.11538461538458
    avg_Melting_point_(K): 1846.8423076923077
    avg_lattice_constant_A: 4.102307692307692
    avg_BEC_percm3: 5.161538461538461e-21
    avg_Av.Valence_bond_strength_ev: 2.1275
    avg_EngelZ_e/a: 6.076923076923077
    Temperature: 25.0
    "
Co1 Cr1 Fe1 Mn1 Ni1 Ta0.4,1.5999999999999999,1.7462962962962962,7.777777777777777,4.3277777777777775,164.8148148148148,216.9259259259259,68.20093363101279,1899.5203703703703,-21.28872344,20.72727272727273,4.072962962962963,5.07037037037037e-21,2.2199999999999998,6.037037037037036,0.51,0.4099999999999999,5.0,5.18,80.0,93.0,89.0,1752.0,8.737094040000002,20.0,6.380000000000001,2.8600000000000005e-21,3.2279999999999998,1.7999999999999998,0.02903333333333333,0.025780555555555546,2.9166666666666665,2.571391666666666,613.8888888888888,915.8055555555557,774.888888888889,336398.8888888889,11.484732370025231,65.21225,4.89498888888889,9.686222222222225e-43,1.0465515833333334,0.35555555555555546,25.0,290.0,"
    Formula: Co1 Cr1 Fe1 Mn1 Ni1 Ta0.4
    avg_Atomic_Radius: 1.5999999999999999
    avg_Pauling_Electronegativity: 1.7462962962962962
    avg_number_of_valence_electrons: 7.777777777777777
    avg_Cohesive_energy_ev_atom: 4.3277777777777775
    avg_Bulk_modulus_RT_Gpa: 164.8148148148148
    avg_Elastic_modulus_RT_Gpa: 216.9259259259259
    avg_Melting_point_(K): 1899.5203703703703
    avg_lattice_constant_A: 4.072962962962963
    avg_BEC_percm3: 5.07037037037037e-21
    avg_Av.Valence_bond_strength_ev: 2.2199999999999998
    avg_EngelZ_e/a: 6.037037037037036
    Temperature: 25.0
    "
Co1 Cr1 Fe1 Mn1 Ni1 Ta0.6,1.6142857142857143,1.7375,7.678571428571429,4.4625,166.0714285714286,215.8214285714286,68.20093363101279,1948.4357142857145,-21.28872344,20.72727272727273,4.045714285714285,4.985714285714286e-21,2.305892857142857,6.0,0.51,0.4099999999999999,5.0,5.18,80.0,93.0,89.0,1752.0,8.737094040000002,20.0,6.380000000000001,2.8600000000000005e-21,3.2279999999999998,1.7999999999999998,0.02903333333333333,0.025780555555555546,2.9166666666666665,2.571391666666666,613.8888888888888,915.8055555555557,774.888888888889,336398.8888888889,11.484732370025231,65.21225,4.89498888888889,9.686222222222225e-43,1.0465515833333334,0.35555555555555546,25.0,345.0,"
    Formula: Co1 Cr1 Fe1 Mn1 Ni1 Ta0.6
    avg_Atomic_Radius: 1.6142857142857143
    avg_Pauling_Electronegativity: 1.7375
    avg_number_of_valence_electrons: 7.678571428571429
    avg_Cohesive_energy_ev_atom: 4.4625
    avg_Bulk_modulus_RT_Gpa: 166.0714285714286
    avg_Elastic_modulus_RT_Gpa: 215.8214285714286
    avg_Melting_point_(K): 1948.4357142857145
    avg_lattice_constant_A: 4.045714285714285
    avg_BEC_percm3: 4.985714285714286e-21
    avg_Av.Valence_bond_strength_ev: 2.305892857142857
    avg_EngelZ_e/a: 6.0
    Temperature: 25.0
    "
Al0.3 Co1 Cr1 Fe1 Ni1,1.5311627906976746,1.805348837209302,7.883720930232558,4.238837209302325,165.7674418604651,213.95348837209303,82.74418604651163,1793.6151162790698,-23.34924923023256,11.693023255813953,3.022093023255814,4.94953488372093e-21,2.2067906976744185,5.7441860465116275,0.48,0.2999999999999998,7.0,1.0500000000000003,104.0,209.0,89.0,1197.0,6.253642030000002,20.0,1.54,3.63e-21,0.6430000000000002,3.4000000000000004,0.026096,0.01453599999999999,6.16,0.14684,1544.96,4630.16,810.16,157301.60000000003,4.105762402460071,65.172,0.301304,1.8700800000000003e-42,0.047285600000000025,1.4944000000000002,25.0,160.0,"
    Formula: Al0.3 Co1 Cr1 Fe1 Ni1
    avg_Atomic_Radius: 1.5311627906976746
    avg_Pauling_Electronegativity: 1.805348837209302
    avg_number_of_valence_electrons: 7.883720930232558
    avg_Cohesive_energy_ev_atom: 4.238837209302325
    avg_Bulk_modulus_RT_Gpa: 165.7674418604651
    avg_Elastic_modulus_RT_Gpa: 213.95348837209303
    avg_Melting_point_(K): 1793.6151162790698
    avg_lattice_constant_A: 3.022093023255814
    avg_BEC_percm3: 4.94953488372093e-21
    avg_Av.Valence_bond_strength_ev: 2.2067906976744185
    avg_EngelZ_e/a: 5.7441860465116275
    Temperature: 25.0
    "
Al0.3 Co1 Cr1 Fe1 Mo0.1 Ni1,1.5395454545454546,1.8134090909090907,7.840909090909091,4.297499999999999,167.2272727272727,216.5681818181818,81.31818181818181,1818.5363636363638,-22.88626248809091,13.700000000000001,3.025,4.924318181818183e-21,2.257340909090909,5.750000000000001,0.72,0.55,7.0,3.43,154.0,259.0,95.0,1957.0,23.042646454,95.0,1.54,3.63e-21,2.58,3.4000000000000004,0.04601388888888888,0.032380555555555565,5.333333333333333,1.1348666666666667,2106.6666666666665,6397.222222222223,1092.222222222222,336791.4722222223,58.25648105340215,1110.398888888889,0.2511222222222222,1.6207472222222223e-42,0.7018846666666666,1.3022222222222224,25.0,200.0,"
    Formula: Al0.3 Co1 Cr1 Fe1 Mo0.1 Ni1
    avg_Atomic_Radius: 1.5395454545454546
    avg_Pauling_Electronegativity: 1.8134090909090907
    avg_number_of_valence_electrons: 7.840909090909091
    avg_Cohesive_energy_ev_atom: 4.297499999999999
    avg_Bulk_modulus_RT_Gpa: 167.2272727272727
    avg_Elastic_modulus_RT_Gpa: 216.5681818181818
    avg_Melting_point_(K): 1818.5363636363638
    avg_lattice_constant_A: 3.025
    avg_BEC_percm3: 4.924318181818183e-21
    avg_Av.Valence_bond_strength_ev: 2.257340909090909
    avg_EngelZ_e/a: 5.750000000000001
    Temperature: 25.0
    "
Co0.139 Cr0.446 Cu0.99 Ni1 Si0.277,1.4672545582047682,1.8649999999999995,9.090112201963532,4.073078541374474,155.2173913043478,173.63394109396913,70.77664796633941,1658.7625525946703,-22.241393276549786,8.204838709677418,3.5874403927068714,4.175014025245441e-21,2.3884666900420752,4.935834502103787,0.5499999999999998,0.25,7.0,1.1399999999999997,80.0,232.0,67.0,774.0,7.124879029999999,21.5,2.92,3.4e-21,0.8729999999999998,2.0,0.03322399999999998,0.00912,6.8,0.15843999999999997,896.0,6197.2,510.96000000000004,60702.23999999999,5.74739287139355,65.4856,1.0122799999999998,1.5728640000000003e-42,0.10152935999999997,0.7840000000000001,25.0,142.5,"
    Formula: Co0.139 Cr0.446 Cu0.99 Ni1 Si0.277
    avg_Atomic_Radius: 1.4672545582047682
    avg_Pauling_Electronegativity: 1.8649999999999995
    avg_number_of_valence_electrons: 9.090112201963532
    avg_Cohesive_energy_ev_atom: 4.073078541374474
    avg_Bulk_modulus_RT_Gpa: 155.2173913043478
    avg_Elastic_modulus_RT_Gpa: 173.63394109396913
    avg_Melting_point_(K): 1658.7625525946703
    avg_lattice_constant_A: 3.5874403927068714
    avg_BEC_percm3: 4.175014025245441e-21
    avg_Av.Valence_bond_strength_ev: 2.3884666900420752
    avg_EngelZ_e/a: 4.935834502103787
    Temperature: 25.0
    "
Co0.139 Cr0.446 Cu0.99 Ni1 Si0.277,1.4672545582047682,1.8649999999999995,9.090112201963532,4.073078541374474,155.2173913043478,173.63394109396913,70.77664796633941,1658.7625525946703,-22.241393276549786,8.204838709677418,3.5874403927068714,4.175014025245441e-21,2.3884666900420752,4.935834502103787,0.5499999999999998,0.25,7.0,1.1399999999999997,80.0,232.0,67.0,774.0,7.124879029999999,21.5,2.92,3.4e-21,0.8729999999999998,2.0,0.03322399999999998,0.00912,6.8,0.15843999999999997,896.0,6197.2,510.96000000000004,60702.23999999999,5.74739287139355,65.4856,1.0122799999999998,1.5728640000000003e-42,0.10152935999999997,0.7840000000000001,25.0,147.4,"
    Formula: Co0.139 Cr0.446 Cu0.99 Ni1 Si0.277
    avg_Atomic_Radius: 1.4672545582047682
    avg_Pauling_Electronegativity: 1.8649999999999995
    avg_number_of_valence_electrons: 9.090112201963532
    avg_Cohesive_energy_ev_atom: 4.073078541374474
    avg_Bulk_modulus_RT_Gpa: 155.2173913043478
    avg_Elastic_modulus_RT_Gpa: 173.63394109396913
    avg_Melting_point_(K): 1658.7625525946703
    avg_lattice_constant_A: 3.5874403927068714
    avg_BEC_percm3: 4.175014025245441e-21
    avg_Av.Valence_bond_strength_ev: 2.3884666900420752
    avg_EngelZ_e/a: 4.935834502103787
    Temperature: 25.0
    "
Co0.139 Cr0.446 Cu0.99 Ni1 Si0.277,1.4672545582047682,1.8649999999999995,9.090112201963532,4.073078541374474,155.2173913043478,173.63394109396913,70.77664796633941,1658.7625525946703,-22.241393276549786,8.204838709677418,3.5874403927068714,4.175014025245441e-21,2.3884666900420752,4.935834502103787,0.5499999999999998,0.25,7.0,1.1399999999999997,80.0,232.0,67.0,774.0,7.124879029999999,21.5,2.92,3.4e-21,0.8729999999999998,2.0,0.03322399999999998,0.00912,6.8,0.15843999999999997,896.0,6197.2,510.96000000000004,60702.23999999999,5.74739287139355,65.4856,1.0122799999999998,1.5728640000000003e-42,0.10152935999999997,0.7840000000000001,25.0,155.2,"
    Formula: Co0.139 Cr0.446 Cu0.99 Ni1 Si0.277
    avg_Atomic_Radius: 1.4672545582047682
    avg_Pauling_Electronegativity: 1.8649999999999995
    avg_number_of_valence_electrons: 9.090112201963532
    avg_Cohesive_energy_ev_atom: 4.073078541374474
    avg_Bulk_modulus_RT_Gpa: 155.2173913043478
    avg_Elastic_modulus_RT_Gpa: 173.63394109396913
    avg_Melting_point_(K): 1658.7625525946703
    avg_lattice_constant_A: 3.5874403927068714
    avg_BEC_percm3: 4.175014025245441e-21
    avg_Av.Valence_bond_strength_ev: 2.3884666900420752
    avg_EngelZ_e/a: 4.935834502103787
    Temperature: 25.0
    "
Al1 Co1 Cr0.091 Nb0.727 W0.212,1.5510495049504949,1.7506864686468646,5.760066006600661,5.129798679867987,151.77227722772275,154.4079207920792,57.16930693069307,1870.8869636963695,-17.242569657180198,39.95874587458746,3.2643894389438937,3.4558976897689776e-21,2.936691089108911,4.7699669966996705,0.8,0.7599999999999998,6.0,5.51,234.0,341.0,135.0,2750.0,19.940353732000002,94.7,1.54,3.59e-21,2.9309999999999996,3.0,0.08502400000000002,0.08265599999999995,3.7600000000000002,4.668920000000002,5642.5599999999995,15134.560000000001,2489.2,855155.6,45.19562219800639,1709.4496,0.26212,1.8302960000000003e-42,1.3110807999999996,1.3599999999999999,25.0,1084.0,"
    Formula: Al1 Co1 Cr0.091 Nb0.727 W0.212
    avg_Atomic_Radius: 1.5510495049504949
    avg_Pauling_Electronegativity: 1.7506864686468646
    avg_number_of_valence_electrons: 5.760066006600661
    avg_Cohesive_energy_ev_atom: 5.129798679867987
    avg_Bulk_modulus_RT_Gpa: 151.77227722772275
    avg_Elastic_modulus_RT_Gpa: 154.4079207920792
    avg_Melting_point_(K): 1870.8869636963695
    avg_lattice_constant_A: 3.2643894389438937
    avg_BEC_percm3: 3.4558976897689776e-21
    avg_Av.Valence_bond_strength_ev: 2.936691089108911
    avg_EngelZ_e/a: 4.7699669966996705
    Temperature: 25.0
    "
Co1 Cr0.917 Ni1 Ta0.5 Ti0.75,1.644401247900168,1.7319942404607633,7.199904007679387,4.866138708903288,165.39956803455723,202.74610031197508,77.74298056155507,2047.5366090712746,-19.648468374972403,37.97096232301416,3.0089896808255343,4.2984593232541405e-21,2.6888932085433166,5.37604991600672,0.51,0.4099999999999999,6.0,4.0,90.0,163.0,71.0,1543.0,17.324716194,95.0,1.0100000000000002,3.16e-21,2.413,2.0,0.034144,0.02873599999999999,5.36,2.1946640000000004,944.0,2710.8,518.96,324838.95999999996,47.265062106945415,1920.9743999999998,0.12354400000000007,1.711456e-42,0.8158311999999999,0.5536,25.0,1011.0,"
    Formula: Co1 Cr0.917 Ni1 Ta0.5 Ti0.75
    avg_Atomic_Radius: 1.644401247900168
    avg_Pauling_Electronegativity: 1.7319942404607633
    avg_number_of_valence_electrons: 7.199904007679387
    avg_Cohesive_energy_ev_atom: 4.866138708903288
    avg_Bulk_modulus_RT_Gpa: 165.39956803455723
    avg_Elastic_modulus_RT_Gpa: 202.74610031197508
    avg_Melting_point_(K): 2047.5366090712746
    avg_lattice_constant_A: 3.0089896808255343
    avg_BEC_percm3: 4.2984593232541405e-21
    avg_Av.Valence_bond_strength_ev: 2.6888932085433166
    avg_EngelZ_e/a: 5.37604991600672
    Temperature: 25.0
    "
Al0.947 Co0.158 Mo1 Ni0.289 W0.237,1.5756898517673887,1.9357734701634357,5.539718738122386,5.365416191562144,173.28088179399467,221.786012922843,44.31508931965032,2061.943994678829,-13.662858136970732,54.93865450399087,3.4770543519574297,3.310543519574306e-21,3.433234891676168,4.8542759407069545,0.75,0.7499999999999998,7.0,5.51,234.0,341.0,141.0,2750.0,20.114517363999997,95.0,1.54,3.59e-21,2.9309999999999996,3.0,0.07874399999999998,0.06570399999999998,6.160000000000001,4.014296,5812.16,13710.16,2553.04,938395.6,53.345911624916745,1973.2896,0.25493600000000005,1.50948e-42,1.4919205599999998,1.3535999999999997,25.0,725.0,"
    Formula: Al0.947 Co0.158 Mo1 Ni0.289 W0.237
    avg_Atomic_Radius: 1.5756898517673887
    avg_Pauling_Electronegativity: 1.9357734701634357
    avg_number_of_valence_electrons: 5.539718738122386
    avg_Cohesive_energy_ev_atom: 5.365416191562144
    avg_Bulk_modulus_RT_Gpa: 173.28088179399467
    avg_Elastic_modulus_RT_Gpa: 221.786012922843
    avg_Melting_point_(K): 2061.943994678829
    avg_lattice_constant_A: 3.4770543519574297
    avg_BEC_percm3: 3.310543519574306e-21
    avg_Av.Valence_bond_strength_ev: 3.433234891676168
    avg_EngelZ_e/a: 4.8542759407069545
    Temperature: 25.0
    "
Co0.043 Nb0.638 Ni1 Ta0.255 Ti0.191,1.722971321109544,1.7340291490362014,7.3417959567465925,5.8534461683121775,173.11236483309827,162.46497414198404,60.868829337094496,2235.0254113775272,-15.191794653513869,53.42167371885285,3.357230841560884,3.74378937470616e-21,3.146336154207805,5.118476727785614,0.51,0.4099999999999999,6.0,3.71,90.0,104.0,38.0,1543.0,17.012224642,95.0,1.0100000000000002,3.16e-21,2.413,2.0,0.0472,0.03022399999999998,5.84,2.62772,936.0,1917.36,260.24,375967.44,48.87697859920969,2159.1744000000003,0.12589600000000004,1.6418400000000003e-42,0.88844704,0.42560000000000003,25.0,815.0,"
    Formula: Co0.043 Nb0.638 Ni1 Ta0.255 Ti0.191
    avg_Atomic_Radius: 1.722971321109544
    avg_Pauling_Electronegativity: 1.7340291490362014
    avg_number_of_valence_electrons: 7.3417959567465925
    avg_Cohesive_energy_ev_atom: 5.8534461683121775
    avg_Bulk_modulus_RT_Gpa: 173.11236483309827
    avg_Elastic_modulus_RT_Gpa: 162.46497414198404
    avg_Melting_point_(K): 2235.0254113775272
    avg_lattice_constant_A: 3.357230841560884
    avg_BEC_percm3: 3.74378937470616e-21
    avg_Av.Valence_bond_strength_ev: 3.146336154207805
    avg_EngelZ_e/a: 5.118476727785614
    Temperature: 25.0
    "
Co0.273 Cr0.477 Nb0.477 Ni0.045 Ti1,1.7510079225352113,1.625972711267606,5.349471830985916,5.200202464788733,142.89172535211267,160.7504401408451,62.00528169014085,2120.2208626760566,-14.859960672198945,70.99335387323944,2.9672051056338034,3.3665184859154935e-21,2.92955897887324,4.897887323943662,0.49,0.3699999999999999,6.0,3.4700000000000006,70.0,174.0,77.0,1015.0,19.940353732000002,95.0,1.0100000000000002,3.16e-21,1.7599999999999998,2.0,0.031695999999999995,0.022415999999999985,5.36,1.6197200000000005,680.0,4149.360000000001,757.0399999999998,136321.84000000003,58.35214487462203,1920.9744000000003,0.12245600000000004,1.6848960000000005e-42,0.43061343999999996,0.5536,25.0,422.0,"
    Formula: Co0.273 Cr0.477 Nb0.477 Ni0.045 Ti1
    avg_Atomic_Radius: 1.7510079225352113
    avg_Pauling_Electronegativity: 1.625972711267606
    avg_number_of_valence_electrons: 5.349471830985916
    avg_Cohesive_energy_ev_atom: 5.200202464788733
    avg_Bulk_modulus_RT_Gpa: 142.89172535211267
    avg_Elastic_modulus_RT_Gpa: 160.7504401408451
    avg_Melting_point_(K): 2120.2208626760566
    avg_lattice_constant_A: 2.9672051056338034
    avg_BEC_percm3: 3.3665184859154935e-21
    avg_Av.Valence_bond_strength_ev: 2.92955897887324
    avg_EngelZ_e/a: 4.897887323943662
    Temperature: 25.0
    "
Co1 Cr0.487 Nb0.231 Ta0.026 Ti0.821,1.6696920077972708,1.7003352826510718,6.429239766081869,4.806167641325535,153.09941520467834,182.92397660818708,69.27914230019492,1992.5351851851851,-17.811289975214034,48.84015594541909,2.8003391812865495,4.0541793372319685e-21,2.6517387914230017,5.259649122807017,0.48,0.3799999999999999,5.0,4.0,90.0,174.0,77.0,1501.0,19.940353732000002,94.7,0.8000000000000003,3.16e-21,2.413,2.0,0.034144,0.017823999999999986,2.96,2.8406960000000003,904.0,4078.8,746.9599999999998,311359.76,60.595635270741965,1766.6944000000003,0.08852000000000003,1.7384640000000002e-42,0.8779278399999999,0.5599999999999999,25.0,856.0,"
    Formula: Co1 Cr0.487 Nb0.231 Ta0.026 Ti0.821
    avg_Atomic_Radius: 1.6696920077972708
    avg_Pauling_Electronegativity: 1.7003352826510718
    avg_number_of_valence_electrons: 6.429239766081869
    avg_Cohesive_energy_ev_atom: 4.806167641325535
    avg_Bulk_modulus_RT_Gpa: 153.09941520467834
    avg_Elastic_modulus_RT_Gpa: 182.92397660818708
    avg_Melting_point_(K): 1992.5351851851851
    avg_lattice_constant_A: 2.8003391812865495
    avg_BEC_percm3: 4.0541793372319685e-21
    avg_Av.Valence_bond_strength_ev: 2.6517387914230017
    avg_EngelZ_e/a: 5.259649122807017
    Temperature: 25.0
    "
Co0.564 Nb0.795 Ta0.103 Ti1 W0.103,1.791879142300195,1.6646783625730994,5.529824561403508,5.8850331384015595,155.63352826510723,147.69668615984403,54.65886939571149,2271.2232943469785,-12.214343817008967,79.17707602339183,2.984619883040936,3.1736140350877194e-21,3.2520124756335282,4.870175438596492,0.48,0.8599999999999999,5.0,4.510000000000001,200.0,306.0,123.0,1915.0,15.945831462000001,94.7,0.8000000000000003,3.16e-21,2.9309999999999996,2.0,0.03241599999999999,0.10294399999999997,2.9600000000000004,3.2592560000000006,4264.0,12146.640000000001,1946.64,549279.3600000001,33.74949303736374,1434.8944000000004,0.08874400000000002,1.281464e-42,1.15794344,0.5599999999999999,25.0,277.0,"
    Formula: Co0.564 Nb0.795 Ta0.103 Ti1 W0.103
    avg_Atomic_Radius: 1.791879142300195
    avg_Pauling_Electronegativity: 1.6646783625730994
    avg_number_of_valence_electrons: 5.529824561403508
    avg_Cohesive_energy_ev_atom: 5.8850331384015595
    avg_Bulk_modulus_RT_Gpa: 155.63352826510723
    avg_Elastic_modulus_RT_Gpa: 147.69668615984403
    avg_Melting_point_(K): 2271.2232943469785
    avg_lattice_constant_A: 2.984619883040936
    avg_BEC_percm3: 3.1736140350877194e-21
    avg_Av.Valence_bond_strength_ev: 3.2520124756335282
    avg_EngelZ_e/a: 4.870175438596492
    Temperature: 25.0
    "
Al1 Co1 Cu1 Fe1 Ni0.5,1.4344444444444442,1.8166666666666664,8.0,3.9488888888888884,145.77777777777777,160.0,59.77777777777777,1495.2611111111112,-21.626142626666667,9.355555555555556,3.2888888888888888,4.135555555555556e-21,2.2262222222222223,4.933333333333333,0.3800000000000001,0.2999999999999998,8.0,1.0500000000000003,104.0,141.0,56.0,875.0000000000001,3.566097860000003,14.600000000000001,1.54,3.63e-21,0.6430000000000002,3.4000000000000004,0.018200000000000008,0.012423999999999985,7.76,0.21125599999999997,1554.5599999999997,3104.4,451.03999999999996,111666.56000000003,1.9066953909452562,30.717600000000004,0.30305600000000005,1.914776e-42,0.045415600000000014,1.5856000000000006,25.0,430.9,"
    Formula: Al1 Co1 Cu1 Fe1 Ni0.5
    avg_Atomic_Radius: 1.4344444444444442
    avg_Pauling_Electronegativity: 1.8166666666666664
    avg_number_of_valence_electrons: 8.0
    avg_Cohesive_energy_ev_atom: 3.9488888888888884
    avg_Bulk_modulus_RT_Gpa: 145.77777777777777
    avg_Elastic_modulus_RT_Gpa: 160.0
    avg_Melting_point_(K): 1495.2611111111112
    avg_lattice_constant_A: 3.2888888888888888
    avg_BEC_percm3: 4.135555555555556e-21
    avg_Av.Valence_bond_strength_ev: 2.2262222222222223
    avg_EngelZ_e/a: 4.933333333333333
    Temperature: 25.0
    "
Al1 Co1 Cu1 Fe1 Ni0.8,1.4379166666666665,1.8225,8.125,3.9795833333333337,147.91666666666669,162.50000000000003,60.79166666666667,1509.691666666667,-21.717780583750002,9.083333333333336,3.3033333333333337,4.1808333333333335e-21,2.2323333333333335,4.9625,0.3800000000000001,0.2999999999999998,8.0,1.0500000000000003,104.0,141.0,56.0,875.0000000000001,3.566097860000003,14.600000000000001,1.54,3.63e-21,0.6430000000000002,3.4000000000000004,0.018200000000000008,0.012423999999999985,7.76,0.21125599999999997,1554.5599999999997,3104.4,451.03999999999996,111666.56000000003,1.9066953909452562,30.717600000000004,0.30305600000000005,1.914776e-42,0.045415600000000014,1.5856000000000006,25.0,420.0,"
    Formula: Al1 Co1 Cu1 Fe1 Ni0.8
    avg_Atomic_Radius: 1.4379166666666665
    avg_Pauling_Electronegativity: 1.8225
    avg_number_of_valence_electrons: 8.125
    avg_Cohesive_energy_ev_atom: 3.9795833333333337
    avg_Bulk_modulus_RT_Gpa: 147.91666666666669
    avg_Elastic_modulus_RT_Gpa: 162.50000000000003
    avg_Melting_point_(K): 1509.691666666667
    avg_lattice_constant_A: 3.3033333333333337
    avg_BEC_percm3: 4.1808333333333335e-21
    avg_Av.Valence_bond_strength_ev: 2.2323333333333335
    avg_EngelZ_e/a: 4.9625
    Temperature: 25.0
    "
Al1 Co1 Cu1 Fe1 Ni1,1.4400000000000002,1.826,8.200000000000001,3.998,149.2,164.0,61.400000000000006,1518.3500000000001,-21.772763358000002,8.920000000000002,3.312,4.208e-21,2.236,4.98,0.3800000000000001,0.2999999999999998,8.0,1.0500000000000003,104.0,141.0,56.0,875.0000000000001,3.566097860000003,14.600000000000001,1.54,3.63e-21,0.6430000000000002,3.4000000000000004,0.018200000000000008,0.012423999999999985,7.76,0.21125599999999997,1554.5599999999997,3104.4,451.03999999999996,111666.56000000003,1.9066953909452562,30.717600000000004,0.30305600000000005,1.914776e-42,0.045415600000000014,1.5856000000000006,25.0,391.4,"
    Formula: Al1 Co1 Cu1 Fe1 Ni1
    avg_Atomic_Radius: 1.4400000000000002
    avg_Pauling_Electronegativity: 1.826
    avg_number_of_valence_electrons: 8.200000000000001
    avg_Cohesive_energy_ev_atom: 3.998
    avg_Bulk_modulus_RT_Gpa: 149.2
    avg_Elastic_modulus_RT_Gpa: 164.0
    avg_Melting_point_(K): 1518.3500000000001
    avg_lattice_constant_A: 3.312
    avg_BEC_percm3: 4.208e-21
    avg_Av.Valence_bond_strength_ev: 2.236
    avg_EngelZ_e/a: 4.98
    Temperature: 25.0
    "
Al0.667 Co0.667 Cu0.667 Fe0.667 Ni1,1.444539258451472,1.8336259541984732,8.363413304253,4.038127044711015,151.99618320610688,167.26826608505996,62.725463467829876,1537.2151581243186,-21.892562248895853,8.56412213740458,3.330883315158124,4.267191930207198e-21,2.243989094874591,5.018129770992366,0.3800000000000001,0.2999999999999998,8.0,1.0500000000000003,104.0,141.0,56.0,875.0000000000001,3.566097860000003,14.600000000000001,1.54,3.63e-21,0.6430000000000002,3.4000000000000004,0.018200000000000008,0.012423999999999985,7.76,0.21125599999999997,1554.5599999999997,3104.4,451.03999999999996,111666.56000000003,1.9066953909452562,30.717600000000004,0.30305600000000005,1.914776e-42,0.045415600000000014,1.5856000000000006,25.0,323.8,"
    Formula: Al0.667 Co0.667 Cu0.667 Fe0.667 Ni1
    avg_Atomic_Radius: 1.444539258451472
    avg_Pauling_Electronegativity: 1.8336259541984732
    avg_number_of_valence_electrons: 8.363413304253
    avg_Cohesive_energy_ev_atom: 4.038127044711015
    avg_Bulk_modulus_RT_Gpa: 151.99618320610688
    avg_Elastic_modulus_RT_Gpa: 167.26826608505996
    avg_Melting_point_(K): 1537.2151581243186
    avg_lattice_constant_A: 3.330883315158124
    avg_BEC_percm3: 4.267191930207198e-21
    avg_Av.Valence_bond_strength_ev: 2.243989094874591
    avg_EngelZ_e/a: 5.018129770992366
    Temperature: 25.0
    "
Al0.5 Co0.5 Cu0.5 Fe0.5 Ni1,1.4483333333333333,1.8399999999999999,8.5,4.071666666666666,154.33333333333331,169.99999999999997,63.83333333333333,1552.9833333333333,-21.992694455,8.266666666666667,3.3466666666666667,4.316666666666667e-21,2.2506666666666666,5.05,0.3800000000000001,0.2999999999999998,8.0,1.0500000000000003,104.0,141.0,56.0,875.0000000000001,3.566097860000003,14.600000000000001,1.54,3.63e-21,0.6430000000000002,3.4000000000000004,0.018200000000000008,0.012423999999999985,7.76,0.21125599999999997,1554.5599999999997,3104.4,451.03999999999996,111666.56000000003,1.9066953909452562,30.717600000000004,0.30305600000000005,1.914776e-42,0.045415600000000014,1.5856000000000006,25.0,299.2,"
    Formula: Al0.5 Co0.5 Cu0.5 Fe0.5 Ni1
    avg_Atomic_Radius: 1.4483333333333333
    avg_Pauling_Electronegativity: 1.8399999999999999
    avg_number_of_valence_electrons: 8.5
    avg_Cohesive_energy_ev_atom: 4.071666666666666
    avg_Bulk_modulus_RT_Gpa: 154.33333333333331
    avg_Elastic_modulus_RT_Gpa: 169.99999999999997
    avg_Melting_point_(K): 1552.9833333333333
    avg_lattice_constant_A: 3.3466666666666667
    avg_BEC_percm3: 4.316666666666667e-21
    avg_Av.Valence_bond_strength_ev: 2.2506666666666666
    avg_EngelZ_e/a: 5.05
    Temperature: 25.0
    "
Al0.333 Co0.333 Cu0.333 Fe0.333 Ni1,1.4543010291595198,1.8500257289879931,8.71483704974271,4.1244210977701545,158.00943396226415,174.29674099485422,65.57590051457976,1577.7850771869644,-22.15019228175386,7.798799313893654,3.3714922813036026,4.394485420240138e-21,2.261169811320755,5.100128644939966,0.3800000000000001,0.2999999999999998,8.0,1.0500000000000003,104.0,141.0,56.0,875.0000000000001,3.566097860000003,14.600000000000001,1.54,3.63e-21,0.6430000000000002,3.4000000000000004,0.018200000000000008,0.012423999999999985,7.76,0.21125599999999997,1554.5599999999997,3104.4,451.03999999999996,111666.56000000003,1.9066953909452562,30.717600000000004,0.30305600000000005,1.914776e-42,0.045415600000000014,1.5856000000000006,25.0,279.6,"
    Formula: Al0.333 Co0.333 Cu0.333 Fe0.333 Ni1
    avg_Atomic_Radius: 1.4543010291595198
    avg_Pauling_Electronegativity: 1.8500257289879931
    avg_number_of_valence_electrons: 8.71483704974271
    avg_Cohesive_energy_ev_atom: 4.1244210977701545
    avg_Bulk_modulus_RT_Gpa: 158.00943396226415
    avg_Elastic_modulus_RT_Gpa: 174.29674099485422
    avg_Melting_point_(K): 1577.7850771869644
    avg_lattice_constant_A: 3.3714922813036026
    avg_BEC_percm3: 4.394485420240138e-21
    avg_Av.Valence_bond_strength_ev: 2.261169811320755
    avg_EngelZ_e/a: 5.100128644939966
    Temperature: 25.0
    "
Al0.5 Cr1 Fe1 Mn1 Ni1,1.5355555555555556,1.7233333333333334,7.222222222222222,3.874444444444445,148.44444444444443,205.1111111111111,68.20093363101279,1699.5944444444444,-21.28872344,20.72727272727273,4.485555555555555,4.845555555555556e-21,2.038444444444444,5.8,0.48,0.3599999999999999,7.0,1.5200000000000005,104.0,209.0,89.0,1197.0,8.737094040000002,20.0,6.0200000000000005,3.75e-21,1.0970000000000002,3.8,0.028760000000000015,0.01849599999999999,5.36,0.3338240000000001,1477.7599999999998,4582.64,774.888888888889,157843.76000000004,11.484732370025231,65.21225,5.139896000000001,1.9311360000000005e-42,0.16497160000000002,1.8016,25.0,353.0,"
    Formula: Al0.5 Cr1 Fe1 Mn1 Ni1
    avg_Atomic_Radius: 1.5355555555555556
    avg_Pauling_Electronegativity: 1.7233333333333334
    avg_number_of_valence_electrons: 7.222222222222222
    avg_Cohesive_energy_ev_atom: 3.874444444444445
    avg_Bulk_modulus_RT_Gpa: 148.44444444444443
    avg_Elastic_modulus_RT_Gpa: 205.1111111111111
    avg_Melting_point_(K): 1699.5944444444444
    avg_lattice_constant_A: 4.485555555555555
    avg_BEC_percm3: 4.845555555555556e-21
    avg_Av.Valence_bond_strength_ev: 2.038444444444444
    avg_EngelZ_e/a: 5.8
    Temperature: 25.0
    "
Al0.6 Cr1 Fe1 Mn1 Ni1,1.527826086956522,1.7208695652173915,7.130434782608697,3.863913043478261,146.8695652173913,202.17391304347828,68.20093363101279,1682.932608695652,-21.28872344,20.72727272727273,4.47608695652174,4.779565217391305e-21,2.0483478260869568,5.739130434782609,0.48,0.3599999999999999,7.0,1.5200000000000005,104.0,209.0,89.0,1197.0,8.737094040000002,20.0,6.0200000000000005,3.75e-21,1.0970000000000002,3.8,0.028760000000000015,0.01849599999999999,5.36,0.3338240000000001,1477.7599999999998,4582.64,774.888888888889,157843.76000000004,11.484732370025231,65.21225,5.139896000000001,1.9311360000000005e-42,0.16497160000000002,1.8016,25.0,361.0,"
    Formula: Al0.6 Cr1 Fe1 Mn1 Ni1
    avg_Atomic_Radius: 1.527826086956522
    avg_Pauling_Electronegativity: 1.7208695652173915
    avg_number_of_valence_electrons: 7.130434782608697
    avg_Cohesive_energy_ev_atom: 3.863913043478261
    avg_Bulk_modulus_RT_Gpa: 146.8695652173913
    avg_Elastic_modulus_RT_Gpa: 202.17391304347828
    avg_Melting_point_(K): 1682.932608695652
    avg_lattice_constant_A: 4.47608695652174
    avg_BEC_percm3: 4.779565217391305e-21
    avg_Av.Valence_bond_strength_ev: 2.0483478260869568
    avg_EngelZ_e/a: 5.739130434782609
    Temperature: 25.0
    "
Al0.7 Cr1 Fe1 Mn1 Ni1,1.5204255319148938,1.7185106382978725,7.042553191489362,3.8538297872340426,145.36170212765956,199.36170212765958,68.20093363101279,1666.9797872340428,-21.28872344,20.72727272727273,4.467021276595744,4.716382978723405e-21,2.0578297872340423,5.680851063829786,0.48,0.3599999999999999,7.0,1.5200000000000005,104.0,209.0,89.0,1197.0,8.737094040000002,20.0,6.0200000000000005,3.75e-21,1.0970000000000002,3.8,0.028760000000000015,0.01849599999999999,5.36,0.3338240000000001,1477.7599999999998,4582.64,774.888888888889,157843.76000000004,11.484732370025231,65.21225,5.139896000000001,1.9311360000000005e-42,0.16497160000000002,1.8016,25.0,375.0,"
    Formula: Al0.7 Cr1 Fe1 Mn1 Ni1
    avg_Atomic_Radius: 1.5204255319148938
    avg_Pauling_Electronegativity: 1.7185106382978725
    avg_number_of_valence_electrons: 7.042553191489362
    avg_Cohesive_energy_ev_atom: 3.8538297872340426
    avg_Bulk_modulus_RT_Gpa: 145.36170212765956
    avg_Elastic_modulus_RT_Gpa: 199.36170212765958
    avg_Melting_point_(K): 1666.9797872340428
    avg_lattice_constant_A: 4.467021276595744
    avg_BEC_percm3: 4.716382978723405e-21
    avg_Av.Valence_bond_strength_ev: 2.0578297872340423
    avg_EngelZ_e/a: 5.680851063829786
    Temperature: 25.0
    "
Al0.8 Cr1 Fe1 Mn1 Ni1,1.5133333333333332,1.7162500000000003,6.958333333333334,3.844166666666667,143.91666666666669,196.66666666666669,68.20093363101279,1651.691666666667,-21.28872344,20.72727272727273,4.458333333333334,4.655833333333334e-21,2.0669166666666667,5.625,0.48,0.3599999999999999,7.0,1.5200000000000005,104.0,209.0,89.0,1197.0,8.737094040000002,20.0,6.0200000000000005,3.75e-21,1.0970000000000002,3.8,0.028760000000000015,0.01849599999999999,5.36,0.3338240000000001,1477.7599999999998,4582.64,774.888888888889,157843.76000000004,11.484732370025231,65.21225,5.139896000000001,1.9311360000000005e-42,0.16497160000000002,1.8016,25.0,386.0,"
    Formula: Al0.8 Cr1 Fe1 Mn1 Ni1
    avg_Atomic_Radius: 1.5133333333333332
    avg_Pauling_Electronegativity: 1.7162500000000003
    avg_number_of_valence_electrons: 6.958333333333334
    avg_Cohesive_energy_ev_atom: 3.844166666666667
    avg_Bulk_modulus_RT_Gpa: 143.91666666666669
    avg_Elastic_modulus_RT_Gpa: 196.66666666666669
    avg_Melting_point_(K): 1651.691666666667
    avg_lattice_constant_A: 4.458333333333334
    avg_BEC_percm3: 4.655833333333334e-21
    avg_Av.Valence_bond_strength_ev: 2.0669166666666667
    avg_EngelZ_e/a: 5.625
    Temperature: 25.0
    "
Co1 Cr0.2 Fe1 Ni1 Si0.2,1.5070588235294116,1.8623529411764705,8.52941176470588,4.369411764705882,171.17647058823528,201.52941176470586,78.8235294117647,1783.8558823529409,-22.774840401764703,7.38235294117647,3.1064705882352937,5.031764705882353e-21,2.1984705882352937,5.823529411764705,0.5499999999999998,0.25,6.0,0.5300000000000002,80.0,232.0,55.0,447.0,7.124879029999999,21.5,2.92,3.44e-21,1.234,2.4000000000000004,0.03533599999999998,0.008503999999999998,4.64,0.030776000000000026,896.0,5853.759999999999,331.44,25301.6,5.3008797770626135,62.85360000000001,1.093976,1.6706560000000002e-42,0.16156136,0.7104000000000001,25.0,130.1,"
    Formula: Co1 Cr0.2 Fe1 Ni1 Si0.2
    avg_Atomic_Radius: 1.5070588235294116
    avg_Pauling_Electronegativity: 1.8623529411764705
    avg_number_of_valence_electrons: 8.52941176470588
    avg_Cohesive_energy_ev_atom: 4.369411764705882
    avg_Bulk_modulus_RT_Gpa: 171.17647058823528
    avg_Elastic_modulus_RT_Gpa: 201.52941176470586
    avg_Melting_point_(K): 1783.8558823529409
    avg_lattice_constant_A: 3.1064705882352937
    avg_BEC_percm3: 5.031764705882353e-21
    avg_Av.Valence_bond_strength_ev: 2.1984705882352937
    avg_EngelZ_e/a: 5.823529411764705
    Temperature: 25.0
    "
Co1 Cr0.2 Fe1 Ni1 Si0.2,1.5070588235294116,1.8623529411764705,8.52941176470588,4.369411764705882,171.17647058823528,201.52941176470586,78.8235294117647,1783.8558823529409,-22.774840401764703,7.38235294117647,3.1064705882352937,5.031764705882353e-21,2.1984705882352937,5.823529411764705,0.5499999999999998,0.25,6.0,0.5300000000000002,80.0,232.0,55.0,447.0,7.124879029999999,21.5,2.92,3.44e-21,1.234,2.4000000000000004,0.03533599999999998,0.008503999999999998,4.64,0.030776000000000026,896.0,5853.759999999999,331.44,25301.6,5.3008797770626135,62.85360000000001,1.093976,1.6706560000000002e-42,0.16156136,0.7104000000000001,25.0,318.2,"
    Formula: Co1 Cr0.2 Fe1 Ni1 Si0.2
    avg_Atomic_Radius: 1.5070588235294116
    avg_Pauling_Electronegativity: 1.8623529411764705
    avg_number_of_valence_electrons: 8.52941176470588
    avg_Cohesive_energy_ev_atom: 4.369411764705882
    avg_Bulk_modulus_RT_Gpa: 171.17647058823528
    avg_Elastic_modulus_RT_Gpa: 201.52941176470586
    avg_Melting_point_(K): 1783.8558823529409
    avg_lattice_constant_A: 3.1064705882352937
    avg_BEC_percm3: 5.031764705882353e-21
    avg_Av.Valence_bond_strength_ev: 2.1984705882352937
    avg_EngelZ_e/a: 5.823529411764705
    Temperature: 25.0
    "
Co1 Cr0.2 Fe1 Ni1 Si0.2,1.5070588235294116,1.8623529411764705,8.52941176470588,4.369411764705882,171.17647058823528,201.52941176470586,78.8235294117647,1783.8558823529409,-22.774840401764703,7.38235294117647,3.1064705882352937,5.031764705882353e-21,2.1984705882352937,5.823529411764705,0.5499999999999998,0.25,6.0,0.5300000000000002,80.0,232.0,55.0,447.0,7.124879029999999,21.5,2.92,3.44e-21,1.234,2.4000000000000004,0.03533599999999998,0.008503999999999998,4.64,0.030776000000000026,896.0,5853.759999999999,331.44,25301.6,5.3008797770626135,62.85360000000001,1.093976,1.6706560000000002e-42,0.16156136,0.7104000000000001,25.0,153.8,"
    Formula: Co1 Cr0.2 Fe1 Ni1 Si0.2
    avg_Atomic_Radius: 1.5070588235294116
    avg_Pauling_Electronegativity: 1.8623529411764705
    avg_number_of_valence_electrons: 8.52941176470588
    avg_Cohesive_energy_ev_atom: 4.369411764705882
    avg_Bulk_modulus_RT_Gpa: 171.17647058823528
    avg_Elastic_modulus_RT_Gpa: 201.52941176470586
    avg_Melting_point_(K): 1783.8558823529409
    avg_lattice_constant_A: 3.1064705882352937
    avg_BEC_percm3: 5.031764705882353e-21
    avg_Av.Valence_bond_strength_ev: 2.1984705882352937
    avg_EngelZ_e/a: 5.823529411764705
    Temperature: 25.0
    "
Co1 Cr1 Fe1 Ni1 Pd1,1.5840000000000003,1.896,8.6,4.220000000000001,174.0,204.0,78.4,1851.9500000000003,-21.361745212000002,16.080000000000002,3.134,4.850000000000001e-21,2.4144,5.840000000000001,0.19999999999999996,0.5400000000000003,4.0,0.5500000000000003,20.0,158.0,71.0,404.0,13.683473560000001,31.0,1.3800000000000003,1.9300000000000003e-21,1.48,1.0,0.006103999999999996,0.030584000000000028,2.2399999999999998,0.04084000000000002,64.0,2520.8,510.64,20555.359999999997,22.094297306253196,152.8136,0.2488240000000001,4.964800000000001e-43,0.24207224,0.15039999999999995,25.0,295.0,"
    Formula: Co1 Cr1 Fe1 Ni1 Pd1
    avg_Atomic_Radius: 1.5840000000000003
    avg_Pauling_Electronegativity: 1.896
    avg_number_of_valence_electrons: 8.6
    avg_Cohesive_energy_ev_atom: 4.220000000000001
    avg_Bulk_modulus_RT_Gpa: 174.0
    avg_Elastic_modulus_RT_Gpa: 204.0
    avg_Melting_point_(K): 1851.9500000000003
    avg_lattice_constant_A: 3.134
    avg_BEC_percm3: 4.850000000000001e-21
    avg_Av.Valence_bond_strength_ev: 2.4144
    avg_EngelZ_e/a: 5.840000000000001
    Temperature: 25.0
    "
Co1 Cr1 Fe1 Mn0.2 Ni1 Pd1,1.5849999999999997,1.8826923076923077,8.538461538461538,4.17,171.9230769230769,203.76923076923075,68.20093363101279,1839.073076923077,-21.28872344,20.72727272727273,3.355384615384615,4.877307692307692e-21,2.3752692307692307,5.8769230769230765,0.19999999999999996,0.6500000000000001,4.0,1.5200000000000005,60.0,158.0,89.0,613.0,8.737094040000002,20.0,6.380000000000001,2.0500000000000003e-21,1.934,1.3999999999999995,0.005180555555555552,0.042113888888888916,2.222222222222222,0.26875555555555564,458.3333333333333,2105.6666666666665,774.888888888889,32697.66666666666,11.484732370025231,65.21225,4.808955555555556,4.837472222222223e-43,0.3454911388888888,0.2533333333333332,25.0,470.0,"
    Formula: Co1 Cr1 Fe1 Mn0.2 Ni1 Pd1
    avg_Atomic_Radius: 1.5849999999999997
    avg_Pauling_Electronegativity: 1.8826923076923077
    avg_number_of_valence_electrons: 8.538461538461538
    avg_Cohesive_energy_ev_atom: 4.17
    avg_Bulk_modulus_RT_Gpa: 171.9230769230769
    avg_Elastic_modulus_RT_Gpa: 203.76923076923075
    avg_Melting_point_(K): 1839.073076923077
    avg_lattice_constant_A: 3.355384615384615
    avg_BEC_percm3: 4.877307692307692e-21
    avg_Av.Valence_bond_strength_ev: 2.3752692307692307
    avg_EngelZ_e/a: 5.8769230769230765
    Temperature: 25.0
    "
Co1 Cr1 Fe1 Mn0.4 Ni1 Pd1,1.5859259259259257,1.8703703703703702,8.481481481481481,4.123703703703704,169.99999999999994,203.55555555555554,68.20093363101279,1827.1499999999999,-21.28872344,20.72727272727273,3.56037037037037,4.902592592592592e-21,2.339037037037037,5.911111111111111,0.19999999999999996,0.6500000000000001,4.0,1.5200000000000005,60.0,158.0,89.0,613.0,8.737094040000002,20.0,6.380000000000001,2.0500000000000003e-21,1.934,1.3999999999999995,0.005180555555555552,0.042113888888888916,2.222222222222222,0.26875555555555564,458.3333333333333,2105.6666666666665,774.888888888889,32697.66666666666,11.484732370025231,65.21225,4.808955555555556,4.837472222222223e-43,0.3454911388888888,0.2533333333333332,25.0,380.0,"
    Formula: Co1 Cr1 Fe1 Mn0.4 Ni1 Pd1
    avg_Atomic_Radius: 1.5859259259259257
    avg_Pauling_Electronegativity: 1.8703703703703702
    avg_number_of_valence_electrons: 8.481481481481481
    avg_Cohesive_energy_ev_atom: 4.123703703703704
    avg_Bulk_modulus_RT_Gpa: 169.99999999999994
    avg_Elastic_modulus_RT_Gpa: 203.55555555555554
    avg_Melting_point_(K): 1827.1499999999999
    avg_lattice_constant_A: 3.56037037037037
    avg_BEC_percm3: 4.902592592592592e-21
    avg_Av.Valence_bond_strength_ev: 2.339037037037037
    avg_EngelZ_e/a: 5.911111111111111
    Temperature: 25.0
    "
Co1 Cr1 Fe1 Mn0.6 Ni1 Pd1,1.5867857142857142,1.8589285714285713,8.428571428571429,4.0807142857142855,168.21428571428572,203.35714285714286,68.20093363101279,1816.0785714285716,-21.28872344,20.72727272727273,3.750714285714286,4.92607142857143e-21,2.305392857142857,5.942857142857143,0.19999999999999996,0.6500000000000001,4.0,1.5200000000000005,60.0,158.0,89.0,613.0,8.737094040000002,20.0,6.380000000000001,2.0500000000000003e-21,1.934,1.3999999999999995,0.005180555555555552,0.042113888888888916,2.222222222222222,0.26875555555555564,458.3333333333333,2105.6666666666665,774.888888888889,32697.66666666666,11.484732370025231,65.21225,4.808955555555556,4.837472222222223e-43,0.3454911388888888,0.2533333333333332,25.0,180.0,"
    Formula: Co1 Cr1 Fe1 Mn0.6 Ni1 Pd1
    avg_Atomic_Radius: 1.5867857142857142
    avg_Pauling_Electronegativity: 1.8589285714285713
    avg_number_of_valence_electrons: 8.428571428571429
    avg_Cohesive_energy_ev_atom: 4.0807142857142855
    avg_Bulk_modulus_RT_Gpa: 168.21428571428572
    avg_Elastic_modulus_RT_Gpa: 203.35714285714286
    avg_Melting_point_(K): 1816.0785714285716
    avg_lattice_constant_A: 3.750714285714286
    avg_BEC_percm3: 4.92607142857143e-21
    avg_Av.Valence_bond_strength_ev: 2.305392857142857
    avg_EngelZ_e/a: 5.942857142857143
    Temperature: 25.0
    "
Co1 Cr1 Fe1 Mn0.8 Ni1 Pd1,1.587586206896552,1.8482758620689657,8.379310344827587,4.040689655172414,166.55172413793105,203.17241379310346,68.20093363101279,1805.7706896551726,-21.28872344,20.72727272727273,3.927931034482759,4.9479310344827596e-21,2.2740689655172415,5.972413793103449,0.19999999999999996,0.6500000000000001,4.0,1.5200000000000005,60.0,158.0,89.0,613.0,8.737094040000002,20.0,6.380000000000001,2.0500000000000003e-21,1.934,1.3999999999999995,0.005180555555555552,0.042113888888888916,2.222222222222222,0.26875555555555564,458.3333333333333,2105.6666666666665,774.888888888889,32697.66666666666,11.484732370025231,65.21225,4.808955555555556,4.837472222222223e-43,0.3454911388888888,0.2533333333333332,25.0,160.0,"
    Formula: Co1 Cr1 Fe1 Mn0.8 Ni1 Pd1
    avg_Atomic_Radius: 1.587586206896552
    avg_Pauling_Electronegativity: 1.8482758620689657
    avg_number_of_valence_electrons: 8.379310344827587
    avg_Cohesive_energy_ev_atom: 4.040689655172414
    avg_Bulk_modulus_RT_Gpa: 166.55172413793105
    avg_Elastic_modulus_RT_Gpa: 203.17241379310346
    avg_Melting_point_(K): 1805.7706896551726
    avg_lattice_constant_A: 3.927931034482759
    avg_BEC_percm3: 4.9479310344827596e-21
    avg_Av.Valence_bond_strength_ev: 2.2740689655172415
    avg_EngelZ_e/a: 5.972413793103449
    Temperature: 25.0
    "
Cr1 Fe1 Ni1 Ti0.2,1.5818750000000001,1.78375,7.75,4.309375,166.25,222.875,88.0625,1890.9625,-23.351651224375,18.46875,3.0812500000000003,4.93375e-21,2.2234374999999997,5.8125,0.27,0.3699999999999999,6.0,0.75,70.0,163.0,71.0,404.0,14.622878590000001,95.0,0.6499999999999999,3.2e-21,1.0790000000000002,2.4000000000000004,0.010418749999999997,0.020824999999999996,5.0,0.07681874999999996,725.0,3352.25,634.6875,23181.6875,31.806416661250253,1473.9018749999996,0.07302499999999999,1.5920750000000004e-42,0.14630568750000006,0.8275000000000001,25.0,362.2,"
    Formula: Cr1 Fe1 Ni1 Ti0.2
    avg_Atomic_Radius: 1.5818750000000001
    avg_Pauling_Electronegativity: 1.78375
    avg_number_of_valence_electrons: 7.75
    avg_Cohesive_energy_ev_atom: 4.309375
    avg_Bulk_modulus_RT_Gpa: 166.25
    avg_Elastic_modulus_RT_Gpa: 222.875
    avg_Melting_point_(K): 1890.9625
    avg_lattice_constant_A: 3.0812500000000003
    avg_BEC_percm3: 4.93375e-21
    avg_Av.Valence_bond_strength_ev: 2.2234374999999997
    avg_EngelZ_e/a: 5.8125
    Temperature: 25.0
    "
Cr1 Fe1 Ni1 Ti0.3,1.5872727272727272,1.7763636363636364,7.636363636363636,4.325757575757576,164.54545454545456,219.63636363636365,86.72727272727273,1892.240909090909,-22.989407261212122,20.93939393939394,3.077272727272727,4.8521212121212125e-21,2.244848484848485,5.757575757575758,0.27,0.3699999999999999,6.0,0.75,70.0,163.0,71.0,404.0,14.622878590000001,95.0,0.6499999999999999,3.2e-21,1.0790000000000002,2.4000000000000004,0.010418749999999997,0.020824999999999996,5.0,0.07681874999999996,725.0,3352.25,634.6875,23181.6875,31.806416661250253,1473.9018749999996,0.07302499999999999,1.5920750000000004e-42,0.14630568750000006,0.8275000000000001,25.0,510.3,"
    Formula: Cr1 Fe1 Ni1 Ti0.3
    avg_Atomic_Radius: 1.5872727272727272
    avg_Pauling_Electronegativity: 1.7763636363636364
    avg_number_of_valence_electrons: 7.636363636363636
    avg_Cohesive_energy_ev_atom: 4.325757575757576
    avg_Bulk_modulus_RT_Gpa: 164.54545454545456
    avg_Elastic_modulus_RT_Gpa: 219.63636363636365
    avg_Melting_point_(K): 1892.240909090909
    avg_lattice_constant_A: 3.077272727272727
    avg_BEC_percm3: 4.8521212121212125e-21
    avg_Av.Valence_bond_strength_ev: 2.244848484848485
    avg_EngelZ_e/a: 5.757575757575758
    Temperature: 25.0
    "
Cr1 Fe1 Ni1 Ti0.4,1.5923529411764705,1.7694117647058825,7.529411764705882,4.341176470588236,162.94117647058823,216.58823529411765,85.47058823529412,1893.444117647059,-22.64847176647059,23.264705882352942,3.073529411764706,4.77529411764706e-21,2.265,5.7058823529411775,0.27,0.3699999999999999,6.0,0.75,70.0,163.0,71.0,404.0,14.622878590000001,95.0,0.6499999999999999,3.2e-21,1.0790000000000002,2.4000000000000004,0.010418749999999997,0.020824999999999996,5.0,0.07681874999999996,725.0,3352.25,634.6875,23181.6875,31.806416661250253,1473.9018749999996,0.07302499999999999,1.5920750000000004e-42,0.14630568750000006,0.8275000000000001,25.0,600.3,"
    Formula: Cr1 Fe1 Ni1 Ti0.4
    avg_Atomic_Radius: 1.5923529411764705
    avg_Pauling_Electronegativity: 1.7694117647058825
    avg_number_of_valence_electrons: 7.529411764705882
    avg_Cohesive_energy_ev_atom: 4.341176470588236
    avg_Bulk_modulus_RT_Gpa: 162.94117647058823
    avg_Elastic_modulus_RT_Gpa: 216.58823529411765
    avg_Melting_point_(K): 1893.444117647059
    avg_lattice_constant_A: 3.073529411764706
    avg_BEC_percm3: 4.77529411764706e-21
    avg_Av.Valence_bond_strength_ev: 2.265
    avg_EngelZ_e/a: 5.7058823529411775
    Temperature: 25.0
    "
Cr1 Fe1 Ni1 Ti0.5,1.597142857142857,1.7628571428571427,7.428571428571428,4.355714285714286,161.42857142857142,213.71428571428572,84.28571428571428,1894.5785714285716,-22.327018300000002,25.457142857142856,3.07,4.702857142857143e-21,2.284,5.657142857142857,0.27,0.3699999999999999,6.0,0.75,70.0,163.0,71.0,404.0,14.622878590000001,95.0,0.6499999999999999,3.2e-21,1.0790000000000002,2.4000000000000004,0.010418749999999997,0.020824999999999996,5.0,0.07681874999999996,725.0,3352.25,634.6875,23181.6875,31.806416661250253,1473.9018749999996,0.07302499999999999,1.5920750000000004e-42,0.14630568750000006,0.8275000000000001,25.0,709.6,"
    Formula: Cr1 Fe1 Ni1 Ti0.5
    avg_Atomic_Radius: 1.597142857142857
    avg_Pauling_Electronegativity: 1.7628571428571427
    avg_number_of_valence_electrons: 7.428571428571428
    avg_Cohesive_energy_ev_atom: 4.355714285714286
    avg_Bulk_modulus_RT_Gpa: 161.42857142857142
    avg_Elastic_modulus_RT_Gpa: 213.71428571428572
    avg_Melting_point_(K): 1894.5785714285716
    avg_lattice_constant_A: 3.07
    avg_BEC_percm3: 4.702857142857143e-21
    avg_Av.Valence_bond_strength_ev: 2.284
    avg_EngelZ_e/a: 5.657142857142857
    Temperature: 25.0
    "
Cr1 Fe1 Ni1 Ti0.6,1.6016666666666666,1.7566666666666666,7.333333333333334,4.3694444444444445,160.0,211.00000000000003,83.16666666666667,1895.6499999999999,-22.023423359444443,27.527777777777775,3.066666666666667,4.634444444444445e-21,2.3019444444444446,5.611111111111112,0.27,0.3699999999999999,6.0,0.75,70.0,163.0,71.0,404.0,14.622878590000001,95.0,0.6499999999999999,3.2e-21,1.0790000000000002,2.4000000000000004,0.010418749999999997,0.020824999999999996,5.0,0.07681874999999996,725.0,3352.25,634.6875,23181.6875,31.806416661250253,1473.9018749999996,0.07302499999999999,1.5920750000000004e-42,0.14630568750000006,0.8275000000000001,25.0,718.2,"
    Formula: Cr1 Fe1 Ni1 Ti0.6
    avg_Atomic_Radius: 1.6016666666666666
    avg_Pauling_Electronegativity: 1.7566666666666666
    avg_number_of_valence_electrons: 7.333333333333334
    avg_Cohesive_energy_ev_atom: 4.3694444444444445
    avg_Bulk_modulus_RT_Gpa: 160.0
    avg_Elastic_modulus_RT_Gpa: 211.00000000000003
    avg_Melting_point_(K): 1895.6499999999999
    avg_lattice_constant_A: 3.066666666666667
    avg_BEC_percm3: 4.634444444444445e-21
    avg_Av.Valence_bond_strength_ev: 2.3019444444444446
    avg_EngelZ_e/a: 5.611111111111112
    Temperature: 25.0
    "
Al1 Cr1 Cu1 Fe1 Mn1,1.4920000000000002,1.7100000000000004,7.0,3.6360000000000006,133.2,177.6,68.20093363101279,1548.9500000000003,-21.28872344,20.72727272727273,4.460000000000001,4.2760000000000005e-21,2.079,5.260000000000001,0.48,0.34999999999999987,8.0,1.3600000000000003,94.0,209.0,89.0,1197.0,8.737094040000002,20.0,6.0200000000000005,3.75e-21,1.0970000000000002,3.8,0.029176000000000014,0.017719999999999993,6.8,0.24490399999999996,1112.96,5131.4400000000005,774.888888888889,164474.16,11.484732370025231,65.21225,5.1080000000000005,2.0449840000000003e-42,0.16267160000000003,2.1344000000000003,25.0,633.0,"
    Formula: Al1 Cr1 Cu1 Fe1 Mn1
    avg_Atomic_Radius: 1.4920000000000002
    avg_Pauling_Electronegativity: 1.7100000000000004
    avg_number_of_valence_electrons: 7.0
    avg_Cohesive_energy_ev_atom: 3.6360000000000006
    avg_Bulk_modulus_RT_Gpa: 133.2
    avg_Elastic_modulus_RT_Gpa: 177.6
    avg_Melting_point_(K): 1548.9500000000003
    avg_lattice_constant_A: 4.460000000000001
    avg_BEC_percm3: 4.2760000000000005e-21
    avg_Av.Valence_bond_strength_ev: 2.079
    avg_EngelZ_e/a: 5.260000000000001
    Temperature: 25.0
    "
Al1 Cr1 Cu1 Fe1 Mn1 W0.05,1.4963366336633666,1.7164356435643566,6.990099009900991,3.6881188118811883,134.95049504950495,179.91089108910893,68.20093363101279,1570.0806930693068,-21.28872344,20.72727272727273,4.4471287128712875,4.271188118811882e-21,2.109336633663367,5.267326732673268,0.75,0.8099999999999998,8.0,5.98,234.0,341.0,89.0,2750.0,8.737094040000002,20.0,6.0200000000000005,3.75e-21,3.7459999999999996,3.8,0.050958333333333335,0.07344722222222219,5.805555555555556,4.052655555555556,5268.88888888889,11842.25,774.888888888889,769674.25,11.484732370025231,65.21225,4.491388888888889,1.7369583333333338e-42,1.4394618888888886,1.8547222222222224,25.0,680.0,"
    Formula: Al1 Cr1 Cu1 Fe1 Mn1 W0.05
    avg_Atomic_Radius: 1.4963366336633666
    avg_Pauling_Electronegativity: 1.7164356435643566
    avg_number_of_valence_electrons: 6.990099009900991
    avg_Cohesive_energy_ev_atom: 3.6881188118811883
    avg_Bulk_modulus_RT_Gpa: 134.95049504950495
    avg_Elastic_modulus_RT_Gpa: 179.91089108910893
    avg_Melting_point_(K): 1570.0806930693068
    avg_lattice_constant_A: 4.4471287128712875
    avg_BEC_percm3: 4.271188118811882e-21
    avg_Av.Valence_bond_strength_ev: 2.109336633663367
    avg_EngelZ_e/a: 5.267326732673268
    Temperature: 25.0
    "
Al1 Cr1 Cu1 Fe1 Mn1 W0.1,1.5005882352941178,1.7227450980392158,6.980392156862747,3.7392156862745107,136.66666666666669,182.1764705882353,68.20093363101279,1590.7970588235298,-21.28872344,20.72727272727273,4.434509803921569,4.266470588235295e-21,2.1390784313725493,5.274509803921569,0.75,0.8099999999999998,8.0,5.98,234.0,341.0,89.0,2750.0,8.737094040000002,20.0,6.0200000000000005,3.75e-21,3.7459999999999996,3.8,0.050958333333333335,0.07344722222222219,5.805555555555556,4.052655555555556,5268.88888888889,11842.25,774.888888888889,769674.25,11.484732370025231,65.21225,4.491388888888889,1.7369583333333338e-42,1.4394618888888886,1.8547222222222224,25.0,705.0,"
    Formula: Al1 Cr1 Cu1 Fe1 Mn1 W0.1
    avg_Atomic_Radius: 1.5005882352941178
    avg_Pauling_Electronegativity: 1.7227450980392158
    avg_number_of_valence_electrons: 6.980392156862747
    avg_Cohesive_energy_ev_atom: 3.7392156862745107
    avg_Bulk_modulus_RT_Gpa: 136.66666666666669
    avg_Elastic_modulus_RT_Gpa: 182.1764705882353
    avg_Melting_point_(K): 1590.7970588235298
    avg_lattice_constant_A: 4.434509803921569
    avg_BEC_percm3: 4.266470588235295e-21
    avg_Av.Valence_bond_strength_ev: 2.1390784313725493
    avg_EngelZ_e/a: 5.274509803921569
    Temperature: 25.0
    "
Al1 Cr1 Cu1 Fe1 Mn1 W0.5,1.531818181818182,1.7690909090909093,6.909090909090908,4.114545454545455,149.27272727272728,198.81818181818184,68.20093363101279,1742.968181818182,-21.28872344,20.72727272727273,4.341818181818182,4.231818181818182e-21,2.3575454545454546,5.327272727272728,0.75,0.8099999999999998,8.0,5.98,234.0,341.0,89.0,2750.0,8.737094040000002,20.0,6.0200000000000005,3.75e-21,3.7459999999999996,3.8,0.050958333333333335,0.07344722222222219,5.805555555555556,4.052655555555556,5268.88888888889,11842.25,774.888888888889,769674.25,11.484732370025231,65.21225,4.491388888888889,1.7369583333333338e-42,1.4394618888888886,1.8547222222222224,25.0,780.0,"
    Formula: Al1 Cr1 Cu1 Fe1 Mn1 W0.5
    avg_Atomic_Radius: 1.531818181818182
    avg_Pauling_Electronegativity: 1.7690909090909093
    avg_number_of_valence_electrons: 6.909090909090908
    avg_Cohesive_energy_ev_atom: 4.114545454545455
    avg_Bulk_modulus_RT_Gpa: 149.27272727272728
    avg_Elastic_modulus_RT_Gpa: 198.81818181818184
    avg_Melting_point_(K): 1742.968181818182
    avg_lattice_constant_A: 4.341818181818182
    avg_BEC_percm3: 4.231818181818182e-21
    avg_Av.Valence_bond_strength_ev: 2.3575454545454546
    avg_EngelZ_e/a: 5.327272727272728
    Temperature: 25.0
    "
Co0.2 Cr0.2 Fe1 Mn0.6,1.581,1.734,7.6,3.8649999999999998,155.0,213.70000000000002,68.20093363101279,1749.0500000000002,-21.28872344,20.72727272727273,4.641,5.432000000000001e-21,1.8012000000000001,6.44,0.1399999999999999,0.32999999999999985,3.0,1.4699999999999998,60.0,81.0,89.0,613.0,8.737094040000002,20.0,6.380000000000001,5.199999999999998e-22,0.9570000000000001,0.7999999999999998,0.002768749999999997,0.017449999999999993,1.25,0.34571874999999996,518.75,1023.6875,774.888888888889,47486.1875,11.484732370025231,65.21225,7.083218750000002,3.759999999999996e-44,0.13685525000000004,0.10999999999999997,25.0,296.0,"
    Formula: Co0.2 Cr0.2 Fe1 Mn0.6
    avg_Atomic_Radius: 1.581
    avg_Pauling_Electronegativity: 1.734
    avg_number_of_valence_electrons: 7.6
    avg_Cohesive_energy_ev_atom: 3.8649999999999998
    avg_Bulk_modulus_RT_Gpa: 155.0
    avg_Elastic_modulus_RT_Gpa: 213.70000000000002
    avg_Melting_point_(K): 1749.0500000000002
    avg_lattice_constant_A: 4.641
    avg_BEC_percm3: 5.432000000000001e-21
    avg_Av.Valence_bond_strength_ev: 1.8012000000000001
    avg_EngelZ_e/a: 6.44
    Temperature: 25.0
    "
B0.006 Co0.201 Cr0.201 Fe1 Mn0.604,1.5789463220675946,1.734582504970179,7.584990059642147,3.869299204771372,155.43737574552685,214.25447316103381,68.20093363101279,1750.5863817097418,-21.28872344,20.72727272727273,4.65970675944334,5.4275646123260445e-21,1.8039403578528828,6.430019880715705,0.7899999999999999,0.49,6.0,2.8899999999999997,200.0,202.0,89.0,835.0,8.737094040000002,20.0,6.380000000000001,1.6300000000000001e-21,1.4320000000000002,3.8,0.08458399999999999,0.029336,4.24,0.8465999999999998,4640.0,5761.039999999999,774.888888888889,85731.2,11.484732370025231,65.21225,8.824304000000001,3.5726400000000002e-43,0.23212424000000004,1.8303999999999998,25.0,282.0,"
    Formula: B0.006 Co0.201 Cr0.201 Fe1 Mn0.604
    avg_Atomic_Radius: 1.5789463220675946
    avg_Pauling_Electronegativity: 1.734582504970179
    avg_number_of_valence_electrons: 7.584990059642147
    avg_Cohesive_energy_ev_atom: 3.869299204771372
    avg_Bulk_modulus_RT_Gpa: 155.43737574552685
    avg_Elastic_modulus_RT_Gpa: 214.25447316103381
    avg_Melting_point_(K): 1750.5863817097418
    avg_lattice_constant_A: 4.65970675944334
    avg_BEC_percm3: 5.4275646123260445e-21
    avg_Av.Valence_bond_strength_ev: 1.8039403578528828
    avg_EngelZ_e/a: 6.430019880715705
    Temperature: 25.0
    "
B0.012 Co0.202 Cr0.202 Fe1 Mn0.607,1.5769006426099854,1.7352496292634703,7.5704399406821565,3.874018783984183,155.88729609490858,214.8106772120613,68.20093363101279,1752.2206870983691,-21.28872344,20.72727272727273,4.676109738012853,5.4231141868512125e-21,1.8068507167572916,6.419970341077608,0.7899999999999999,0.49,6.0,2.8899999999999997,200.0,202.0,89.0,835.0,8.737094040000002,20.0,6.380000000000001,1.6300000000000001e-21,1.4320000000000002,3.8,0.08458399999999999,0.029336,4.24,0.8465999999999998,4640.0,5761.039999999999,774.888888888889,85731.2,11.484732370025231,65.21225,8.824304000000001,3.5726400000000002e-43,0.23212424000000004,1.8303999999999998,25.0,306.0,"
    Formula: B0.012 Co0.202 Cr0.202 Fe1 Mn0.607
    avg_Atomic_Radius: 1.5769006426099854
    avg_Pauling_Electronegativity: 1.7352496292634703
    avg_number_of_valence_electrons: 7.5704399406821565
    avg_Cohesive_energy_ev_atom: 3.874018783984183
    avg_Bulk_modulus_RT_Gpa: 155.88729609490858
    avg_Elastic_modulus_RT_Gpa: 214.8106772120613
    avg_Melting_point_(K): 1752.2206870983691
    avg_lattice_constant_A: 4.676109738012853
    avg_BEC_percm3: 5.4231141868512125e-21
    avg_Av.Valence_bond_strength_ev: 1.8068507167572916
    avg_EngelZ_e/a: 6.419970341077608
    Temperature: 25.0
    "
B0.035 Co0.207 Cr0.207 Fe1 Mn0.621,1.5693333333333337,1.7375507246376813,7.515458937198068,3.8908695652173915,157.53623188405797,216.89565217391308,68.20093363101279,1758.2480676328505,-21.28872344,20.72727272727273,4.740082125603866,5.406468599033817e-21,1.817736231884058,6.382512077294686,0.7899999999999999,0.49,6.0,2.8899999999999997,200.0,202.0,89.0,835.0,8.737094040000002,20.0,6.380000000000001,1.6300000000000001e-21,1.4320000000000002,3.8,0.08458399999999999,0.029336,4.24,0.8465999999999998,4640.0,5761.039999999999,774.888888888889,85731.2,11.484732370025231,65.21225,8.824304000000001,3.5726400000000002e-43,0.23212424000000004,1.8303999999999998,25.0,452.0,"
    Formula: B0.035 Co0.207 Cr0.207 Fe1 Mn0.621
    avg_Atomic_Radius: 1.5693333333333337
    avg_Pauling_Electronegativity: 1.7375507246376813
    avg_number_of_valence_electrons: 7.515458937198068
    avg_Cohesive_energy_ev_atom: 3.8908695652173915
    avg_Bulk_modulus_RT_Gpa: 157.53623188405797
    avg_Elastic_modulus_RT_Gpa: 216.89565217391308
    avg_Melting_point_(K): 1758.2480676328505
    avg_lattice_constant_A: 4.740082125603866
    avg_BEC_percm3: 5.406468599033817e-21
    avg_Av.Valence_bond_strength_ev: 1.817736231884058
    avg_EngelZ_e/a: 6.382512077294686
    Temperature: 25.0
    "
Hf1 Ti1 Zr1,1.9666666666666668,1.3900000000000001,4.0,5.846666666666666,103.66666666666666,87.33333333333331,35.666666666666664,2186.15,-8.110613760333333,99.99999999999999,3.1266666666666665,1.923333333333333e-21,3.243,4.0,0.32000000000000006,0.24,0.0,1.5900000000000007,19.0,48.0,14.0,567.0,5.954497120999999,0.0,0.2799999999999998,5.200000000000002e-22,0.8449999999999998,0.0,0.02142222222222223,0.011399999999999999,0.0,0.5026888888888893,80.22222222222223,427.5555555555556,36.22222222222222,55442.0,6.101214732262689,0.0,0.01575555555555554,5.148888888888892e-44,0.1429846666666666,0.0,25.0,211.0,"
    Formula: Hf1 Ti1 Zr1
    avg_Atomic_Radius: 1.9666666666666668
    avg_Pauling_Electronegativity: 1.3900000000000001
    avg_number_of_valence_electrons: 4.0
    avg_Cohesive_energy_ev_atom: 5.846666666666666
    avg_Bulk_modulus_RT_Gpa: 103.66666666666666
    avg_Elastic_modulus_RT_Gpa: 87.33333333333331
    avg_Melting_point_(K): 2186.15
    avg_lattice_constant_A: 3.1266666666666665
    avg_BEC_percm3: 1.923333333333333e-21
    avg_Av.Valence_bond_strength_ev: 3.243
    avg_EngelZ_e/a: 4.0
    Temperature: 25.0
    "
Hf1 Sc1 Ti1 Zr1,1.935,1.3825,3.75,5.359999999999999,92.0,84.0,34.0,2093.15,-8.136319557750001,75.0,3.1725000000000003,1.7625000000000002e-21,3.20875,3.75,0.32000000000000006,0.24,1.0,2.5400000000000005,53.0,48.0,15.0,686.0,5.954497120999999,100.0,0.3599999999999999,9.600000000000002e-22,0.8449999999999998,1.0,0.019075000000000005,0.008718749999999999,0.1875,1.0875500000000005,468.5,354.0,35.5,67528.5,4.577893413259496,1875.0,0.018118749999999986,1.1621875000000003e-43,0.11075768749999997,0.1875,25.0,233.0,"
    Formula: Hf1 Sc1 Ti1 Zr1
    avg_Atomic_Radius: 1.935
    avg_Pauling_Electronegativity: 1.3825
    avg_number_of_valence_electrons: 3.75
    avg_Cohesive_energy_ev_atom: 5.359999999999999
    avg_Bulk_modulus_RT_Gpa: 92.0
    avg_Elastic_modulus_RT_Gpa: 84.0
    avg_Melting_point_(K): 2093.15
    avg_lattice_constant_A: 3.1725000000000003
    avg_BEC_percm3: 1.7625000000000002e-21
    avg_Av.Valence_bond_strength_ev: 3.20875
    avg_EngelZ_e/a: 3.75
    Temperature: 25.0
    "
Hf1 Ti1 Y1 Zr1,2.005,1.3475,3.75,5.4775,88.0,81.5,33.25,2088.65,-7.949978573249999,75.025,3.2575000000000003,1.6675000000000002e-21,3.067,3.75,0.3600000000000001,0.32000000000000006,1.0,2.0700000000000003,69.0,52.0,18.0,704.0,5.954497120999999,99.9,0.6999999999999997,1.3400000000000004e-21,1.2359999999999998,1.0,0.02047500000000001,0.013968750000000004,0.1875,0.7858687500000002,796.5,422.75,44.6875,70100.25,4.653322039184908,1871.2518750000002,0.06316874999999994,2.349687500000001e-43,0.20016649999999991,0.1875,25.0,241.0,"
    Formula: Hf1 Ti1 Y1 Zr1
    avg_Atomic_Radius: 2.005
    avg_Pauling_Electronegativity: 1.3475
    avg_number_of_valence_electrons: 3.75
    avg_Cohesive_energy_ev_atom: 5.4775
    avg_Bulk_modulus_RT_Gpa: 88.0
    avg_Elastic_modulus_RT_Gpa: 81.5
    avg_Melting_point_(K): 2088.65
    avg_lattice_constant_A: 3.2575000000000003
    avg_BEC_percm3: 1.6675000000000002e-21
    avg_Av.Valence_bond_strength_ev: 3.067
    avg_EngelZ_e/a: 3.75
    Temperature: 25.0
    "
Hf1 Sc1 Ti1 Y1 Zr1,1.972,1.35,3.6000000000000005,5.162000000000001,81.8,80.0,32.4,2033.7500000000002,-8.002670248600001,60.02,3.268,1.5900000000000002e-21,3.0747999999999998,3.6000000000000005,0.3600000000000001,0.32000000000000006,1.0,2.5400000000000005,69.0,52.0,18.0,704.0,5.954497120999999,100.0,0.6999999999999997,1.3400000000000004e-21,1.2359999999999998,1.0,0.020736000000000004,0.011200000000000002,0.24,1.0268560000000002,790.9599999999999,347.2,38.64,68136.24,3.7337632819526867,2397.6016,0.05097599999999995,2.120000000000001e-43,0.16037655999999995,0.24,25.0,256.0,"
    Formula: Hf1 Sc1 Ti1 Y1 Zr1
    avg_Atomic_Radius: 1.972
    avg_Pauling_Electronegativity: 1.35
    avg_number_of_valence_electrons: 3.6000000000000005
    avg_Cohesive_energy_ev_atom: 5.162000000000001
    avg_Bulk_modulus_RT_Gpa: 81.8
    avg_Elastic_modulus_RT_Gpa: 80.0
    avg_Melting_point_(K): 2033.7500000000002
    avg_lattice_constant_A: 3.268
    avg_BEC_percm3: 1.5900000000000002e-21
    avg_Av.Valence_bond_strength_ev: 3.0747999999999998
    avg_EngelZ_e/a: 3.6000000000000005
    Temperature: 25.0
    "
Al0.562 Co0.938 Cr0.312 Fe0.312 Ni1,1.4672087067861717,1.8140653008962868,7.841229193341869,4.186158770806658,158.2944942381562,188.30409731113957,71.19910371318821,1644.639756722151,-22.490372890064016,10.123495518565942,3.18325224071703,4.5493533930857876e-21,2.2767106274007682,5.308194622279129,0.48,0.2999999999999998,7.0,1.0500000000000003,104.0,209.0,89.0,1197.0,6.253642030000002,20.0,1.54,3.63e-21,0.6430000000000002,3.4000000000000004,0.026096,0.01453599999999999,6.16,0.14684,1544.96,4630.16,810.16,157301.60000000003,4.105762402460071,65.172,0.301304,1.8700800000000003e-42,0.047285600000000025,1.4944000000000002,25.0,305.4,"
    Formula: Al0.562 Co0.938 Cr0.312 Fe0.312 Ni1
    avg_Atomic_Radius: 1.4672087067861717
    avg_Pauling_Electronegativity: 1.8140653008962868
    avg_number_of_valence_electrons: 7.841229193341869
    avg_Cohesive_energy_ev_atom: 4.186158770806658
    avg_Bulk_modulus_RT_Gpa: 158.2944942381562
    avg_Elastic_modulus_RT_Gpa: 188.30409731113957
    avg_Melting_point_(K): 1644.639756722151
    avg_lattice_constant_A: 3.18325224071703
    avg_BEC_percm3: 4.5493533930857876e-21
    avg_Av.Valence_bond_strength_ev: 2.2767106274007682
    avg_EngelZ_e/a: 5.308194622279129
    Temperature: 25.0
    "
Al0.581 Co0.968 Cr0.323 Fe0.323 Mo0.032 Ni1,1.4712736287573598,1.8164363185621322,7.7995041834521235,4.209510381158971,158.7685156492098,189.58165478772855,70.64673070963744,1656.1620855283545,-22.2914322000564,11.072916021072205,3.179665323830183,4.538806941431671e-21,2.2975633715525254,5.313975828943292,0.72,0.55,7.0,3.43,154.0,259.0,95.0,1957.0,23.042646454,95.0,1.54,3.63e-21,2.58,3.4000000000000004,0.04601388888888888,0.032380555555555565,5.333333333333333,1.1348666666666667,2106.6666666666665,6397.222222222223,1092.222222222222,336791.4722222223,58.25648105340215,1110.398888888889,0.2511222222222222,1.6207472222222223e-42,0.7018846666666666,1.3022222222222224,25.0,357.3,"
    Formula: Al0.581 Co0.968 Cr0.323 Fe0.323 Mo0.032 Ni1
    avg_Atomic_Radius: 1.4712736287573598
    avg_Pauling_Electronegativity: 1.8164363185621322
    avg_number_of_valence_electrons: 7.7995041834521235
    avg_Cohesive_energy_ev_atom: 4.209510381158971
    avg_Bulk_modulus_RT_Gpa: 158.7685156492098
    avg_Elastic_modulus_RT_Gpa: 189.58165478772855
    avg_Melting_point_(K): 1656.1620855283545
    avg_lattice_constant_A: 3.179665323830183
    avg_BEC_percm3: 4.538806941431671e-21
    avg_Av.Valence_bond_strength_ev: 2.2975633715525254
    avg_EngelZ_e/a: 5.313975828943292
    Temperature: 25.0
    "
Al0.6 Co1 Cr0.333 Fe0.333 Mo0.067 Ni1,1.4754155415541552,1.819048904890489,7.75997599759976,4.233867386738674,159.28592859285928,190.8829882988299,70.06930693069307,1667.9519801980198,-22.085991751563757,12.035793579357938,3.1760576057605756,4.528388838883889e-21,2.319094509450945,5.31989198919892,0.72,0.55,7.0,3.43,154.0,259.0,95.0,1957.0,23.042646454,95.0,1.54,3.63e-21,2.58,3.4000000000000004,0.04601388888888888,0.032380555555555565,5.333333333333333,1.1348666666666667,2106.6666666666665,6397.222222222223,1092.222222222222,336791.4722222223,58.25648105340215,1110.398888888889,0.2511222222222222,1.6207472222222223e-42,0.7018846666666666,1.3022222222222224,25.0,362.6,"
    Formula: Al0.6 Co1 Cr0.333 Fe0.333 Mo0.067 Ni1
    avg_Atomic_Radius: 1.4754155415541552
    avg_Pauling_Electronegativity: 1.819048904890489
    avg_number_of_valence_electrons: 7.75997599759976
    avg_Cohesive_energy_ev_atom: 4.233867386738674
    avg_Bulk_modulus_RT_Gpa: 159.28592859285928
    avg_Elastic_modulus_RT_Gpa: 190.8829882988299
    avg_Melting_point_(K): 1667.9519801980198
    avg_lattice_constant_A: 3.1760576057605756
    avg_BEC_percm3: 4.528388838883889e-21
    avg_Av.Valence_bond_strength_ev: 2.319094509450945
    avg_EngelZ_e/a: 5.31989198919892
    Temperature: 25.0
    "
Al0.6 Co1 Cr0.333 Fe0.333 Mo0.1 Ni0.967,1.4794749474947493,1.8215241524152415,7.72037203720372,4.257431743174317,159.78097809780976,192.16021602160214,69.51485148514851,1679.4767326732674,-21.886838114296427,12.976387638763878,3.172394239423942,4.518289828982899e-21,2.3399558955895587,5.325832583258325,0.72,0.55,7.0,3.43,154.0,259.0,95.0,1957.0,23.042646454,95.0,1.54,3.63e-21,2.58,3.4000000000000004,0.04601388888888888,0.032380555555555565,5.333333333333333,1.1348666666666667,2106.6666666666665,6397.222222222223,1092.222222222222,336791.4722222223,58.25648105340215,1110.398888888889,0.2511222222222222,1.6207472222222223e-42,0.7018846666666666,1.3022222222222224,25.0,359.7,"
    Formula: Al0.6 Co1 Cr0.333 Fe0.333 Mo0.1 Ni0.967
    avg_Atomic_Radius: 1.4794749474947493
    avg_Pauling_Electronegativity: 1.8215241524152415
    avg_number_of_valence_electrons: 7.72037203720372
    avg_Cohesive_energy_ev_atom: 4.257431743174317
    avg_Bulk_modulus_RT_Gpa: 159.78097809780976
    avg_Elastic_modulus_RT_Gpa: 192.16021602160214
    avg_Melting_point_(K): 1679.4767326732674
    avg_lattice_constant_A: 3.172394239423942
    avg_BEC_percm3: 4.518289828982899e-21
    avg_Av.Valence_bond_strength_ev: 2.3399558955895587
    avg_EngelZ_e/a: 5.325832583258325
    Temperature: 25.0
    "
Co1 Cr1 Fe1 Mo0.149 Ni1,1.5697999517956134,1.8322101711255725,8.169197396963124,4.39290913473126,174.5649554109424,228.49385394070862,84.5938780429019,1895.211460592914,-22.87669743162786,14.292600626657027,2.95236201494336,5.136697999517957e-21,2.2658999758978067,5.95179561340082,0.4099999999999999,0.5000000000000002,4.0,2.7200000000000006,70.0,129.0,95.0,1164.0,23.042646454,95.0,1.0100000000000002,1.6000000000000005e-21,2.58,1.0,0.02206399999999999,0.02597600000000002,2.56,1.0276640000000001,584.0,2537.44,933.0400000000002,190805.44,69.89499589531107,1318.1256,0.11266400000000003,3.3702400000000013e-43,0.83897624,0.10239999999999998,25.0,210.0,"
    Formula: Co1 Cr1 Fe1 Mo0.149 Ni1
    avg_Atomic_Radius: 1.5697999517956134
    avg_Pauling_Electronegativity: 1.8322101711255725
    avg_number_of_valence_electrons: 8.169197396963124
    avg_Cohesive_energy_ev_atom: 4.39290913473126
    avg_Bulk_modulus_RT_Gpa: 174.5649554109424
    avg_Elastic_modulus_RT_Gpa: 228.49385394070862
    avg_Melting_point_(K): 1895.211460592914
    avg_lattice_constant_A: 2.95236201494336
    avg_BEC_percm3: 5.136697999517957e-21
    avg_Av.Valence_bond_strength_ev: 2.2658999758978067
    avg_EngelZ_e/a: 5.95179561340082
    Temperature: 25.0
    "
Co1 Cr1 Cu1 Ni1 Zn1,1.5080000000000002,1.8000000000000003,9.600000000000001,3.554,146.0,185.20000000000002,71.4,1534.67,-29.143176068000002,8.18,3.036,4.028000000000001e-21,2.4144,4.700000000000001,0.24,0.26,6.0,3.0900000000000003,110.0,171.0,72.0,1437.4,33.28561815,25.0,1.1,4.09e-21,0.6709999999999998,4.0,0.0069359999999999995,0.014119999999999999,4.24,1.328744,1664.0,3718.1600000000008,657.84,237294.5216,156.73577545829758,74.9776,0.20122400000000001,2.2468560000000003e-42,0.057137839999999995,2.3040000000000003,25.0,615.0,"
    Formula: Co1 Cr1 Cu1 Ni1 Zn1
    avg_Atomic_Radius: 1.5080000000000002
    avg_Pauling_Electronegativity: 1.8000000000000003
    avg_number_of_valence_electrons: 9.600000000000001
    avg_Cohesive_energy_ev_atom: 3.554
    avg_Bulk_modulus_RT_Gpa: 146.0
    avg_Elastic_modulus_RT_Gpa: 185.20000000000002
    avg_Melting_point_(K): 1534.67
    avg_lattice_constant_A: 3.036
    avg_BEC_percm3: 4.028000000000001e-21
    avg_Av.Valence_bond_strength_ev: 2.4144
    avg_EngelZ_e/a: 4.700000000000001
    Temperature: 25.0
    "
Hf1 Nb1 Ta1 Ti1 Zr1,1.9760000000000004,1.4540000000000002,4.3999999999999995,6.642,136.2,110.60000000000002,42.800000000000004,2513.7500000000005,-7.821545883,100.0,3.1980000000000004,2.2440000000000002e-21,3.6652000000000005,4.3999999999999995,0.32000000000000006,0.30000000000000004,1.0,3.25,109.0,118.0,39.0,1336.0,5.954497120999999,0.0,0.3599999999999999,1.0300000000000001e-21,1.6949999999999998,1.0,0.013024000000000004,0.013984,0.24000000000000005,1.2785360000000001,1725.7599999999998,1724.64,194.16000000000003,222126.24,4.470225168936082,0.0,0.01709599999999998,1.85384e-43,0.39581095999999993,0.24000000000000005,25.0,359.0,"
    Formula: Hf1 Nb1 Ta1 Ti1 Zr1
    avg_Atomic_Radius: 1.9760000000000004
    avg_Pauling_Electronegativity: 1.4540000000000002
    avg_number_of_valence_electrons: 4.3999999999999995
    avg_Cohesive_energy_ev_atom: 6.642
    avg_Bulk_modulus_RT_Gpa: 136.2
    avg_Elastic_modulus_RT_Gpa: 110.60000000000002
    avg_Melting_point_(K): 2513.7500000000005
    avg_lattice_constant_A: 3.1980000000000004
    avg_BEC_percm3: 2.2440000000000002e-21
    avg_Av.Valence_bond_strength_ev: 3.6652000000000005
    avg_EngelZ_e/a: 4.3999999999999995
    Temperature: 25.0
    "
Nb1 Ta1 Ti1 Zr1,1.9500000000000002,1.4925000000000002,4.5,6.6925,142.75,118.75,46.0,2517.15,-8.416156524,100.0,3.1975,2.3525000000000003e-21,3.6377499999999996,4.5,0.30000000000000004,0.27,1.0,3.25,109.0,118.0,36.0,1336.0,5.317475142,0.0,0.3599999999999999,1.0300000000000001e-21,1.6949999999999998,1.0,0.012900000000000002,0.010068750000000001,0.25,1.58541875,1942.6875,1823.6875,191.5,277600.0,3.819972389217949,0.0,0.02136874999999997,1.7286875e-43,0.4909961874999999,0.25,25.0,358.0,"
    Formula: Nb1 Ta1 Ti1 Zr1
    avg_Atomic_Radius: 1.9500000000000002
    avg_Pauling_Electronegativity: 1.4925000000000002
    avg_number_of_valence_electrons: 4.5
    avg_Cohesive_energy_ev_atom: 6.6925
    avg_Bulk_modulus_RT_Gpa: 142.75
    avg_Elastic_modulus_RT_Gpa: 118.75
    avg_Melting_point_(K): 2517.15
    avg_lattice_constant_A: 3.1975
    avg_BEC_percm3: 2.3525000000000003e-21
    avg_Av.Valence_bond_strength_ev: 3.6377499999999996
    avg_EngelZ_e/a: 4.5
    Temperature: 25.0
    "
Nb1 Ta1 Ti1,1.9133333333333333,1.5466666666666664,4.666666666666666,6.839999999999999,159.99999999999997,135.66666666666666,50.33333333333333,2647.8166666666666,-8.724496191333333,99.99999999999999,3.1866666666666665,2.563333333333333e-21,3.842333333333333,4.666666666666666,0.24,0.10000000000000009,1.0,3.25,90.0,81.0,31.0,1336.0,5.317475142,0.0,0.3599999999999999,5.099999999999999e-22,1.6949999999999998,1.0,0.01182222222222222,0.001688888888888892,0.22222222222222224,2.026866666666667,1400.0,1286.888888888889,180.22222222222226,301838.22222222225,4.7130031171523425,0.0,0.028022222222222185,5.268888888888886e-44,0.48724422222222213,0.22222222222222224,25.0,246.0,"
    Formula: Nb1 Ta1 Ti1
    avg_Atomic_Radius: 1.9133333333333333
    avg_Pauling_Electronegativity: 1.5466666666666664
    avg_number_of_valence_electrons: 4.666666666666666
    avg_Cohesive_energy_ev_atom: 6.839999999999999
    avg_Bulk_modulus_RT_Gpa: 159.99999999999997
    avg_Elastic_modulus_RT_Gpa: 135.66666666666666
    avg_Melting_point_(K): 2647.8166666666666
    avg_lattice_constant_A: 3.1866666666666665
    avg_BEC_percm3: 2.563333333333333e-21
    avg_Av.Valence_bond_strength_ev: 3.842333333333333
    avg_EngelZ_e/a: 4.666666666666666
    Temperature: 25.0
    "
Ta1 Ti1 Zr1,1.94,1.4566666666666666,4.333333333333333,6.3999999999999995,133.66666666666666,123.33333333333331,48.666666666666664,2442.483333333333,-9.194833599333332,99.99999999999999,3.1633333333333336,2.22e-21,3.526333333333333,4.333333333333333,0.30000000000000004,0.20999999999999996,1.0,3.25,109.0,118.0,36.0,1336.0,3.906462918,0.0,0.3599999999999999,9.8e-22,1.6949999999999998,1.0,0.016800000000000006,0.008288888888888886,0.22222222222222224,1.7716666666666667,2260.222222222222,2347.5555555555557,226.88888888888889,347832.8888888889,2.66794456835857,0.0,0.023822222222222203,1.6026666666666666e-43,0.6050068888888888,0.22222222222222224,25.0,485.0,"
    Formula: Ta1 Ti1 Zr1
    avg_Atomic_Radius: 1.94
    avg_Pauling_Electronegativity: 1.4566666666666666
    avg_number_of_valence_electrons: 4.333333333333333
    avg_Cohesive_energy_ev_atom: 6.3999999999999995
    avg_Bulk_modulus_RT_Gpa: 133.66666666666666
    avg_Elastic_modulus_RT_Gpa: 123.33333333333331
    avg_Melting_point_(K): 2442.483333333333
    avg_lattice_constant_A: 3.1633333333333336
    avg_BEC_percm3: 2.22e-21
    avg_Av.Valence_bond_strength_ev: 3.526333333333333
    avg_EngelZ_e/a: 4.333333333333333
    Temperature: 25.0
    "
Nb1 Ti1 Zr1,1.9333333333333331,1.49,4.333333333333333,6.223333333333333,123.66666666666666,96.33333333333331,38.33333333333333,2266.483333333333,-8.322954419999999,99.99999999999999,3.1599999999999997,2.2366666666666668e-21,3.3086666666666664,4.333333333333333,0.30000000000000004,0.27,1.0,2.7200000000000006,79.0,48.0,11.0,808.0,5.317475142,0.0,0.34999999999999964,1.0300000000000001e-21,1.0419999999999998,1.0,0.016088888888888892,0.0134,0.22222222222222224,1.2334222222222226,1133.5555555555554,421.5555555555555,20.222222222222225,118798.2222222222,5.058549990197158,0.0,0.022866666666666622,1.7682222222222226e-43,0.22147822222222216,0.22222222222222224,25.0,295.0,"
    Formula: Nb1 Ti1 Zr1
    avg_Atomic_Radius: 1.9333333333333331
    avg_Pauling_Electronegativity: 1.49
    avg_number_of_valence_electrons: 4.333333333333333
    avg_Cohesive_energy_ev_atom: 6.223333333333333
    avg_Bulk_modulus_RT_Gpa: 123.66666666666666
    avg_Elastic_modulus_RT_Gpa: 96.33333333333331
    avg_Melting_point_(K): 2266.483333333333
    avg_lattice_constant_A: 3.1599999999999997
    avg_BEC_percm3: 2.2366666666666668e-21
    avg_Av.Valence_bond_strength_ev: 3.3086666666666664
    avg_EngelZ_e/a: 4.333333333333333
    Temperature: 25.0
    "
Nb1 Ta0.667 Ti0.667 Zr0.333,1.939970003749531,1.5262729658792649,4.625046869141357,6.85748031496063,152.63329583802025,123.38882639670041,46.6291713535808,2594.2103674540676,-8.240325233565054,100.0,3.2062279715035618,2.481342332208474e-21,3.756346831646044,4.625046869141357,0.30000000000000004,0.27,1.0,3.25,109.0,118.0,36.0,1336.0,5.317475142,0.0,0.3599999999999999,1.0300000000000001e-21,1.6949999999999998,1.0,0.012900000000000002,0.010068750000000001,0.25,1.58541875,1942.6875,1823.6875,191.5,277600.0,3.819972389217949,0.0,0.02136874999999997,1.7286875e-43,0.4909961874999999,0.25,25.0,294.0,"
    Formula: Nb1 Ta0.667 Ti0.667 Zr0.333
    avg_Atomic_Radius: 1.939970003749531
    avg_Pauling_Electronegativity: 1.5262729658792649
    avg_number_of_valence_electrons: 4.625046869141357
    avg_Cohesive_energy_ev_atom: 6.85748031496063
    avg_Bulk_modulus_RT_Gpa: 152.63329583802025
    avg_Elastic_modulus_RT_Gpa: 123.38882639670041
    avg_Melting_point_(K): 2594.2103674540676
    avg_lattice_constant_A: 3.2062279715035618
    avg_BEC_percm3: 2.481342332208474e-21
    avg_Av.Valence_bond_strength_ev: 3.756346831646044
    avg_EngelZ_e/a: 4.625046869141357
    Temperature: 25.0
    "
Nb0.333 Ta0.667 Ti0.667 Zr1,1.9599775028121487,1.4587476565429323,4.374953130858643,6.527356580427448,132.87589051368582,114.13535808023998,45.378702662167235,2440.152624671916,-8.593210555427822,100.00000000000001,3.1887214098237724,2.2237457817772783e-21,3.519257967754031,4.374953130858643,0.30000000000000004,0.27,1.0,3.25,109.0,118.0,36.0,1336.0,5.317475142,0.0,0.3599999999999999,1.0300000000000001e-21,1.6949999999999998,1.0,0.012900000000000002,0.010068750000000001,0.25,1.58541875,1942.6875,1823.6875,191.5,277600.0,3.819972389217949,0.0,0.02136874999999997,1.7286875e-43,0.4909961874999999,0.25,25.0,489.0,"
    Formula: Nb0.333 Ta0.667 Ti0.667 Zr1
    avg_Atomic_Radius: 1.9599775028121487
    avg_Pauling_Electronegativity: 1.4587476565429323
    avg_number_of_valence_electrons: 4.374953130858643
    avg_Cohesive_energy_ev_atom: 6.527356580427448
    avg_Bulk_modulus_RT_Gpa: 132.87589051368582
    avg_Elastic_modulus_RT_Gpa: 114.13535808023998
    avg_Melting_point_(K): 2440.152624671916
    avg_lattice_constant_A: 3.1887214098237724
    avg_BEC_percm3: 2.2237457817772783e-21
    avg_Av.Valence_bond_strength_ev: 3.519257967754031
    avg_EngelZ_e/a: 4.374953130858643
    Temperature: 25.0
    "
Al0.774 Fe1 Mn0.903 Ni0.484,1.4705188231572288,1.7083929136349256,6.7962670041126225,3.6980639038279026,134.2309395760835,171.07687440683327,68.20093363101279,1498.2129547611517,-21.28872344,20.72727272727273,4.9781872825055355,4.496633976589687e-21,1.9511746282821891,5.528630180322683,0.43000000000000016,0.3599999999999999,7.0,1.5200000000000005,104.0,141.0,89.0,875.0000000000001,8.737094040000002,20.0,6.0200000000000005,3.75e-21,1.0970000000000002,3.8,0.02795000000000002,0.022274999999999986,6.5,0.3938187500000002,1736.75,3341.1875,774.888888888889,116913.50000000003,11.484732370025231,65.21225,5.662418750000001,2.3364187500000004e-42,0.18343325000000002,2.18,25.0,310.0,"
    Formula: Al0.774 Fe1 Mn0.903 Ni0.484
    avg_Atomic_Radius: 1.4705188231572288
    avg_Pauling_Electronegativity: 1.7083929136349256
    avg_number_of_valence_electrons: 6.7962670041126225
    avg_Cohesive_energy_ev_atom: 3.6980639038279026
    avg_Bulk_modulus_RT_Gpa: 134.2309395760835
    avg_Elastic_modulus_RT_Gpa: 171.07687440683327
    avg_Melting_point_(K): 1498.2129547611517
    avg_lattice_constant_A: 4.9781872825055355
    avg_BEC_percm3: 4.496633976589687e-21
    avg_Av.Valence_bond_strength_ev: 1.9511746282821891
    avg_EngelZ_e/a: 5.528630180322683
    Temperature: 25.0
    "
Al0.774 Fe1 Mn0.903 Ni0.484 Ti0.026,1.472880451835582,1.7070191402572956,6.773454659554441,3.707461562598055,134.0332601192344,170.62754941951678,68.20093363101279,1501.76123313461,-21.28872344,20.72727272727273,4.961641041732037,4.4782240351427686e-21,1.9591600251019767,5.516159397552558,0.5800000000000001,0.3699999999999999,7.0,1.9299999999999997,104.0,141.0,89.0,1000.0000000000001,8.737094040000002,20.0,6.0200000000000005,3.75e-21,1.5330000000000001,3.8,0.036760000000000015,0.02329599999999999,6.640000000000001,0.506024,1501.76,3135.2,774.888888888889,124085.84000000004,11.484732370025231,65.21225,5.096944000000001,2.6277760000000002e-42,0.2802637600000001,2.0576000000000003,25.0,330.0,"
    Formula: Al0.774 Fe1 Mn0.903 Ni0.484 Ti0.026
    avg_Atomic_Radius: 1.472880451835582
    avg_Pauling_Electronegativity: 1.7070191402572956
    avg_number_of_valence_electrons: 6.773454659554441
    avg_Cohesive_energy_ev_atom: 3.707461562598055
    avg_Bulk_modulus_RT_Gpa: 134.0332601192344
    avg_Elastic_modulus_RT_Gpa: 170.62754941951678
    avg_Melting_point_(K): 1501.76123313461
    avg_lattice_constant_A: 4.961641041732037
    avg_BEC_percm3: 4.4782240351427686e-21
    avg_Av.Valence_bond_strength_ev: 1.9591600251019767
    avg_EngelZ_e/a: 5.516159397552558
    Temperature: 25.0
    "
Al0.774 Fe1 Mn0.903 Ni0.484 Ti0.097,1.4791375076734192,1.7033793738489873,6.713014119091467,3.7323603437691837,133.50951503990177,169.43707796193982,68.20093363101279,1511.1622774708412,-21.28872344,20.72727272727273,4.91780233271946,4.429447513812155e-21,1.9803170656844689,5.483118477593616,0.5800000000000001,0.3699999999999999,7.0,1.9299999999999997,104.0,141.0,89.0,1000.0000000000001,8.737094040000002,20.0,6.0200000000000005,3.75e-21,1.5330000000000001,3.8,0.036760000000000015,0.02329599999999999,6.640000000000001,0.506024,1501.76,3135.2,774.888888888889,124085.84000000004,11.484732370025231,65.21225,5.096944000000001,2.6277760000000002e-42,0.2802637600000001,2.0576000000000003,25.0,500.0,"
    Formula: Al0.774 Fe1 Mn0.903 Ni0.484 Ti0.097
    avg_Atomic_Radius: 1.4791375076734192
    avg_Pauling_Electronegativity: 1.7033793738489873
    avg_number_of_valence_electrons: 6.713014119091467
    avg_Cohesive_energy_ev_atom: 3.7323603437691837
    avg_Bulk_modulus_RT_Gpa: 133.50951503990177
    avg_Elastic_modulus_RT_Gpa: 169.43707796193982
    avg_Melting_point_(K): 1511.1622774708412
    avg_lattice_constant_A: 4.91780233271946
    avg_BEC_percm3: 4.429447513812155e-21
    avg_Av.Valence_bond_strength_ev: 1.9803170656844689
    avg_EngelZ_e/a: 5.483118477593616
    Temperature: 25.0
    "
Al0.774 Fe1 Mn0.903 Ni0.484,1.4705188231572288,1.7083929136349256,6.7962670041126225,3.6980639038279026,134.2309395760835,171.07687440683327,68.20093363101279,1498.2129547611517,-21.28872344,20.72727272727273,4.9781872825055355,4.496633976589687e-21,1.9511746282821891,5.528630180322683,0.43000000000000016,0.3599999999999999,7.0,1.5200000000000005,104.0,141.0,89.0,875.0000000000001,8.737094040000002,20.0,6.0200000000000005,3.75e-21,1.0970000000000002,3.8,0.02795000000000002,0.022274999999999986,6.5,0.3938187500000002,1736.75,3341.1875,774.888888888889,116913.50000000003,11.484732370025231,65.21225,5.662418750000001,2.3364187500000004e-42,0.18343325000000002,2.18,25.0,340.0,"
    Formula: Al0.774 Fe1 Mn0.903 Ni0.484
    avg_Atomic_Radius: 1.4705188231572288
    avg_Pauling_Electronegativity: 1.7083929136349256
    avg_number_of_valence_electrons: 6.7962670041126225
    avg_Cohesive_energy_ev_atom: 3.6980639038279026
    avg_Bulk_modulus_RT_Gpa: 134.2309395760835
    avg_Elastic_modulus_RT_Gpa: 171.07687440683327
    avg_Melting_point_(K): 1498.2129547611517
    avg_lattice_constant_A: 4.9781872825055355
    avg_BEC_percm3: 4.496633976589687e-21
    avg_Av.Valence_bond_strength_ev: 1.9511746282821891
    avg_EngelZ_e/a: 5.528630180322683
    Temperature: 25.0
    "
Al0.774 Fe1 Mn0.903 Ni0.484 Ti0.026,1.472880451835582,1.7070191402572956,6.773454659554441,3.707461562598055,134.0332601192344,170.62754941951678,68.20093363101279,1501.76123313461,-21.28872344,20.72727272727273,4.961641041732037,4.4782240351427686e-21,1.9591600251019767,5.516159397552558,0.5800000000000001,0.3699999999999999,7.0,1.9299999999999997,104.0,141.0,89.0,1000.0000000000001,8.737094040000002,20.0,6.0200000000000005,3.75e-21,1.5330000000000001,3.8,0.036760000000000015,0.02329599999999999,6.640000000000001,0.506024,1501.76,3135.2,774.888888888889,124085.84000000004,11.484732370025231,65.21225,5.096944000000001,2.6277760000000002e-42,0.2802637600000001,2.0576000000000003,25.0,410.0,"
    Formula: Al0.774 Fe1 Mn0.903 Ni0.484 Ti0.026
    avg_Atomic_Radius: 1.472880451835582
    avg_Pauling_Electronegativity: 1.7070191402572956
    avg_number_of_valence_electrons: 6.773454659554441
    avg_Cohesive_energy_ev_atom: 3.707461562598055
    avg_Bulk_modulus_RT_Gpa: 134.0332601192344
    avg_Elastic_modulus_RT_Gpa: 170.62754941951678
    avg_Melting_point_(K): 1501.76123313461
    avg_lattice_constant_A: 4.961641041732037
    avg_BEC_percm3: 4.4782240351427686e-21
    avg_Av.Valence_bond_strength_ev: 1.9591600251019767
    avg_EngelZ_e/a: 5.516159397552558
    Temperature: 25.0
    "
Al0.774 Fe1 Mn0.903 Ni0.484 Ti0.097,1.4791375076734192,1.7033793738489873,6.713014119091467,3.7323603437691837,133.50951503990177,169.43707796193982,68.20093363101279,1511.1622774708412,-21.28872344,20.72727272727273,4.91780233271946,4.429447513812155e-21,1.9803170656844689,5.483118477593616,0.5800000000000001,0.3699999999999999,7.0,1.9299999999999997,104.0,141.0,89.0,1000.0000000000001,8.737094040000002,20.0,6.0200000000000005,3.75e-21,1.5330000000000001,3.8,0.036760000000000015,0.02329599999999999,6.640000000000001,0.506024,1501.76,3135.2,774.888888888889,124085.84000000004,11.484732370025231,65.21225,5.096944000000001,2.6277760000000002e-42,0.2802637600000001,2.0576000000000003,25.0,495.0,"
    Formula: Al0.774 Fe1 Mn0.903 Ni0.484 Ti0.097
    avg_Atomic_Radius: 1.4791375076734192
    avg_Pauling_Electronegativity: 1.7033793738489873
    avg_number_of_valence_electrons: 6.713014119091467
    avg_Cohesive_energy_ev_atom: 3.7323603437691837
    avg_Bulk_modulus_RT_Gpa: 133.50951503990177
    avg_Elastic_modulus_RT_Gpa: 169.43707796193982
    avg_Melting_point_(K): 1511.1622774708412
    avg_lattice_constant_A: 4.91780233271946
    avg_BEC_percm3: 4.429447513812155e-21
    avg_Av.Valence_bond_strength_ev: 1.9803170656844689
    avg_EngelZ_e/a: 5.483118477593616
    Temperature: 25.0
    "
Al0.774 Fe1 Mn0.903 Ni0.484,1.4705188231572288,1.7083929136349256,6.7962670041126225,3.6980639038279026,134.2309395760835,171.07687440683327,68.20093363101279,1498.2129547611517,-21.28872344,20.72727272727273,4.9781872825055355,4.496633976589687e-21,1.9511746282821891,5.528630180322683,0.43000000000000016,0.3599999999999999,7.0,1.5200000000000005,104.0,141.0,89.0,875.0000000000001,8.737094040000002,20.0,6.0200000000000005,3.75e-21,1.0970000000000002,3.8,0.02795000000000002,0.022274999999999986,6.5,0.3938187500000002,1736.75,3341.1875,774.888888888889,116913.50000000003,11.484732370025231,65.21225,5.662418750000001,2.3364187500000004e-42,0.18343325000000002,2.18,25.0,330.0,"
    Formula: Al0.774 Fe1 Mn0.903 Ni0.484
    avg_Atomic_Radius: 1.4705188231572288
    avg_Pauling_Electronegativity: 1.7083929136349256
    avg_number_of_valence_electrons: 6.7962670041126225
    avg_Cohesive_energy_ev_atom: 3.6980639038279026
    avg_Bulk_modulus_RT_Gpa: 134.2309395760835
    avg_Elastic_modulus_RT_Gpa: 171.07687440683327
    avg_Melting_point_(K): 1498.2129547611517
    avg_lattice_constant_A: 4.9781872825055355
    avg_BEC_percm3: 4.496633976589687e-21
    avg_Av.Valence_bond_strength_ev: 1.9511746282821891
    avg_EngelZ_e/a: 5.528630180322683
    Temperature: 25.0
    "
Al0.774 Fe1 Mn0.903 Ni0.484 Ti0.026,1.472880451835582,1.7070191402572956,6.773454659554441,3.707461562598055,134.0332601192344,170.62754941951678,68.20093363101279,1501.76123313461,-21.28872344,20.72727272727273,4.961641041732037,4.4782240351427686e-21,1.9591600251019767,5.516159397552558,0.5800000000000001,0.3699999999999999,7.0,1.9299999999999997,104.0,141.0,89.0,1000.0000000000001,8.737094040000002,20.0,6.0200000000000005,3.75e-21,1.5330000000000001,3.8,0.036760000000000015,0.02329599999999999,6.640000000000001,0.506024,1501.76,3135.2,774.888888888889,124085.84000000004,11.484732370025231,65.21225,5.096944000000001,2.6277760000000002e-42,0.2802637600000001,2.0576000000000003,25.0,330.0,"
    Formula: Al0.774 Fe1 Mn0.903 Ni0.484 Ti0.026
    avg_Atomic_Radius: 1.472880451835582
    avg_Pauling_Electronegativity: 1.7070191402572956
    avg_number_of_valence_electrons: 6.773454659554441
    avg_Cohesive_energy_ev_atom: 3.707461562598055
    avg_Bulk_modulus_RT_Gpa: 134.0332601192344
    avg_Elastic_modulus_RT_Gpa: 170.62754941951678
    avg_Melting_point_(K): 1501.76123313461
    avg_lattice_constant_A: 4.961641041732037
    avg_BEC_percm3: 4.4782240351427686e-21
    avg_Av.Valence_bond_strength_ev: 1.9591600251019767
    avg_EngelZ_e/a: 5.516159397552558
    Temperature: 25.0
    "
Al0.774 Fe1 Mn0.903 Ni0.484 Ti0.097,1.4791375076734192,1.7033793738489873,6.713014119091467,3.7323603437691837,133.50951503990177,169.43707796193982,68.20093363101279,1511.1622774708412,-21.28872344,20.72727272727273,4.91780233271946,4.429447513812155e-21,1.9803170656844689,5.483118477593616,0.5800000000000001,0.3699999999999999,7.0,1.9299999999999997,104.0,141.0,89.0,1000.0000000000001,8.737094040000002,20.0,6.0200000000000005,3.75e-21,1.5330000000000001,3.8,0.036760000000000015,0.02329599999999999,6.640000000000001,0.506024,1501.76,3135.2,774.888888888889,124085.84000000004,11.484732370025231,65.21225,5.096944000000001,2.6277760000000002e-42,0.2802637600000001,2.0576000000000003,25.0,490.0,"
    Formula: Al0.774 Fe1 Mn0.903 Ni0.484 Ti0.097
    avg_Atomic_Radius: 1.4791375076734192
    avg_Pauling_Electronegativity: 1.7033793738489873
    avg_number_of_valence_electrons: 6.713014119091467
    avg_Cohesive_energy_ev_atom: 3.7323603437691837
    avg_Bulk_modulus_RT_Gpa: 133.50951503990177
    avg_Elastic_modulus_RT_Gpa: 169.43707796193982
    avg_Melting_point_(K): 1511.1622774708412
    avg_lattice_constant_A: 4.91780233271946
    avg_BEC_percm3: 4.429447513812155e-21
    avg_Av.Valence_bond_strength_ev: 1.9803170656844689
    avg_EngelZ_e/a: 5.483118477593616
    Temperature: 25.0
    "
Co1 Cr1 Fe1 Mn1 Ni1,1.5680000000000003,1.766,8.0,4.026000000000001,162.0,219.4,68.20093363101279,1789.9500000000003,-21.28872344,20.72727272727273,4.134,5.260000000000002e-21,2.0276,6.120000000000001,0.16999999999999993,0.3599999999999999,4.0,1.5200000000000005,60.0,81.0,89.0,613.0,8.737094040000002,20.0,6.380000000000001,6.999999999999999e-22,0.9570000000000001,1.3999999999999995,0.0037359999999999984,0.019143999999999994,2.0,0.31942400000000004,496.0,913.0400000000002,774.888888888889,39006.56000000001,11.484732370025231,65.21225,5.760824000000001,7.007999999999996e-44,0.13144744000000003,0.21759999999999988,25.0,435.0,"
    Formula: Co1 Cr1 Fe1 Mn1 Ni1
    avg_Atomic_Radius: 1.5680000000000003
    avg_Pauling_Electronegativity: 1.766
    avg_number_of_valence_electrons: 8.0
    avg_Cohesive_energy_ev_atom: 4.026000000000001
    avg_Bulk_modulus_RT_Gpa: 162.0
    avg_Elastic_modulus_RT_Gpa: 219.4
    avg_Melting_point_(K): 1789.9500000000003
    avg_lattice_constant_A: 4.134
    avg_BEC_percm3: 5.260000000000002e-21
    avg_Av.Valence_bond_strength_ev: 2.0276
    avg_EngelZ_e/a: 6.120000000000001
    Temperature: 25.0
    "
Al0.5 Cr1 Cu1 Fe1 Ni1,1.5,1.801111111111111,8.11111111111111,4.001111111111111,152.88888888888889,190.0,74.22222222222221,1663.8166666666666,-22.88331568,12.11111111111111,3.312222222222222,4.3944444444444445e-21,2.2388888888888885,5.2,0.48,0.2999999999999998,8.0,1.0500000000000003,104.0,209.0,89.0,1197.0,6.253642030000002,20.0,1.1799999999999997,3.63e-21,0.6430000000000002,3.4000000000000004,0.025816000000000006,0.015415999999999989,8.24,0.17924,1372.16,5148.4,924.64,168804.64,4.864243370591835,64.2864,0.20626399999999992,1.7638640000000006e-42,0.047278640000000025,1.5856000000000006,25.0,226.0,"
    Formula: Al0.5 Cr1 Cu1 Fe1 Ni1
    avg_Atomic_Radius: 1.5
    avg_Pauling_Electronegativity: 1.801111111111111
    avg_number_of_valence_electrons: 8.11111111111111
    avg_Cohesive_energy_ev_atom: 4.001111111111111
    avg_Bulk_modulus_RT_Gpa: 152.88888888888889
    avg_Elastic_modulus_RT_Gpa: 190.0
    avg_Melting_point_(K): 1663.8166666666666
    avg_lattice_constant_A: 3.312222222222222
    avg_BEC_percm3: 4.3944444444444445e-21
    avg_Av.Valence_bond_strength_ev: 2.2388888888888885
    avg_EngelZ_e/a: 5.2
    Temperature: 25.0
    "
Al0.5 Cr1 Cu1 Fe1 Ni1,1.5,1.801111111111111,8.11111111111111,4.001111111111111,152.88888888888889,190.0,74.22222222222221,1663.8166666666666,-22.88331568,12.11111111111111,3.312222222222222,4.3944444444444445e-21,2.2388888888888885,5.2,0.48,0.2999999999999998,8.0,1.0500000000000003,104.0,209.0,89.0,1197.0,6.253642030000002,20.0,1.1799999999999997,3.63e-21,0.6430000000000002,3.4000000000000004,0.025816000000000006,0.015415999999999989,8.24,0.17924,1372.16,5148.4,924.64,168804.64,4.864243370591835,64.2864,0.20626399999999992,1.7638640000000006e-42,0.047278640000000025,1.5856000000000006,25.0,287.0,"
    Formula: Al0.5 Cr1 Cu1 Fe1 Ni1
    avg_Atomic_Radius: 1.5
    avg_Pauling_Electronegativity: 1.801111111111111
    avg_number_of_valence_electrons: 8.11111111111111
    avg_Cohesive_energy_ev_atom: 4.001111111111111
    avg_Bulk_modulus_RT_Gpa: 152.88888888888889
    avg_Elastic_modulus_RT_Gpa: 190.0
    avg_Melting_point_(K): 1663.8166666666666
    avg_lattice_constant_A: 3.312222222222222
    avg_BEC_percm3: 4.3944444444444445e-21
    avg_Av.Valence_bond_strength_ev: 2.2388888888888885
    avg_EngelZ_e/a: 5.2
    Temperature: 25.0
    "
C0.111 Co1 Cr1 Fe1 Ni1 W0.111,1.543960208432023,1.8533893889152062,8.07910942681194,4.504019422074847,172.44741828517294,224.46342965419234,86.9605637138797,1952.9811226906681,-22.863426206847233,13.282141165324493,2.9670843202273804,5.198145428706775e-21,2.3318872572240648,5.90004737091426,1.2599999999999998,0.8899999999999999,6.0,4.800000000000001,277.0,383.4,149.5,1957.0,24.766342801,95.0,1.06,3.2900000000000006e-21,3.292,2.4000000000000004,0.14978055555555556,0.0988472222222222,4.138888888888888,3.4704333333333337,6440.138888888888,12921.688888888888,2041.6458333333333,739958.138888889,68.61067340484823,1176.3188888888888,0.1414916666666667,9.555472222222226e-43,1.7644651388888886,0.6188888888888888,25.0,475.0,"
    Formula: C0.111 Co1 Cr1 Fe1 Ni1 W0.111
    avg_Atomic_Radius: 1.543960208432023
    avg_Pauling_Electronegativity: 1.8533893889152062
    avg_number_of_valence_electrons: 8.07910942681194
    avg_Cohesive_energy_ev_atom: 4.504019422074847
    avg_Bulk_modulus_RT_Gpa: 172.44741828517294
    avg_Elastic_modulus_RT_Gpa: 224.46342965419234
    avg_Melting_point_(K): 1952.9811226906681
    avg_lattice_constant_A: 2.9670843202273804
    avg_BEC_percm3: 5.198145428706775e-21
    avg_Av.Valence_bond_strength_ev: 2.3318872572240648
    avg_EngelZ_e/a: 5.90004737091426
    Temperature: 25.0
    "
C0.429 Co1 Cr1 Fe1 Ni1 W0.429,1.512021407986826,1.9321510909839439,7.6759983532317815,4.9793804034582125,172.32338410868667,223.7874433923425,86.86753808151502,2176.676759983532,-21.08363877994051,18.42955948950185,3.0191786743515845,5.229153972828326e-21,2.6777875668999584,5.782214903252367,1.2599999999999998,0.8899999999999999,6.0,4.800000000000001,277.0,383.4,149.5,1957.0,24.766342801,95.0,1.06,3.2900000000000006e-21,3.292,2.4000000000000004,0.14978055555555556,0.0988472222222222,4.138888888888888,3.4704333333333337,6440.138888888888,12921.688888888888,2041.6458333333333,739958.138888889,68.61067340484823,1176.3188888888888,0.1414916666666667,9.555472222222226e-43,1.7644651388888886,0.6188888888888888,25.0,531.0,"
    Formula: C0.429 Co1 Cr1 Fe1 Ni1 W0.429
    avg_Atomic_Radius: 1.512021407986826
    avg_Pauling_Electronegativity: 1.9321510909839439
    avg_number_of_valence_electrons: 7.6759983532317815
    avg_Cohesive_energy_ev_atom: 4.9793804034582125
    avg_Bulk_modulus_RT_Gpa: 172.32338410868667
    avg_Elastic_modulus_RT_Gpa: 223.7874433923425
    avg_Melting_point_(K): 2176.676759983532
    avg_lattice_constant_A: 3.0191786743515845
    avg_BEC_percm3: 5.229153972828326e-21
    avg_Av.Valence_bond_strength_ev: 2.6777875668999584
    avg_EngelZ_e/a: 5.782214903252367
    Temperature: 25.0
    "
Al0.267 Co1 Cr0.667 Fe0.667 Ni0.667 Ti0.2,1.53651384083045,1.7934457900807383,7.672722029988466,4.272223183391004,162.18627450980395,205.05190311418687,78.67156862745098,1782.617993079585,-22.46382549066032,16.324365628604383,2.9885928489042675,4.775965974625144e-21,2.2545389273356404,5.615224913494811,0.5800000000000001,0.3699999999999999,7.0,1.4599999999999995,104.0,209.0,89.0,1197.0,14.622878590000001,95.0,1.54,3.63e-21,1.0790000000000002,3.4000000000000004,0.03248055555555556,0.019980555555555543,6.555555555555556,0.19638055555555547,1546.6666666666667,4699.13888888889,806.888888888889,140473.5555555556,21.630502515735937,1110.398888888889,0.25756666666666667,2.274080555555556e-42,0.1041948055555556,1.5022222222222226,25.0,515.0,"
    Formula: Al0.267 Co1 Cr0.667 Fe0.667 Ni0.667 Ti0.2
    avg_Atomic_Radius: 1.53651384083045
    avg_Pauling_Electronegativity: 1.7934457900807383
    avg_number_of_valence_electrons: 7.672722029988466
    avg_Cohesive_energy_ev_atom: 4.272223183391004
    avg_Bulk_modulus_RT_Gpa: 162.18627450980395
    avg_Elastic_modulus_RT_Gpa: 205.05190311418687
    avg_Melting_point_(K): 1782.617993079585
    avg_lattice_constant_A: 2.9885928489042675
    avg_BEC_percm3: 4.775965974625144e-21
    avg_Av.Valence_bond_strength_ev: 2.2545389273356404
    avg_EngelZ_e/a: 5.615224913494811
    Temperature: 25.0
    "
Al1 Nb1 Ti1 Zr1,1.745,1.52,4.0,5.515000000000001,111.75,89.75,35.25,1933.15,-11.183925065,79.9,3.3825000000000003,2.13e-21,3.1050000000000004,4.0,0.8800000000000001,0.28,2.0,4.18,94.0,48.0,18.0,1808.0,13.686711702,80.4,1.0999999999999996,1.0300000000000001e-21,1.4779999999999998,2.0,0.11847500000000002,0.012750000000000001,0.5,2.430275,1276.1875,446.1875,43.6875,422432.00000000006,28.349371587303015,1212.0300000000002,0.1656687499999999,1.6675000000000004e-43,0.2905489999999999,0.5,25.0,422.0,"
    Formula: Al1 Nb1 Ti1 Zr1
    avg_Atomic_Radius: 1.745
    avg_Pauling_Electronegativity: 1.52
    avg_number_of_valence_electrons: 4.0
    avg_Cohesive_energy_ev_atom: 5.515000000000001
    avg_Bulk_modulus_RT_Gpa: 111.75
    avg_Elastic_modulus_RT_Gpa: 89.75
    avg_Melting_point_(K): 1933.15
    avg_lattice_constant_A: 3.3825000000000003
    avg_BEC_percm3: 2.13e-21
    avg_Av.Valence_bond_strength_ev: 3.1050000000000004
    avg_EngelZ_e/a: 4.0
    Temperature: 25.0
    "
Al1 Nb1 Ti1 Zr1,1.745,1.52,4.0,5.515000000000001,111.75,89.75,35.25,1933.15,-11.183925065,79.9,3.3825000000000003,2.13e-21,3.1050000000000004,4.0,0.8800000000000001,0.28,2.0,4.18,94.0,48.0,18.0,1808.0,13.686711702,80.4,1.0999999999999996,1.0300000000000001e-21,1.4779999999999998,2.0,0.11847500000000002,0.012750000000000001,0.5,2.430275,1276.1875,446.1875,43.6875,422432.00000000006,28.349371587303015,1212.0300000000002,0.1656687499999999,1.6675000000000004e-43,0.2905489999999999,0.5,25.0,418.0,"
    Formula: Al1 Nb1 Ti1 Zr1
    avg_Atomic_Radius: 1.745
    avg_Pauling_Electronegativity: 1.52
    avg_number_of_valence_electrons: 4.0
    avg_Cohesive_energy_ev_atom: 5.515000000000001
    avg_Bulk_modulus_RT_Gpa: 111.75
    avg_Elastic_modulus_RT_Gpa: 89.75
    avg_Melting_point_(K): 1933.15
    avg_lattice_constant_A: 3.3825000000000003
    avg_BEC_percm3: 2.13e-21
    avg_Av.Valence_bond_strength_ev: 3.1050000000000004
    avg_EngelZ_e/a: 4.0
    Temperature: 25.0
    "
Al1 Nb1 Ti1 Zr1,1.745,1.52,4.0,5.515000000000001,111.75,89.75,35.25,1933.15,-11.183925065,79.9,3.3825000000000003,2.13e-21,3.1050000000000004,4.0,0.8800000000000001,0.28,2.0,4.18,94.0,48.0,18.0,1808.0,13.686711702,80.4,1.0999999999999996,1.0300000000000001e-21,1.4779999999999998,2.0,0.11847500000000002,0.012750000000000001,0.5,2.430275,1276.1875,446.1875,43.6875,422432.00000000006,28.349371587303015,1212.0300000000002,0.1656687499999999,1.6675000000000004e-43,0.2905489999999999,0.5,25.0,539.6,"
    Formula: Al1 Nb1 Ti1 Zr1
    avg_Atomic_Radius: 1.745
    avg_Pauling_Electronegativity: 1.52
    avg_number_of_valence_electrons: 4.0
    avg_Cohesive_energy_ev_atom: 5.515000000000001
    avg_Bulk_modulus_RT_Gpa: 111.75
    avg_Elastic_modulus_RT_Gpa: 89.75
    avg_Melting_point_(K): 1933.15
    avg_lattice_constant_A: 3.3825000000000003
    avg_BEC_percm3: 2.13e-21
    avg_Av.Valence_bond_strength_ev: 3.1050000000000004
    avg_EngelZ_e/a: 4.0
    Temperature: 25.0
    "
Nb1 Ti1 V1 Zr1,1.8775,1.525,4.5,5.995,132.75,104.25,40.5,2240.65,-8.84475274,100.0,3.125,2.5800000000000004e-21,3.17875,4.5,0.3500000000000001,0.2999999999999998,1.0,2.7200000000000006,79.0,60.0,14.0,808.0,5.317475142,0.0,0.34999999999999964,1.8900000000000004e-21,1.1829999999999998,1.0,0.021418750000000007,0.013724999999999992,0.25,1.0814750000000006,1097.6875,504.1875,29.25,91100.75,4.610732952912336,0.0,0.020824999999999965,4.8625000000000016e-43,0.21674368749999992,0.25,25.0,335.0,"
    Formula: Nb1 Ti1 V1 Zr1
    avg_Atomic_Radius: 1.8775
    avg_Pauling_Electronegativity: 1.525
    avg_number_of_valence_electrons: 4.5
    avg_Cohesive_energy_ev_atom: 5.995
    avg_Bulk_modulus_RT_Gpa: 132.75
    avg_Elastic_modulus_RT_Gpa: 104.25
    avg_Melting_point_(K): 2240.65
    avg_lattice_constant_A: 3.125
    avg_BEC_percm3: 2.5800000000000004e-21
    avg_Av.Valence_bond_strength_ev: 3.17875
    avg_EngelZ_e/a: 4.5
    Temperature: 25.0
    "
Cr1 Nb1 Ti1 Zr1,1.8649999999999998,1.5325,4.75,5.6925,132.75,142.0,57.5,2232.4,-12.7473355725,81.25,3.09,2.9375000000000005e-21,3.0700000000000003,4.75,0.40000000000000013,0.32999999999999985,2.0,3.4700000000000006,79.0,211.0,82.0,808.0,19.940353732000002,75.0,0.41999999999999993,3.3200000000000006e-21,1.6179999999999999,2.0,0.02607500000000001,0.01546874999999999,0.6875,1.7704187500000006,1097.6875,6572.5,1117.25,92583.6875,62.51935824043956,1054.6875,0.031849999999999976,1.6061187500000006e-42,0.3369939999999999,0.6875,25.0,418.0,"
    Formula: Cr1 Nb1 Ti1 Zr1
    avg_Atomic_Radius: 1.8649999999999998
    avg_Pauling_Electronegativity: 1.5325
    avg_number_of_valence_electrons: 4.75
    avg_Cohesive_energy_ev_atom: 5.6925
    avg_Bulk_modulus_RT_Gpa: 132.75
    avg_Elastic_modulus_RT_Gpa: 142.0
    avg_Melting_point_(K): 2232.4
    avg_lattice_constant_A: 3.09
    avg_BEC_percm3: 2.9375000000000005e-21
    avg_Av.Valence_bond_strength_ev: 3.0700000000000003
    avg_EngelZ_e/a: 4.75
    Temperature: 25.0
    "
Al1 Cr1 Fe1 Mo0.5 Ni1,1.52,1.7977777777777777,6.666666666666667,4.359999999999999,155.77777777777777,205.44444444444446,68.66666666666667,1787.2611111111112,-20.822559359555555,24.155555555555555,3.3099999999999996,4.237777777777778e-21,2.497444444444444,5.28888888888889,0.72,0.55,7.0,3.43,154.0,259.0,95.0,1957.0,23.042646454,95.0,1.1799999999999997,3.63e-21,2.58,3.4000000000000004,0.05497599999999999,0.03850400000000001,5.4399999999999995,1.3540640000000002,2480.96,7663.76,1289.76,401359.04000000004,68.41988266278452,1215.9664,0.19890399999999997,1.7040960000000008e-42,0.8040533599999999,1.4944000000000002,25.0,623.7,"
    Formula: Al1 Cr1 Fe1 Mo0.5 Ni1
    avg_Atomic_Radius: 1.52
    avg_Pauling_Electronegativity: 1.7977777777777777
    avg_number_of_valence_electrons: 6.666666666666667
    avg_Cohesive_energy_ev_atom: 4.359999999999999
    avg_Bulk_modulus_RT_Gpa: 155.77777777777777
    avg_Elastic_modulus_RT_Gpa: 205.44444444444446
    avg_Melting_point_(K): 1787.2611111111112
    avg_lattice_constant_A: 3.3099999999999996
    avg_BEC_percm3: 4.237777777777778e-21
    avg_Av.Valence_bond_strength_ev: 2.497444444444444
    avg_EngelZ_e/a: 5.28888888888889
    Temperature: 25.0
    "
Al1 Cr1 Fe1 Mo0.5 Ni1 Ti0.25,1.5326315789473683,1.7842105263157892,6.526315789473684,4.38578947368421,153.36842105263156,200.73684210526315,67.36842105263158,1794.9394736842105,-20.326508890105263,28.147368421052633,3.291052631578947,4.132631578947369e-21,2.5202105263157897,5.221052631578947,0.72,0.6200000000000001,7.0,3.43,154.0,259.0,95.0,1957.0,23.042646454,95.0,1.1799999999999997,3.63e-21,2.58,3.4000000000000004,0.05148055555555555,0.044091666666666675,5.472222222222222,1.1366555555555558,2460.5555555555557,7825.805555555555,1129.25,334641.88888888893,65.12448971926023,1660.4480555555558,0.18218888888888882,1.9525472222222228e-42,0.6779912222222223,1.5022222222222226,25.0,712.0,"
    Formula: Al1 Cr1 Fe1 Mo0.5 Ni1 Ti0.25
    avg_Atomic_Radius: 1.5326315789473683
    avg_Pauling_Electronegativity: 1.7842105263157892
    avg_number_of_valence_electrons: 6.526315789473684
    avg_Cohesive_energy_ev_atom: 4.38578947368421
    avg_Bulk_modulus_RT_Gpa: 153.36842105263156
    avg_Elastic_modulus_RT_Gpa: 200.73684210526315
    avg_Melting_point_(K): 1794.9394736842105
    avg_lattice_constant_A: 3.291052631578947
    avg_BEC_percm3: 4.132631578947369e-21
    avg_Av.Valence_bond_strength_ev: 2.5202105263157897
    avg_EngelZ_e/a: 5.221052631578947
    Temperature: 25.0
    "
Al1 Cr1 Fe1 Mo0.5 Ni1 Ti0.4,1.5395918367346937,1.776734693877551,6.448979591836735,4.3999999999999995,152.0408163265306,198.1428571428571,66.65306122448978,1799.1704081632654,-20.053174957959182,30.346938775510203,3.2806122448979584,4.07469387755102e-21,2.5327551020408157,5.183673469387754,0.72,0.6200000000000001,7.0,3.43,154.0,259.0,95.0,1957.0,23.042646454,95.0,1.1799999999999997,3.63e-21,2.58,3.4000000000000004,0.05148055555555555,0.044091666666666675,5.472222222222222,1.1366555555555558,2460.5555555555557,7825.805555555555,1129.25,334641.88888888893,65.12448971926023,1660.4480555555558,0.18218888888888882,1.9525472222222228e-42,0.6779912222222223,1.5022222222222226,25.0,731.9,"
    Formula: Al1 Cr1 Fe1 Mo0.5 Ni1 Ti0.4
    avg_Atomic_Radius: 1.5395918367346937
    avg_Pauling_Electronegativity: 1.776734693877551
    avg_number_of_valence_electrons: 6.448979591836735
    avg_Cohesive_energy_ev_atom: 4.3999999999999995
    avg_Bulk_modulus_RT_Gpa: 152.0408163265306
    avg_Elastic_modulus_RT_Gpa: 198.1428571428571
    avg_Melting_point_(K): 1799.1704081632654
    avg_lattice_constant_A: 3.2806122448979584
    avg_BEC_percm3: 4.07469387755102e-21
    avg_Av.Valence_bond_strength_ev: 2.5327551020408157
    avg_EngelZ_e/a: 5.183673469387754
    Temperature: 25.0
    "
Al1 Cr1 Fe1 Mo0.5 Ni1 Ti0.5,1.544,1.7720000000000002,6.4,4.409000000000001,151.2,196.5,66.2,1801.8500000000004,-19.8800634676,31.740000000000002,3.2740000000000005,4.0380000000000005e-21,2.5407,5.160000000000001,0.72,0.6200000000000001,7.0,3.43,154.0,259.0,95.0,1957.0,23.042646454,95.0,1.1799999999999997,3.63e-21,2.58,3.4000000000000004,0.05148055555555555,0.044091666666666675,5.472222222222222,1.1366555555555558,2460.5555555555557,7825.805555555555,1129.25,334641.88888888893,65.12448971926023,1660.4480555555558,0.18218888888888882,1.9525472222222228e-42,0.6779912222222223,1.5022222222222226,25.0,751.7,"
    Formula: Al1 Cr1 Fe1 Mo0.5 Ni1 Ti0.5
    avg_Atomic_Radius: 1.544
    avg_Pauling_Electronegativity: 1.7720000000000002
    avg_number_of_valence_electrons: 6.4
    avg_Cohesive_energy_ev_atom: 4.409000000000001
    avg_Bulk_modulus_RT_Gpa: 151.2
    avg_Elastic_modulus_RT_Gpa: 196.5
    avg_Melting_point_(K): 1801.8500000000004
    avg_lattice_constant_A: 3.2740000000000005
    avg_BEC_percm3: 4.0380000000000005e-21
    avg_Av.Valence_bond_strength_ev: 2.5407
    avg_EngelZ_e/a: 5.160000000000001
    Temperature: 25.0
    "
Al1 Cr1 Fe1 Mo0.5 Ni1 Ti0.6,1.5482352941176472,1.767450980392157,6.352941176470589,4.41764705882353,150.3921568627451,194.921568627451,65.76470588235296,1804.4245098039219,-19.71374066313726,33.07843137254902,3.26764705882353,4.002745098039217e-21,2.5483333333333333,5.137254901960786,0.72,0.6200000000000001,7.0,3.43,154.0,259.0,95.0,1957.0,23.042646454,95.0,1.1799999999999997,3.63e-21,2.58,3.4000000000000004,0.05148055555555555,0.044091666666666675,5.472222222222222,1.1366555555555558,2460.5555555555557,7825.805555555555,1129.25,334641.88888888893,65.12448971926023,1660.4480555555558,0.18218888888888882,1.9525472222222228e-42,0.6779912222222223,1.5022222222222226,25.0,756.1,"
    Formula: Al1 Cr1 Fe1 Mo0.5 Ni1 Ti0.6
    avg_Atomic_Radius: 1.5482352941176472
    avg_Pauling_Electronegativity: 1.767450980392157
    avg_number_of_valence_electrons: 6.352941176470589
    avg_Cohesive_energy_ev_atom: 4.41764705882353
    avg_Bulk_modulus_RT_Gpa: 150.3921568627451
    avg_Elastic_modulus_RT_Gpa: 194.921568627451
    avg_Melting_point_(K): 1804.4245098039219
    avg_lattice_constant_A: 3.26764705882353
    avg_BEC_percm3: 4.002745098039217e-21
    avg_Av.Valence_bond_strength_ev: 2.5483333333333333
    avg_EngelZ_e/a: 5.137254901960786
    Temperature: 25.0
    "
Al1 Cr1 Fe1 Mo0.5 Ni1 Ti0.75,1.554285714285714,1.7609523809523808,6.285714285714285,4.43,149.23809523809524,192.66666666666669,65.14285714285714,1808.1023809523808,-19.476136656761906,34.99047619047619,3.2585714285714285,3.952380952380952e-21,2.5592380952380953,5.104761904761904,0.72,0.6200000000000001,7.0,3.43,154.0,259.0,95.0,1957.0,23.042646454,95.0,1.1799999999999997,3.63e-21,2.58,3.4000000000000004,0.05148055555555555,0.044091666666666675,5.472222222222222,1.1366555555555558,2460.5555555555557,7825.805555555555,1129.25,334641.88888888893,65.12448971926023,1660.4480555555558,0.18218888888888882,1.9525472222222228e-42,0.6779912222222223,1.5022222222222226,25.0,766.2,"
    Formula: Al1 Cr1 Fe1 Mo0.5 Ni1 Ti0.75
    avg_Atomic_Radius: 1.554285714285714
    avg_Pauling_Electronegativity: 1.7609523809523808
    avg_number_of_valence_electrons: 6.285714285714285
    avg_Cohesive_energy_ev_atom: 4.43
    avg_Bulk_modulus_RT_Gpa: 149.23809523809524
    avg_Elastic_modulus_RT_Gpa: 192.66666666666669
    avg_Melting_point_(K): 1808.1023809523808
    avg_lattice_constant_A: 3.2585714285714285
    avg_BEC_percm3: 3.952380952380952e-21
    avg_Av.Valence_bond_strength_ev: 2.5592380952380953
    avg_EngelZ_e/a: 5.104761904761904
    Temperature: 25.0
    "
Al1 Mo1 Nb1 Ti1,1.705,1.7275000000000003,4.5,5.657500000000001,146.5,155.0,32.0,2124.4,-10.055598828499999,79.9,3.3625,2.6600000000000002e-21,3.45675,4.5,0.8,0.6200000000000001,3.0,4.18,154.0,259.0,24.0,1957.0,16.789004423999998,80.4,1.0999999999999996,2.03e-21,1.9369999999999998,3.0,0.098075,0.06306875,1.25,2.70066875,3456.75,10380.5,90.0,605601.6875,40.502070016400324,1212.0300000000002,0.17296874999999992,5.7484999999999985e-43,0.6047496874999999,1.25,25.0,509.0,"
    Formula: Al1 Mo1 Nb1 Ti1
    avg_Atomic_Radius: 1.705
    avg_Pauling_Electronegativity: 1.7275000000000003
    avg_number_of_valence_electrons: 4.5
    avg_Cohesive_energy_ev_atom: 5.657500000000001
    avg_Bulk_modulus_RT_Gpa: 146.5
    avg_Elastic_modulus_RT_Gpa: 155.0
    avg_Melting_point_(K): 2124.4
    avg_lattice_constant_A: 3.3625
    avg_BEC_percm3: 2.6600000000000002e-21
    avg_Av.Valence_bond_strength_ev: 3.45675
    avg_EngelZ_e/a: 4.5
    Temperature: 25.0
    "
Al1 Nb1 Ta1 Ti1,1.73,1.5625,4.25,5.977500000000001,139.0,119.25,44.25,2219.15,-11.485081393499998,79.9,3.4025,2.3750000000000002e-21,3.50525,4.25,0.8200000000000001,0.1100000000000001,2.0,4.709999999999999,124.0,116.0,43.0,2336.0,13.686711702,80.4,1.0999999999999996,9.4e-22,2.131,2.0,0.10970000000000002,0.0020187500000000036,0.6875,3.7518687499999994,2373.0,1773.6875,246.1875,777644.0,26.397244313128983,1212.0300000000002,0.1607687499999999,1.4592499999999998e-43,0.7063086874999998,0.6875,25.0,458.0,"
    Formula: Al1 Nb1 Ta1 Ti1
    avg_Atomic_Radius: 1.73
    avg_Pauling_Electronegativity: 1.5625
    avg_number_of_valence_electrons: 4.25
    avg_Cohesive_energy_ev_atom: 5.977500000000001
    avg_Bulk_modulus_RT_Gpa: 139.0
    avg_Elastic_modulus_RT_Gpa: 119.25
    avg_Melting_point_(K): 2219.15
    avg_lattice_constant_A: 3.4025
    avg_BEC_percm3: 2.3750000000000002e-21
    avg_Av.Valence_bond_strength_ev: 3.50525
    avg_EngelZ_e/a: 4.25
    Temperature: 25.0
    "
Cr1 Mo1 Ta1 Ti1,1.8299999999999998,1.715,5.25,5.967499999999999,175.0,227.5,62.0,2555.65,-12.2729187205,81.25,3.0725,3.4550000000000005e-21,3.585,5.25,0.3400000000000001,0.6600000000000001,2.0,4.0,120.0,213.0,95.0,1336.0,23.042646454,75.0,0.43000000000000016,2.8000000000000004e-21,2.271,2.0,0.016900000000000002,0.06947500000000004,0.6875,2.50266875,2025.0,6777.25,1236.5,297382.25,72.23906680280153,1054.6875,0.028618750000000002,1.1766750000000005e-42,0.9354254999999999,0.6875,25.0,555.0,"
    Formula: Cr1 Mo1 Ta1 Ti1
    avg_Atomic_Radius: 1.8299999999999998
    avg_Pauling_Electronegativity: 1.715
    avg_number_of_valence_electrons: 5.25
    avg_Cohesive_energy_ev_atom: 5.967499999999999
    avg_Bulk_modulus_RT_Gpa: 175.0
    avg_Elastic_modulus_RT_Gpa: 227.5
    avg_Melting_point_(K): 2555.65
    avg_lattice_constant_A: 3.0725
    avg_BEC_percm3: 3.4550000000000005e-21
    avg_Av.Valence_bond_strength_ev: 3.585
    avg_EngelZ_e/a: 5.25
    Temperature: 25.0
    "
Cr1 Mo1 Ta1 Ti1,1.8299999999999998,1.715,5.25,5.967499999999999,175.0,227.5,62.0,2555.65,-12.2729187205,81.25,3.0725,3.4550000000000005e-21,3.585,5.25,0.3400000000000001,0.6600000000000001,2.0,4.0,120.0,213.0,95.0,1336.0,23.042646454,75.0,0.43000000000000016,2.8000000000000004e-21,2.271,2.0,0.016900000000000002,0.06947500000000004,0.6875,2.50266875,2025.0,6777.25,1236.5,297382.25,72.23906680280153,1054.6875,0.028618750000000002,1.1766750000000005e-42,0.9354254999999999,0.6875,25.0,539.0,"
    Formula: Cr1 Mo1 Ta1 Ti1
    avg_Atomic_Radius: 1.8299999999999998
    avg_Pauling_Electronegativity: 1.715
    avg_number_of_valence_electrons: 5.25
    avg_Cohesive_energy_ev_atom: 5.967499999999999
    avg_Bulk_modulus_RT_Gpa: 175.0
    avg_Elastic_modulus_RT_Gpa: 227.5
    avg_Melting_point_(K): 2555.65
    avg_lattice_constant_A: 3.0725
    avg_BEC_percm3: 3.4550000000000005e-21
    avg_Av.Valence_bond_strength_ev: 3.585
    avg_EngelZ_e/a: 5.25
    Temperature: 25.0
    "
Cr1 Nb1 Ta1 Ti1,1.8499999999999999,1.575,5.0,6.154999999999999,160.0,171.5,66.5,2518.4,-13.048491901,81.25,3.1100000000000003,3.1825e-21,3.47025,5.0,0.3400000000000001,0.15999999999999992,2.0,4.0,90.0,174.0,77.0,1336.0,19.940353732000002,75.0,0.43000000000000016,2.8000000000000004e-21,2.271,2.0,0.020900000000000002,0.003674999999999997,0.5,2.9278250000000003,1050.0,4817.25,919.25,276624.6875,59.625569029511475,1054.6875,0.03864999999999998,1.1896187500000003e-42,0.7807711875000001,0.5,25.0,495.0,"
    Formula: Cr1 Nb1 Ta1 Ti1
    avg_Atomic_Radius: 1.8499999999999999
    avg_Pauling_Electronegativity: 1.575
    avg_number_of_valence_electrons: 5.0
    avg_Cohesive_energy_ev_atom: 6.154999999999999
    avg_Bulk_modulus_RT_Gpa: 160.0
    avg_Elastic_modulus_RT_Gpa: 171.5
    avg_Melting_point_(K): 2518.4
    avg_lattice_constant_A: 3.1100000000000003
    avg_BEC_percm3: 3.1825e-21
    avg_Av.Valence_bond_strength_ev: 3.47025
    avg_EngelZ_e/a: 5.0
    Temperature: 25.0
    "
Cr1 Nb1 Ti1 W1,1.8324999999999998,1.79,5.25,6.355,187.5,227.75,89.5,2621.9,-15.195397439499999,81.25,3.0725,3.4550000000000005e-21,3.5997500000000002,5.25,0.32000000000000006,0.8199999999999998,2.0,4.800000000000001,200.0,306.0,123.0,1750.0,19.940353732000002,75.0,0.41999999999999993,2.8000000000000004e-21,2.7889999999999997,2.0,0.01656875,0.11009999999999995,0.6875,3.8258250000000014,5518.75,15940.6875,2621.25,464166.6875,54.76338292876056,1054.6875,0.027868749999999984,1.1494250000000006e-42,1.1301621874999999,0.6875,25.0,630.0,"
    Formula: Cr1 Nb1 Ti1 W1
    avg_Atomic_Radius: 1.8324999999999998
    avg_Pauling_Electronegativity: 1.79
    avg_number_of_valence_electrons: 5.25
    avg_Cohesive_energy_ev_atom: 6.355
    avg_Bulk_modulus_RT_Gpa: 187.5
    avg_Elastic_modulus_RT_Gpa: 227.75
    avg_Melting_point_(K): 2621.9
    avg_lattice_constant_A: 3.0725
    avg_BEC_percm3: 3.4550000000000005e-21
    avg_Av.Valence_bond_strength_ev: 3.5997500000000002
    avg_EngelZ_e/a: 5.25
    Temperature: 25.0
    "
Cr1 Nb1 Ti1 W1,1.8324999999999998,1.79,5.25,6.355,187.5,227.75,89.5,2621.9,-15.195397439499999,81.25,3.0725,3.4550000000000005e-21,3.5997500000000002,5.25,0.32000000000000006,0.8199999999999998,2.0,4.800000000000001,200.0,306.0,123.0,1750.0,19.940353732000002,75.0,0.41999999999999993,2.8000000000000004e-21,2.7889999999999997,2.0,0.01656875,0.11009999999999995,0.6875,3.8258250000000014,5518.75,15940.6875,2621.25,464166.6875,54.76338292876056,1054.6875,0.027868749999999984,1.1494250000000006e-42,1.1301621874999999,0.6875,25.0,630.0,"
    Formula: Cr1 Nb1 Ti1 W1
    avg_Atomic_Radius: 1.8324999999999998
    avg_Pauling_Electronegativity: 1.79
    avg_number_of_valence_electrons: 5.25
    avg_Cohesive_energy_ev_atom: 6.355
    avg_Bulk_modulus_RT_Gpa: 187.5
    avg_Elastic_modulus_RT_Gpa: 227.75
    avg_Melting_point_(K): 2621.9
    avg_lattice_constant_A: 3.0725
    avg_BEC_percm3: 3.4550000000000005e-21
    avg_Av.Valence_bond_strength_ev: 3.5997500000000002
    avg_EngelZ_e/a: 5.25
    Temperature: 25.0
    "
Hf1 Nb1 Ta1 Ti1,1.955,1.485,4.5,6.74,147.5,121.25,45.25,2610.9,-7.90414797325,100.0,3.1900000000000004,2.3750000000000002e-21,3.8255,4.5,0.32000000000000006,0.30000000000000004,1.0,3.25,90.0,108.0,39.0,1336.0,5.954497120999999,0.0,0.3599999999999999,9.4e-22,1.6949999999999998,1.0,0.014075000000000004,0.012675000000000002,0.25,1.55015,1518.75,1588.6875,212.6875,230467.1875,5.5536659346017565,0.0,0.02104999999999997,1.4592499999999998e-43,0.36628324999999995,0.25,25.0,280.0,"
    Formula: Hf1 Nb1 Ta1 Ti1
    avg_Atomic_Radius: 1.955
    avg_Pauling_Electronegativity: 1.485
    avg_number_of_valence_electrons: 4.5
    avg_Cohesive_energy_ev_atom: 6.74
    avg_Bulk_modulus_RT_Gpa: 147.5
    avg_Elastic_modulus_RT_Gpa: 121.25
    avg_Melting_point_(K): 2610.9
    avg_lattice_constant_A: 3.1900000000000004
    avg_BEC_percm3: 2.3750000000000002e-21
    avg_Av.Valence_bond_strength_ev: 3.8255
    avg_EngelZ_e/a: 4.5
    Temperature: 25.0
    "
Hf1 Nb1 Ta1 Ti1,1.955,1.485,4.5,6.74,147.5,121.25,45.25,2610.9,-7.90414797325,100.0,3.1900000000000004,2.3750000000000002e-21,3.8255,4.5,0.32000000000000006,0.30000000000000004,1.0,3.25,90.0,108.0,39.0,1336.0,5.954497120999999,0.0,0.3599999999999999,9.4e-22,1.6949999999999998,1.0,0.014075000000000004,0.012675000000000002,0.25,1.55015,1518.75,1588.6875,212.6875,230467.1875,5.5536659346017565,0.0,0.02104999999999997,1.4592499999999998e-43,0.36628324999999995,0.25,25.0,270.0,"
    Formula: Hf1 Nb1 Ta1 Ti1
    avg_Atomic_Radius: 1.955
    avg_Pauling_Electronegativity: 1.485
    avg_number_of_valence_electrons: 4.5
    avg_Cohesive_energy_ev_atom: 6.74
    avg_Bulk_modulus_RT_Gpa: 147.5
    avg_Elastic_modulus_RT_Gpa: 121.25
    avg_Melting_point_(K): 2610.9
    avg_lattice_constant_A: 3.1900000000000004
    avg_BEC_percm3: 2.3750000000000002e-21
    avg_Av.Valence_bond_strength_ev: 3.8255
    avg_EngelZ_e/a: 4.5
    Temperature: 25.0
    "
Mo1 Nb1 Ta1 Ti1 W1,1.9140000000000001,1.832,5.2,7.248,204.0,229.39999999999998,66.4,2903.3500000000004,-9.286941228,100.0,3.174,3.0640000000000006e-21,4.2202,5.2,0.24,0.8599999999999999,2.0,4.050000000000001,200.0,306.0,141.0,1750.0,14.305552413999997,0.0,0.3599999999999999,1.5999999999999997e-21,2.2129999999999996,2.0,0.0071839999999999985,0.12713599999999997,0.5599999999999999,1.8984560000000006,4384.0,14623.439999999999,2483.4399999999996,341933.76,23.767201486167977,0.0,0.017063999999999975,4.0786400000000005e-43,0.5572157599999998,0.5599999999999999,25.0,482.0,"
    Formula: Mo1 Nb1 Ta1 Ti1 W1
    avg_Atomic_Radius: 1.9140000000000001
    avg_Pauling_Electronegativity: 1.832
    avg_number_of_valence_electrons: 5.2
    avg_Cohesive_energy_ev_atom: 7.248
    avg_Bulk_modulus_RT_Gpa: 204.0
    avg_Elastic_modulus_RT_Gpa: 229.39999999999998
    avg_Melting_point_(K): 2903.3500000000004
    avg_lattice_constant_A: 3.174
    avg_BEC_percm3: 3.0640000000000006e-21
    avg_Av.Valence_bond_strength_ev: 4.2202
    avg_EngelZ_e/a: 5.2
    Temperature: 25.0
    "
Mo1 Nb1 Ta1 Ti1 W1,1.9140000000000001,1.832,5.2,7.248,204.0,229.39999999999998,66.4,2903.3500000000004,-9.286941228,100.0,3.174,3.0640000000000006e-21,4.2202,5.2,0.24,0.8599999999999999,2.0,4.050000000000001,200.0,306.0,141.0,1750.0,14.305552413999997,0.0,0.3599999999999999,1.5999999999999997e-21,2.2129999999999996,2.0,0.0071839999999999985,0.12713599999999997,0.5599999999999999,1.8984560000000006,4384.0,14623.439999999999,2483.4399999999996,341933.76,23.767201486167977,0.0,0.017063999999999975,4.0786400000000005e-43,0.5572157599999998,0.5599999999999999,25.0,446.0,"
    Formula: Mo1 Nb1 Ta1 Ti1 W1
    avg_Atomic_Radius: 1.9140000000000001
    avg_Pauling_Electronegativity: 1.832
    avg_number_of_valence_electrons: 5.2
    avg_Cohesive_energy_ev_atom: 7.248
    avg_Bulk_modulus_RT_Gpa: 204.0
    avg_Elastic_modulus_RT_Gpa: 229.39999999999998
    avg_Melting_point_(K): 2903.3500000000004
    avg_lattice_constant_A: 3.174
    avg_BEC_percm3: 3.0640000000000006e-21
    avg_Av.Valence_bond_strength_ev: 4.2202
    avg_EngelZ_e/a: 5.2
    Temperature: 25.0
    "
Mo1 Nb1 Ta1 Ti1,1.91,1.7,5.0,6.835000000000001,177.5,184.0,42.75,2708.4,-7.2878302875,100.0,3.1775,2.8825e-21,3.9895,5.0,0.24,0.6600000000000001,2.0,3.25,120.0,224.0,49.0,1336.0,8.419767864,0.0,0.3599999999999999,1.5999999999999997e-21,1.6949999999999998,2.0,0.0089,0.07180000000000003,0.5,1.5202250000000004,1968.75,7973.5,307.6875,237389.6875,9.726779095576003,0.0,0.021268749999999975,3.451187499999999e-43,0.4304072499999999,0.5,25.0,407.0,"
    Formula: Mo1 Nb1 Ta1 Ti1
    avg_Atomic_Radius: 1.91
    avg_Pauling_Electronegativity: 1.7
    avg_number_of_valence_electrons: 5.0
    avg_Cohesive_energy_ev_atom: 6.835000000000001
    avg_Bulk_modulus_RT_Gpa: 177.5
    avg_Elastic_modulus_RT_Gpa: 184.0
    avg_Melting_point_(K): 2708.4
    avg_lattice_constant_A: 3.1775
    avg_BEC_percm3: 2.8825e-21
    avg_Av.Valence_bond_strength_ev: 3.9895
    avg_EngelZ_e/a: 5.0
    Temperature: 25.0
    "
Mo1 Nb1 Ta1 Ti1,1.91,1.7,5.0,6.835000000000001,177.5,184.0,42.75,2708.4,-7.2878302875,100.0,3.1775,2.8825e-21,3.9895,5.0,0.24,0.6600000000000001,2.0,3.25,120.0,224.0,49.0,1336.0,8.419767864,0.0,0.3599999999999999,1.5999999999999997e-21,1.6949999999999998,2.0,0.0089,0.07180000000000003,0.5,1.5202250000000004,1968.75,7973.5,307.6875,237389.6875,9.726779095576003,0.0,0.021268749999999975,3.451187499999999e-43,0.4304072499999999,0.5,25.0,431.0,"
    Formula: Mo1 Nb1 Ta1 Ti1
    avg_Atomic_Radius: 1.91
    avg_Pauling_Electronegativity: 1.7
    avg_number_of_valence_electrons: 5.0
    avg_Cohesive_energy_ev_atom: 6.835000000000001
    avg_Bulk_modulus_RT_Gpa: 177.5
    avg_Elastic_modulus_RT_Gpa: 184.0
    avg_Melting_point_(K): 2708.4
    avg_lattice_constant_A: 3.1775
    avg_BEC_percm3: 2.8825e-21
    avg_Av.Valence_bond_strength_ev: 3.9895
    avg_EngelZ_e/a: 5.0
    Temperature: 25.0
    "
